basis,sex,age,mort_rate,provenance
FIRST,M,50,0.002556766079,"[std] Gompertz-Makeham proxy q_base(x)=1-exp(-(0.0002+1.5e-5*1.10^x*(1.10-1)/ln1.10)); FIRST/M=1.250000*q_base, FIRST/F=0.795455*q_base so the 0.45/0.55 unisex blend reproduces q_base; SECOND=1.20*FIRST. DAV 2004 R and DAV 2004 R-Bestand are DAV property, are cited by name and are not shipped [R10] [R11] [REG-R47] [REG-R49]. Every series is capped at 1.0, which binds only on SECOND/M at ages 117-119"
FIRST,M,51,0.002787210873,"[std] Gompertz-Makeham proxy q_base(x)=1-exp(-(0.0002+1.5e-5*1.10^x*(1.10-1)/ln1.10)); FIRST/M=1.250000*q_base, FIRST/F=0.795455*q_base so the 0.45/0.55 unisex blend reproduces q_base; SECOND=1.20*FIRST. DAV 2004 R and DAV 2004 R-Bestand are DAV property, are cited by name and are not shipped [R10] [R11] [REG-R47] [REG-R49]. Every series is capped at 1.0, which binds only on SECOND/M at ages 117-119"
FIRST,M,52,0.003040650978,"[std] Gompertz-Makeham proxy q_base(x)=1-exp(-(0.0002+1.5e-5*1.10^x*(1.10-1)/ln1.10)); FIRST/M=1.250000*q_base, FIRST/F=0.795455*q_base so the 0.45/0.55 unisex blend reproduces q_base; SECOND=1.20*FIRST. DAV 2004 R and DAV 2004 R-Bestand are DAV property, are cited by name and are not shipped [R10] [R11] [REG-R47] [REG-R49]. Every series is capped at 1.0, which binds only on SECOND/M at ages 117-119"
FIRST,M,53,0.003319375611,"[std] Gompertz-Makeham proxy q_base(x)=1-exp(-(0.0002+1.5e-5*1.10^x*(1.10-1)/ln1.10)); FIRST/M=1.250000*q_base, FIRST/F=0.795455*q_base so the 0.45/0.55 unisex blend reproduces q_base; SECOND=1.20*FIRST. DAV 2004 R and DAV 2004 R-Bestand are DAV property, are cited by name and are not shipped [R10] [R11] [REG-R47] [REG-R49]. Every series is capped at 1.0, which binds only on SECOND/M at ages 117-119"
FIRST,M,54,0.003625900749,"[std] Gompertz-Makeham proxy q_base(x)=1-exp(-(0.0002+1.5e-5*1.10^x*(1.10-1)/ln1.10)); FIRST/M=1.250000*q_base, FIRST/F=0.795455*q_base so the 0.45/0.55 unisex blend reproduces q_base; SECOND=1.20*FIRST. DAV 2004 R and DAV 2004 R-Bestand are DAV property, are cited by name and are not shipped [R10] [R11] [REG-R47] [REG-R49]. Every series is capped at 1.0, which binds only on SECOND/M at ages 117-119"
FIRST,M,55,0.003962991354,"[std] Gompertz-Makeham proxy q_base(x)=1-exp(-(0.0002+1.5e-5*1.10^x*(1.10-1)/ln1.10)); FIRST/M=1.250000*q_base, FIRST/F=0.795455*q_base so the 0.45/0.55 unisex blend reproduces q_base; SECOND=1.20*FIRST. DAV 2004 R and DAV 2004 R-Bestand are DAV property, are cited by name and are not shipped [R10] [R11] [REG-R47] [REG-R49]. Every series is capped at 1.0, which binds only on SECOND/M at ages 117-119"
FIRST,M,56,0.004333685721,"[std] Gompertz-Makeham proxy q_base(x)=1-exp(-(0.0002+1.5e-5*1.10^x*(1.10-1)/ln1.10)); FIRST/M=1.250000*q_base, FIRST/F=0.795455*q_base so the 0.45/0.55 unisex blend reproduces q_base; SECOND=1.20*FIRST. DAV 2004 R and DAV 2004 R-Bestand are DAV property, are cited by name and are not shipped [R10] [R11] [REG-R47] [REG-R49]. Every series is capped at 1.0, which binds only on SECOND/M at ages 117-119"
FIRST,M,57,0.004741322151,"[std] Gompertz-Makeham proxy q_base(x)=1-exp(-(0.0002+1.5e-5*1.10^x*(1.10-1)/ln1.10)); FIRST/M=1.250000*q_base, FIRST/F=0.795455*q_base so the 0.45/0.55 unisex blend reproduces q_base; SECOND=1.20*FIRST. DAV 2004 R and DAV 2004 R-Bestand are DAV property, are cited by name and are not shipped [R10] [R11] [REG-R47] [REG-R49]. Every series is capped at 1.0, which binds only on SECOND/M at ages 117-119"
FIRST,M,58,0.005189568153,"[std] Gompertz-Makeham proxy q_base(x)=1-exp(-(0.0002+1.5e-5*1.10^x*(1.10-1)/ln1.10)); FIRST/M=1.250000*q_base, FIRST/F=0.795455*q_base so the 0.45/0.55 unisex blend reproduces q_base; SECOND=1.20*FIRST. DAV 2004 R and DAV 2004 R-Bestand are DAV property, are cited by name and are not shipped [R10] [R11] [REG-R47] [REG-R49]. Every series is capped at 1.0, which binds only on SECOND/M at ages 117-119"
FIRST,M,59,0.005682452396,"[std] Gompertz-Makeham proxy q_base(x)=1-exp(-(0.0002+1.5e-5*1.10^x*(1.10-1)/ln1.10)); FIRST/M=1.250000*q_base, FIRST/F=0.795455*q_base so the 0.45/0.55 unisex blend reproduces q_base; SECOND=1.20*FIRST. DAV 2004 R and DAV 2004 R-Bestand are DAV property, are cited by name and are not shipped [R10] [R11] [REG-R47] [REG-R49]. Every series is capped at 1.0, which binds only on SECOND/M at ages 117-119"
FIRST,M,60,0.006224399659,"[std] Gompertz-Makeham proxy q_base(x)=1-exp(-(0.0002+1.5e-5*1.10^x*(1.10-1)/ln1.10)); FIRST/M=1.250000*q_base, FIRST/F=0.795455*q_base so the 0.45/0.55 unisex blend reproduces q_base; SECOND=1.20*FIRST. DAV 2004 R and DAV 2004 R-Bestand are DAV property, are cited by name and are not shipped [R10] [R11] [REG-R47] [REG-R49]. Every series is capped at 1.0, which binds only on SECOND/M at ages 117-119"
FIRST,M,61,0.006820269028,"[std] Gompertz-Makeham proxy q_base(x)=1-exp(-(0.0002+1.5e-5*1.10^x*(1.10-1)/ln1.10)); FIRST/M=1.250000*q_base, FIRST/F=0.795455*q_base so the 0.45/0.55 unisex blend reproduces q_base; SECOND=1.20*FIRST. DAV 2004 R and DAV 2004 R-Bestand are DAV property, are cited by name and are not shipped [R10] [R11] [REG-R47] [REG-R49]. Every series is capped at 1.0, which binds only on SECOND/M at ages 117-119"
FIRST,M,62,0.007475395621,"[std] Gompertz-Makeham proxy q_base(x)=1-exp(-(0.0002+1.5e-5*1.10^x*(1.10-1)/ln1.10)); FIRST/M=1.250000*q_base, FIRST/F=0.795455*q_base so the 0.45/0.55 unisex blend reproduces q_base; SECOND=1.20*FIRST. DAV 2004 R and DAV 2004 R-Bestand are DAV property, are cited by name and are not shipped [R10] [R11] [REG-R47] [REG-R49]. Every series is capped at 1.0, which binds only on SECOND/M at ages 117-119"
FIRST,M,63,0.008195636133,"[std] Gompertz-Makeham proxy q_base(x)=1-exp(-(0.0002+1.5e-5*1.10^x*(1.10-1)/ln1.10)); FIRST/M=1.250000*q_base, FIRST/F=0.795455*q_base so the 0.45/0.55 unisex blend reproduces q_base; SECOND=1.20*FIRST. DAV 2004 R and DAV 2004 R-Bestand are DAV property, are cited by name and are not shipped [R10] [R11] [REG-R47] [REG-R49]. Every series is capped at 1.0, which binds only on SECOND/M at ages 117-119"
FIRST,M,64,0.008987418500,"[std] Gompertz-Makeham proxy q_base(x)=1-exp(-(0.0002+1.5e-5*1.10^x*(1.10-1)/ln1.10)); FIRST/M=1.250000*q_base, FIRST/F=0.795455*q_base so the 0.45/0.55 unisex blend reproduces q_base; SECOND=1.20*FIRST. DAV 2004 R and DAV 2004 R-Bestand are DAV property, are cited by name and are not shipped [R10] [R11] [REG-R47] [REG-R49]. Every series is capped at 1.0, which binds only on SECOND/M at ages 117-119"
FIRST,M,65,0.009857796019,"[std] Gompertz-Makeham proxy q_base(x)=1-exp(-(0.0002+1.5e-5*1.10^x*(1.10-1)/ln1.10)); FIRST/M=1.250000*q_base, FIRST/F=0.795455*q_base so the 0.45/0.55 unisex blend reproduces q_base; SECOND=1.20*FIRST. DAV 2004 R and DAV 2004 R-Bestand are DAV property, are cited by name and are not shipped [R10] [R11] [REG-R47] [REG-R49]. Every series is capped at 1.0, which binds only on SECOND/M at ages 117-119"
FIRST,M,66,0.010814506254,"[std] Gompertz-Makeham proxy q_base(x)=1-exp(-(0.0002+1.5e-5*1.10^x*(1.10-1)/ln1.10)); FIRST/M=1.250000*q_base, FIRST/F=0.795455*q_base so the 0.45/0.55 unisex blend reproduces q_base; SECOND=1.20*FIRST. DAV 2004 R and DAV 2004 R-Bestand are DAV property, are cited by name and are not shipped [R10] [R11] [REG-R47] [REG-R49]. Every series is capped at 1.0, which binds only on SECOND/M at ages 117-119"
FIRST,M,67,0.011866035081,"[std] Gompertz-Makeham proxy q_base(x)=1-exp(-(0.0002+1.5e-5*1.10^x*(1.10-1)/ln1.10)); FIRST/M=1.250000*q_base, FIRST/F=0.795455*q_base so the 0.45/0.55 unisex blend reproduces q_base; SECOND=1.20*FIRST. DAV 2004 R and DAV 2004 R-Bestand are DAV property, are cited by name and are not shipped [R10] [R11] [REG-R47] [REG-R49]. Every series is capped at 1.0, which binds only on SECOND/M at ages 117-119"
FIRST,M,68,0.013021686224,"[std] Gompertz-Makeham proxy q_base(x)=1-exp(-(0.0002+1.5e-5*1.10^x*(1.10-1)/ln1.10)); FIRST/M=1.250000*q_base, FIRST/F=0.795455*q_base so the 0.45/0.55 unisex blend reproduces q_base; SECOND=1.20*FIRST. DAV 2004 R and DAV 2004 R-Bestand are DAV property, are cited by name and are not shipped [R10] [R11] [REG-R47] [REG-R49]. Every series is capped at 1.0, which binds only on SECOND/M at ages 117-119"
FIRST,M,69,0.014291656664,"[std] Gompertz-Makeham proxy q_base(x)=1-exp(-(0.0002+1.5e-5*1.10^x*(1.10-1)/ln1.10)); FIRST/M=1.250000*q_base, FIRST/F=0.795455*q_base so the 0.45/0.55 unisex blend reproduces q_base; SECOND=1.20*FIRST. DAV 2004 R and DAV 2004 R-Bestand are DAV property, are cited by name and are not shipped [R10] [R11] [REG-R47] [REG-R49]. Every series is capped at 1.0, which binds only on SECOND/M at ages 117-119"
FIRST,M,70,0.015687118262,"[std] Gompertz-Makeham proxy q_base(x)=1-exp(-(0.0002+1.5e-5*1.10^x*(1.10-1)/ln1.10)); FIRST/M=1.250000*q_base, FIRST/F=0.795455*q_base so the 0.45/0.55 unisex blend reproduces q_base; SECOND=1.20*FIRST. DAV 2004 R and DAV 2004 R-Bestand are DAV property, are cited by name and are not shipped [R10] [R11] [REG-R47] [REG-R49]. Every series is capped at 1.0, which binds only on SECOND/M at ages 117-119"
FIRST,M,71,0.017220305960,"[std] Gompertz-Makeham proxy q_base(x)=1-exp(-(0.0002+1.5e-5*1.10^x*(1.10-1)/ln1.10)); FIRST/M=1.250000*q_base, FIRST/F=0.795455*q_base so the 0.45/0.55 unisex blend reproduces q_base; SECOND=1.20*FIRST. DAV 2004 R and DAV 2004 R-Bestand are DAV property, are cited by name and are not shipped [R10] [R11] [REG-R47] [REG-R49]. Every series is capped at 1.0, which binds only on SECOND/M at ages 117-119"
FIRST,M,72,0.018904612901,"[std] Gompertz-Makeham proxy q_base(x)=1-exp(-(0.0002+1.5e-5*1.10^x*(1.10-1)/ln1.10)); FIRST/M=1.250000*q_base, FIRST/F=0.795455*q_base so the 0.45/0.55 unisex blend reproduces q_base; SECOND=1.20*FIRST. DAV 2004 R and DAV 2004 R-Bestand are DAV property, are cited by name and are not shipped [R10] [R11] [REG-R47] [REG-R49]. Every series is capped at 1.0, which binds only on SECOND/M at ages 117-119"
FIRST,M,73,0.020754692755,"[std] Gompertz-Makeham proxy q_base(x)=1-exp(-(0.0002+1.5e-5*1.10^x*(1.10-1)/ln1.10)); FIRST/M=1.250000*q_base, FIRST/F=0.795455*q_base so the 0.45/0.55 unisex blend reproduces q_base; SECOND=1.20*FIRST. DAV 2004 R and DAV 2004 R-Bestand are DAV property, are cited by name and are not shipped [R10] [R11] [REG-R47] [REG-R49]. Every series is capped at 1.0, which binds only on SECOND/M at ages 117-119"
FIRST,M,74,0.022786569527,"[std] Gompertz-Makeham proxy q_base(x)=1-exp(-(0.0002+1.5e-5*1.10^x*(1.10-1)/ln1.10)); FIRST/M=1.250000*q_base, FIRST/F=0.795455*q_base so the 0.45/0.55 unisex blend reproduces q_base; SECOND=1.20*FIRST. DAV 2004 R and DAV 2004 R-Bestand are DAV property, are cited by name and are not shipped [R10] [R11] [REG-R47] [REG-R49]. Every series is capped at 1.0, which binds only on SECOND/M at ages 117-119"
FIRST,M,75,0.025017755026,"[std] Gompertz-Makeham proxy q_base(x)=1-exp(-(0.0002+1.5e-5*1.10^x*(1.10-1)/ln1.10)); FIRST/M=1.250000*q_base, FIRST/F=0.795455*q_base so the 0.45/0.55 unisex blend reproduces q_base; SECOND=1.20*FIRST. DAV 2004 R and DAV 2004 R-Bestand are DAV property, are cited by name and are not shipped [R10] [R11] [REG-R47] [REG-R49]. Every series is capped at 1.0, which binds only on SECOND/M at ages 117-119"
FIRST,M,76,0.027467374103,"[std] Gompertz-Makeham proxy q_base(x)=1-exp(-(0.0002+1.5e-5*1.10^x*(1.10-1)/ln1.10)); FIRST/M=1.250000*q_base, FIRST/F=0.795455*q_base so the 0.45/0.55 unisex blend reproduces q_base; SECOND=1.20*FIRST. DAV 2004 R and DAV 2004 R-Bestand are DAV property, are cited by name and are not shipped [R10] [R11] [REG-R47] [REG-R49]. Every series is capped at 1.0, which binds only on SECOND/M at ages 117-119"
FIRST,M,77,0.030156297643,"[std] Gompertz-Makeham proxy q_base(x)=1-exp(-(0.0002+1.5e-5*1.10^x*(1.10-1)/ln1.10)); FIRST/M=1.250000*q_base, FIRST/F=0.795455*q_base so the 0.45/0.55 unisex blend reproduces q_base; SECOND=1.20*FIRST. DAV 2004 R and DAV 2004 R-Bestand are DAV property, are cited by name and are not shipped [R10] [R11] [REG-R47] [REG-R49]. Every series is capped at 1.0, which binds only on SECOND/M at ages 117-119"
FIRST,M,78,0.033107283131,"[std] Gompertz-Makeham proxy q_base(x)=1-exp(-(0.0002+1.5e-5*1.10^x*(1.10-1)/ln1.10)); FIRST/M=1.250000*q_base, FIRST/F=0.795455*q_base so the 0.45/0.55 unisex blend reproduces q_base; SECOND=1.20*FIRST. DAV 2004 R and DAV 2004 R-Bestand are DAV property, are cited by name and are not shipped [R10] [R11] [REG-R47] [REG-R49]. Every series is capped at 1.0, which binds only on SECOND/M at ages 117-119"
FIRST,M,79,0.036345122428,"[std] Gompertz-Makeham proxy q_base(x)=1-exp(-(0.0002+1.5e-5*1.10^x*(1.10-1)/ln1.10)); FIRST/M=1.250000*q_base, FIRST/F=0.795455*q_base so the 0.45/0.55 unisex blend reproduces q_base; SECOND=1.20*FIRST. DAV 2004 R and DAV 2004 R-Bestand are DAV property, are cited by name and are not shipped [R10] [R11] [REG-R47] [REG-R49]. Every series is capped at 1.0, which binds only on SECOND/M at ages 117-119"
FIRST,M,80,0.039896796144,"[std] Gompertz-Makeham proxy q_base(x)=1-exp(-(0.0002+1.5e-5*1.10^x*(1.10-1)/ln1.10)); FIRST/M=1.250000*q_base, FIRST/F=0.795455*q_base so the 0.45/0.55 unisex blend reproduces q_base; SECOND=1.20*FIRST. DAV 2004 R and DAV 2004 R-Bestand are DAV property, are cited by name and are not shipped [R10] [R11] [REG-R47] [REG-R49]. Every series is capped at 1.0, which binds only on SECOND/M at ages 117-119"
FIRST,M,81,0.043791633659,"[std] Gompertz-Makeham proxy q_base(x)=1-exp(-(0.0002+1.5e-5*1.10^x*(1.10-1)/ln1.10)); FIRST/M=1.250000*q_base, FIRST/F=0.795455*q_base so the 0.45/0.55 unisex blend reproduces q_base; SECOND=1.20*FIRST. DAV 2004 R and DAV 2004 R-Bestand are DAV property, are cited by name and are not shipped [R10] [R11] [REG-R47] [REG-R49]. Every series is capped at 1.0, which binds only on SECOND/M at ages 117-119"
FIRST,M,82,0.048061477491,"[std] Gompertz-Makeham proxy q_base(x)=1-exp(-(0.0002+1.5e-5*1.10^x*(1.10-1)/ln1.10)); FIRST/M=1.250000*q_base, FIRST/F=0.795455*q_base so the 0.45/0.55 unisex blend reproduces q_base; SECOND=1.20*FIRST. DAV 2004 R and DAV 2004 R-Bestand are DAV property, are cited by name and are not shipped [R10] [R11] [REG-R47] [REG-R49]. Every series is capped at 1.0, which binds only on SECOND/M at ages 117-119"
FIRST,M,83,0.052740850204,"[std] Gompertz-Makeham proxy q_base(x)=1-exp(-(0.0002+1.5e-5*1.10^x*(1.10-1)/ln1.10)); FIRST/M=1.250000*q_base, FIRST/F=0.795455*q_base so the 0.45/0.55 unisex blend reproduces q_base; SECOND=1.20*FIRST. DAV 2004 R and DAV 2004 R-Bestand are DAV property, are cited by name and are not shipped [R10] [R11] [REG-R47] [REG-R49]. Every series is capped at 1.0, which binds only on SECOND/M at ages 117-119"
FIRST,M,84,0.057867121504,"[std] Gompertz-Makeham proxy q_base(x)=1-exp(-(0.0002+1.5e-5*1.10^x*(1.10-1)/ln1.10)); FIRST/M=1.250000*q_base, FIRST/F=0.795455*q_base so the 0.45/0.55 unisex blend reproduces q_base; SECOND=1.20*FIRST. DAV 2004 R and DAV 2004 R-Bestand are DAV property, are cited by name and are not shipped [R10] [R11] [REG-R47] [REG-R49]. Every series is capped at 1.0, which binds only on SECOND/M at ages 117-119"
FIRST,M,85,0.063480672444,"[std] Gompertz-Makeham proxy q_base(x)=1-exp(-(0.0002+1.5e-5*1.10^x*(1.10-1)/ln1.10)); FIRST/M=1.250000*q_base, FIRST/F=0.795455*q_base so the 0.45/0.55 unisex blend reproduces q_base; SECOND=1.20*FIRST. DAV 2004 R and DAV 2004 R-Bestand are DAV property, are cited by name and are not shipped [R10] [R11] [REG-R47] [REG-R49]. Every series is capped at 1.0, which binds only on SECOND/M at ages 117-119"
FIRST,M,86,0.069625052864,"[std] Gompertz-Makeham proxy q_base(x)=1-exp(-(0.0002+1.5e-5*1.10^x*(1.10-1)/ln1.10)); FIRST/M=1.250000*q_base, FIRST/F=0.795455*q_base so the 0.45/0.55 unisex blend reproduces q_base; SECOND=1.20*FIRST. DAV 2004 R and DAV 2004 R-Bestand are DAV property, are cited by name and are not shipped [R10] [R11] [REG-R47] [REG-R49]. Every series is capped at 1.0, which binds only on SECOND/M at ages 117-119"
FIRST,M,87,0.076347127168,"[std] Gompertz-Makeham proxy q_base(x)=1-exp(-(0.0002+1.5e-5*1.10^x*(1.10-1)/ln1.10)); FIRST/M=1.250000*q_base, FIRST/F=0.795455*q_base so the 0.45/0.55 unisex blend reproduces q_base; SECOND=1.20*FIRST. DAV 2004 R and DAV 2004 R-Bestand are DAV property, are cited by name and are not shipped [R10] [R11] [REG-R47] [REG-R49]. Every series is capped at 1.0, which binds only on SECOND/M at ages 117-119"
FIRST,M,88,0.083697202409,"[std] Gompertz-Makeham proxy q_base(x)=1-exp(-(0.0002+1.5e-5*1.10^x*(1.10-1)/ln1.10)); FIRST/M=1.250000*q_base, FIRST/F=0.795455*q_base so the 0.45/0.55 unisex blend reproduces q_base; SECOND=1.20*FIRST. DAV 2004 R and DAV 2004 R-Bestand are DAV property, are cited by name and are not shipped [R10] [R11] [REG-R47] [REG-R49]. Every series is capped at 1.0, which binds only on SECOND/M at ages 117-119"
FIRST,M,89,0.091729131280,"[std] Gompertz-Makeham proxy q_base(x)=1-exp(-(0.0002+1.5e-5*1.10^x*(1.10-1)/ln1.10)); FIRST/M=1.250000*q_base, FIRST/F=0.795455*q_base so the 0.45/0.55 unisex blend reproduces q_base; SECOND=1.20*FIRST. DAV 2004 R and DAV 2004 R-Bestand are DAV property, are cited by name and are not shipped [R10] [R11] [REG-R47] [REG-R49]. Every series is capped at 1.0, which binds only on SECOND/M at ages 117-119"
FIRST,M,90,0.100500381039,"[std] Gompertz-Makeham proxy q_base(x)=1-exp(-(0.0002+1.5e-5*1.10^x*(1.10-1)/ln1.10)); FIRST/M=1.250000*q_base, FIRST/F=0.795455*q_base so the 0.45/0.55 unisex blend reproduces q_base; SECOND=1.20*FIRST. DAV 2004 R and DAV 2004 R-Bestand are DAV property, are cited by name and are not shipped [R10] [R11] [REG-R47] [REG-R49]. Every series is capped at 1.0, which binds only on SECOND/M at ages 117-119"
FIRST,M,91,0.110072057607,"[std] Gompertz-Makeham proxy q_base(x)=1-exp(-(0.0002+1.5e-5*1.10^x*(1.10-1)/ln1.10)); FIRST/M=1.250000*q_base, FIRST/F=0.795455*q_base so the 0.45/0.55 unisex blend reproduces q_base; SECOND=1.20*FIRST. DAV 2004 R and DAV 2004 R-Bestand are DAV property, are cited by name and are not shipped [R10] [R11] [REG-R47] [REG-R49]. Every series is capped at 1.0, which binds only on SECOND/M at ages 117-119"
FIRST,M,92,0.120508872050,"[std] Gompertz-Makeham proxy q_base(x)=1-exp(-(0.0002+1.5e-5*1.10^x*(1.10-1)/ln1.10)); FIRST/M=1.250000*q_base, FIRST/F=0.795455*q_base so the 0.45/0.55 unisex blend reproduces q_base; SECOND=1.20*FIRST. DAV 2004 R and DAV 2004 R-Bestand are DAV property, are cited by name and are not shipped [R10] [R11] [REG-R47] [REG-R49]. Every series is capped at 1.0, which binds only on SECOND/M at ages 117-119"
FIRST,M,93,0.131879034366,"[std] Gompertz-Makeham proxy q_base(x)=1-exp(-(0.0002+1.5e-5*1.10^x*(1.10-1)/ln1.10)); FIRST/M=1.250000*q_base, FIRST/F=0.795455*q_base so the 0.45/0.55 unisex blend reproduces q_base; SECOND=1.20*FIRST. DAV 2004 R and DAV 2004 R-Bestand are DAV property, are cited by name and are not shipped [R10] [R11] [REG-R47] [REG-R49]. Every series is capped at 1.0, which binds only on SECOND/M at ages 117-119"
FIRST,M,94,0.144254057060,"[std] Gompertz-Makeham proxy q_base(x)=1-exp(-(0.0002+1.5e-5*1.10^x*(1.10-1)/ln1.10)); FIRST/M=1.250000*q_base, FIRST/F=0.795455*q_base so the 0.45/0.55 unisex blend reproduces q_base; SECOND=1.20*FIRST. DAV 2004 R and DAV 2004 R-Bestand are DAV property, are cited by name and are not shipped [R10] [R11] [REG-R47] [REG-R49]. Every series is capped at 1.0, which binds only on SECOND/M at ages 117-119"
FIRST,M,95,0.157708448281,"[std] Gompertz-Makeham proxy q_base(x)=1-exp(-(0.0002+1.5e-5*1.10^x*(1.10-1)/ln1.10)); FIRST/M=1.250000*q_base, FIRST/F=0.795455*q_base so the 0.45/0.55 unisex blend reproduces q_base; SECOND=1.20*FIRST. DAV 2004 R and DAV 2004 R-Bestand are DAV property, are cited by name and are not shipped [R10] [R11] [REG-R47] [REG-R49]. Every series is capped at 1.0, which binds only on SECOND/M at ages 117-119"
FIRST,M,96,0.172319271547,"[std] Gompertz-Makeham proxy q_base(x)=1-exp(-(0.0002+1.5e-5*1.10^x*(1.10-1)/ln1.10)); FIRST/M=1.250000*q_base, FIRST/F=0.795455*q_base so the 0.45/0.55 unisex blend reproduces q_base; SECOND=1.20*FIRST. DAV 2004 R and DAV 2004 R-Bestand are DAV property, are cited by name and are not shipped [R10] [R11] [REG-R47] [REG-R49]. Every series is capped at 1.0, which binds only on SECOND/M at ages 117-119"
FIRST,M,97,0.188165546271,"[std] Gompertz-Makeham proxy q_base(x)=1-exp(-(0.0002+1.5e-5*1.10^x*(1.10-1)/ln1.10)); FIRST/M=1.250000*q_base, FIRST/F=0.795455*q_base so the 0.45/0.55 unisex blend reproduces q_base; SECOND=1.20*FIRST. DAV 2004 R and DAV 2004 R-Bestand are DAV property, are cited by name and are not shipped [R10] [R11] [REG-R47] [REG-R49]. Every series is capped at 1.0, which binds only on SECOND/M at ages 117-119"
FIRST,M,98,0.205327460654,"[std] Gompertz-Makeham proxy q_base(x)=1-exp(-(0.0002+1.5e-5*1.10^x*(1.10-1)/ln1.10)); FIRST/M=1.250000*q_base, FIRST/F=0.795455*q_base so the 0.45/0.55 unisex blend reproduces q_base; SECOND=1.20*FIRST. DAV 2004 R and DAV 2004 R-Bestand are DAV property, are cited by name and are not shipped [R10] [R11] [REG-R47] [REG-R49]. Every series is capped at 1.0, which binds only on SECOND/M at ages 117-119"
FIRST,M,99,0.223885366173,"[std] Gompertz-Makeham proxy q_base(x)=1-exp(-(0.0002+1.5e-5*1.10^x*(1.10-1)/ln1.10)); FIRST/M=1.250000*q_base, FIRST/F=0.795455*q_base so the 0.45/0.55 unisex blend reproduces q_base; SECOND=1.20*FIRST. DAV 2004 R and DAV 2004 R-Bestand are DAV property, are cited by name and are not shipped [R10] [R11] [REG-R47] [REG-R49]. Every series is capped at 1.0, which binds only on SECOND/M at ages 117-119"
FIRST,M,100,0.243918521250,"[std] Gompertz-Makeham proxy q_base(x)=1-exp(-(0.0002+1.5e-5*1.10^x*(1.10-1)/ln1.10)); FIRST/M=1.250000*q_base, FIRST/F=0.795455*q_base so the 0.45/0.55 unisex blend reproduces q_base; SECOND=1.20*FIRST. DAV 2004 R and DAV 2004 R-Bestand are DAV property, are cited by name and are not shipped [R10] [R11] [REG-R47] [REG-R49]. Every series is capped at 1.0, which binds only on SECOND/M at ages 117-119"
FIRST,M,101,0.265503551005,"[std] Gompertz-Makeham proxy q_base(x)=1-exp(-(0.0002+1.5e-5*1.10^x*(1.10-1)/ln1.10)); FIRST/M=1.250000*q_base, FIRST/F=0.795455*q_base so the 0.45/0.55 unisex blend reproduces q_base; SECOND=1.20*FIRST. DAV 2004 R and DAV 2004 R-Bestand are DAV property, are cited by name and are not shipped [R10] [R11] [REG-R47] [REG-R49]. Every series is capped at 1.0, which binds only on SECOND/M at ages 117-119"
FIRST,M,102,0.288712590857,"[std] Gompertz-Makeham proxy q_base(x)=1-exp(-(0.0002+1.5e-5*1.10^x*(1.10-1)/ln1.10)); FIRST/M=1.250000*q_base, FIRST/F=0.795455*q_base so the 0.45/0.55 unisex blend reproduces q_base; SECOND=1.20*FIRST. DAV 2004 R and DAV 2004 R-Bestand are DAV property, are cited by name and are not shipped [R10] [R11] [REG-R47] [REG-R49]. Every series is capped at 1.0, which binds only on SECOND/M at ages 117-119"
FIRST,M,103,0.313611084733,"[std] Gompertz-Makeham proxy q_base(x)=1-exp(-(0.0002+1.5e-5*1.10^x*(1.10-1)/ln1.10)); FIRST/M=1.250000*q_base, FIRST/F=0.795455*q_base so the 0.45/0.55 unisex blend reproduces q_base; SECOND=1.20*FIRST. DAV 2004 R and DAV 2004 R-Bestand are DAV property, are cited by name and are not shipped [R10] [R11] [REG-R47] [REG-R49]. Every series is capped at 1.0, which binds only on SECOND/M at ages 117-119"
FIRST,M,104,0.340255214477,"[std] Gompertz-Makeham proxy q_base(x)=1-exp(-(0.0002+1.5e-5*1.10^x*(1.10-1)/ln1.10)); FIRST/M=1.250000*q_base, FIRST/F=0.795455*q_base so the 0.45/0.55 unisex blend reproduces q_base; SECOND=1.20*FIRST. DAV 2004 R and DAV 2004 R-Bestand are DAV property, are cited by name and are not shipped [R10] [R11] [REG-R47] [REG-R49]. Every series is capped at 1.0, which binds only on SECOND/M at ages 117-119"
FIRST,M,105,0.368688946629,"[std] Gompertz-Makeham proxy q_base(x)=1-exp(-(0.0002+1.5e-5*1.10^x*(1.10-1)/ln1.10)); FIRST/M=1.250000*q_base, FIRST/F=0.795455*q_base so the 0.45/0.55 unisex blend reproduces q_base; SECOND=1.20*FIRST. DAV 2004 R and DAV 2004 R-Bestand are DAV property, are cited by name and are not shipped [R10] [R11] [REG-R47] [REG-R49]. Every series is capped at 1.0, which binds only on SECOND/M at ages 117-119"
FIRST,M,106,0.398940697055,"[std] Gompertz-Makeham proxy q_base(x)=1-exp(-(0.0002+1.5e-5*1.10^x*(1.10-1)/ln1.10)); FIRST/M=1.250000*q_base, FIRST/F=0.795455*q_base so the 0.45/0.55 unisex blend reproduces q_base; SECOND=1.20*FIRST. DAV 2004 R and DAV 2004 R-Bestand are DAV property, are cited by name and are not shipped [R10] [R11] [REG-R47] [REG-R49]. Every series is capped at 1.0, which binds only on SECOND/M at ages 117-119"
FIRST,M,107,0.431019633911,"[std] Gompertz-Makeham proxy q_base(x)=1-exp(-(0.0002+1.5e-5*1.10^x*(1.10-1)/ln1.10)); FIRST/M=1.250000*q_base, FIRST/F=0.795455*q_base so the 0.45/0.55 unisex blend reproduces q_base; SECOND=1.20*FIRST. DAV 2004 R and DAV 2004 R-Bestand are DAV property, are cited by name and are not shipped [R10] [R11] [REG-R47] [REG-R49]. Every series is capped at 1.0, which binds only on SECOND/M at ages 117-119"
FIRST,M,108,0.464911666220,"[std] Gompertz-Makeham proxy q_base(x)=1-exp(-(0.0002+1.5e-5*1.10^x*(1.10-1)/ln1.10)); FIRST/M=1.250000*q_base, FIRST/F=0.795455*q_base so the 0.45/0.55 unisex blend reproduces q_base; SECOND=1.20*FIRST. DAV 2004 R and DAV 2004 R-Bestand are DAV property, are cited by name and are not shipped [R10] [R11] [REG-R47] [REG-R49]. Every series is capped at 1.0, which binds only on SECOND/M at ages 117-119"
FIRST,M,109,0.500575199675,"[std] Gompertz-Makeham proxy q_base(x)=1-exp(-(0.0002+1.5e-5*1.10^x*(1.10-1)/ln1.10)); FIRST/M=1.250000*q_base, FIRST/F=0.795455*q_base so the 0.45/0.55 unisex blend reproduces q_base; SECOND=1.20*FIRST. DAV 2004 R and DAV 2004 R-Bestand are DAV property, are cited by name and are not shipped [R10] [R11] [REG-R47] [REG-R49]. Every series is capped at 1.0, which binds only on SECOND/M at ages 117-119"
FIRST,M,110,0.537936783781,"[std] Gompertz-Makeham proxy q_base(x)=1-exp(-(0.0002+1.5e-5*1.10^x*(1.10-1)/ln1.10)); FIRST/M=1.250000*q_base, FIRST/F=0.795455*q_base so the 0.45/0.55 unisex blend reproduces q_base; SECOND=1.20*FIRST. DAV 2004 R and DAV 2004 R-Bestand are DAV property, are cited by name and are not shipped [R10] [R11] [REG-R47] [REG-R49]. Every series is capped at 1.0, which binds only on SECOND/M at ages 117-119"
FIRST,M,111,0.576886824828,"[std] Gompertz-Makeham proxy q_base(x)=1-exp(-(0.0002+1.5e-5*1.10^x*(1.10-1)/ln1.10)); FIRST/M=1.250000*q_base, FIRST/F=0.795455*q_base so the 0.45/0.55 unisex blend reproduces q_base; SECOND=1.20*FIRST. DAV 2004 R and DAV 2004 R-Bestand are DAV property, are cited by name and are not shipped [R10] [R11] [REG-R47] [REG-R49]. Every series is capped at 1.0, which binds only on SECOND/M at ages 117-119"
FIRST,M,112,0.617275596555,"[std] Gompertz-Makeham proxy q_base(x)=1-exp(-(0.0002+1.5e-5*1.10^x*(1.10-1)/ln1.10)); FIRST/M=1.250000*q_base, FIRST/F=0.795455*q_base so the 0.45/0.55 unisex blend reproduces q_base; SECOND=1.20*FIRST. DAV 2004 R and DAV 2004 R-Bestand are DAV property, are cited by name and are not shipped [R10] [R11] [REG-R47] [REG-R49]. Every series is capped at 1.0, which binds only on SECOND/M at ages 117-119"
FIRST,M,113,0.658909842059,"[std] Gompertz-Makeham proxy q_base(x)=1-exp(-(0.0002+1.5e-5*1.10^x*(1.10-1)/ln1.10)); FIRST/M=1.250000*q_base, FIRST/F=0.795455*q_base so the 0.45/0.55 unisex blend reproduces q_base; SECOND=1.20*FIRST. DAV 2004 R and DAV 2004 R-Bestand are DAV property, are cited by name and are not shipped [R10] [R11] [REG-R47] [REG-R49]. Every series is capped at 1.0, which binds only on SECOND/M at ages 117-119"
FIRST,M,114,0.701550322423,"[std] Gompertz-Makeham proxy q_base(x)=1-exp(-(0.0002+1.5e-5*1.10^x*(1.10-1)/ln1.10)); FIRST/M=1.250000*q_base, FIRST/F=0.795455*q_base so the 0.45/0.55 unisex blend reproduces q_base; SECOND=1.20*FIRST. DAV 2004 R and DAV 2004 R-Bestand are DAV property, are cited by name and are not shipped [R10] [R11] [REG-R47] [REG-R49]. Every series is capped at 1.0, which binds only on SECOND/M at ages 117-119"
FIRST,M,115,0.744910722921,"[std] Gompertz-Makeham proxy q_base(x)=1-exp(-(0.0002+1.5e-5*1.10^x*(1.10-1)/ln1.10)); FIRST/M=1.250000*q_base, FIRST/F=0.795455*q_base so the 0.45/0.55 unisex blend reproduces q_base; SECOND=1.20*FIRST. DAV 2004 R and DAV 2004 R-Bestand are DAV property, are cited by name and are not shipped [R10] [R11] [REG-R47] [REG-R49]. Every series is capped at 1.0, which binds only on SECOND/M at ages 117-119"
FIRST,M,116,0.788658367482,"[std] Gompertz-Makeham proxy q_base(x)=1-exp(-(0.0002+1.5e-5*1.10^x*(1.10-1)/ln1.10)); FIRST/M=1.250000*q_base, FIRST/F=0.795455*q_base so the 0.45/0.55 unisex blend reproduces q_base; SECOND=1.20*FIRST. DAV 2004 R and DAV 2004 R-Bestand are DAV property, are cited by name and are not shipped [R10] [R11] [REG-R47] [REG-R49]. Every series is capped at 1.0, which binds only on SECOND/M at ages 117-119"
FIRST,M,117,0.832417204347,"[std] Gompertz-Makeham proxy q_base(x)=1-exp(-(0.0002+1.5e-5*1.10^x*(1.10-1)/ln1.10)); FIRST/M=1.250000*q_base, FIRST/F=0.795455*q_base so the 0.45/0.55 unisex blend reproduces q_base; SECOND=1.20*FIRST. DAV 2004 R and DAV 2004 R-Bestand are DAV property, are cited by name and are not shipped [R10] [R11] [REG-R47] [REG-R49]. Every series is capped at 1.0, which binds only on SECOND/M at ages 117-119"
FIRST,M,118,0.875773496549,"[std] Gompertz-Makeham proxy q_base(x)=1-exp(-(0.0002+1.5e-5*1.10^x*(1.10-1)/ln1.10)); FIRST/M=1.250000*q_base, FIRST/F=0.795455*q_base so the 0.45/0.55 unisex blend reproduces q_base; SECOND=1.20*FIRST. DAV 2004 R and DAV 2004 R-Bestand are DAV property, are cited by name and are not shipped [R10] [R11] [REG-R47] [REG-R49]. Every series is capped at 1.0, which binds only on SECOND/M at ages 117-119"
FIRST,M,119,0.918284564596,"[std] Gompertz-Makeham proxy q_base(x)=1-exp(-(0.0002+1.5e-5*1.10^x*(1.10-1)/ln1.10)); FIRST/M=1.250000*q_base, FIRST/F=0.795455*q_base so the 0.45/0.55 unisex blend reproduces q_base; SECOND=1.20*FIRST. DAV 2004 R and DAV 2004 R-Bestand are DAV property, are cited by name and are not shipped [R10] [R11] [REG-R47] [REG-R49]. Every series is capped at 1.0, which binds only on SECOND/M at ages 117-119"
FIRST,M,120,1.000000000000,"[std] closing row: q=1.0 at attained age 120 in every series, so the survival path reaches zero inside the omega_age=121 horizon [R10]"
FIRST,F,50,0.001627033889,"[std] Gompertz-Makeham proxy q_base(x)=1-exp(-(0.0002+1.5e-5*1.10^x*(1.10-1)/ln1.10)); FIRST/M=1.250000*q_base, FIRST/F=0.795455*q_base so the 0.45/0.55 unisex blend reproduces q_base; SECOND=1.20*FIRST. DAV 2004 R and DAV 2004 R-Bestand are DAV property, are cited by name and are not shipped [R10] [R11] [REG-R47] [REG-R49]. Every series is capped at 1.0, which binds only on SECOND/M at ages 117-119"
FIRST,F,51,0.001773680660,"[std] Gompertz-Makeham proxy q_base(x)=1-exp(-(0.0002+1.5e-5*1.10^x*(1.10-1)/ln1.10)); FIRST/M=1.250000*q_base, FIRST/F=0.795455*q_base so the 0.45/0.55 unisex blend reproduces q_base; SECOND=1.20*FIRST. DAV 2004 R and DAV 2004 R-Bestand are DAV property, are cited by name and are not shipped [R10] [R11] [REG-R47] [REG-R49]. Every series is capped at 1.0, which binds only on SECOND/M at ages 117-119"
FIRST,F,52,0.001934960819,"[std] Gompertz-Makeham proxy q_base(x)=1-exp(-(0.0002+1.5e-5*1.10^x*(1.10-1)/ln1.10)); FIRST/M=1.250000*q_base, FIRST/F=0.795455*q_base so the 0.45/0.55 unisex blend reproduces q_base; SECOND=1.20*FIRST. DAV 2004 R and DAV 2004 R-Bestand are DAV property, are cited by name and are not shipped [R10] [R11] [REG-R47] [REG-R49]. Every series is capped at 1.0, which binds only on SECOND/M at ages 117-119"
FIRST,F,53,0.002112331141,"[std] Gompertz-Makeham proxy q_base(x)=1-exp(-(0.0002+1.5e-5*1.10^x*(1.10-1)/ln1.10)); FIRST/M=1.250000*q_base, FIRST/F=0.795455*q_base so the 0.45/0.55 unisex blend reproduces q_base; SECOND=1.20*FIRST. DAV 2004 R and DAV 2004 R-Bestand are DAV property, are cited by name and are not shipped [R10] [R11] [REG-R47] [REG-R49]. Every series is capped at 1.0, which binds only on SECOND/M at ages 117-119"
FIRST,F,54,0.002307392704,"[std] Gompertz-Makeham proxy q_base(x)=1-exp(-(0.0002+1.5e-5*1.10^x*(1.10-1)/ln1.10)); FIRST/M=1.250000*q_base, FIRST/F=0.795455*q_base so the 0.45/0.55 unisex blend reproduces q_base; SECOND=1.20*FIRST. DAV 2004 R and DAV 2004 R-Bestand are DAV property, are cited by name and are not shipped [R10] [R11] [REG-R47] [REG-R49]. Every series is capped at 1.0, which binds only on SECOND/M at ages 117-119"
FIRST,F,55,0.002521905030,"[std] Gompertz-Makeham proxy q_base(x)=1-exp(-(0.0002+1.5e-5*1.10^x*(1.10-1)/ln1.10)); FIRST/M=1.250000*q_base, FIRST/F=0.795455*q_base so the 0.45/0.55 unisex blend reproduces q_base; SECOND=1.20*FIRST. DAV 2004 R and DAV 2004 R-Bestand are DAV property, are cited by name and are not shipped [R10] [R11] [REG-R47] [REG-R49]. Every series is capped at 1.0, which binds only on SECOND/M at ages 117-119"
FIRST,F,56,0.002757801580,"[std] Gompertz-Makeham proxy q_base(x)=1-exp(-(0.0002+1.5e-5*1.10^x*(1.10-1)/ln1.10)); FIRST/M=1.250000*q_base, FIRST/F=0.795455*q_base so the 0.45/0.55 unisex blend reproduces q_base; SECOND=1.20*FIRST. DAV 2004 R and DAV 2004 R-Bestand are DAV property, are cited by name and are not shipped [R10] [R11] [REG-R47] [REG-R49]. Every series is capped at 1.0, which binds only on SECOND/M at ages 117-119"
FIRST,F,57,0.003017206729,"[std] Gompertz-Makeham proxy q_base(x)=1-exp(-(0.0002+1.5e-5*1.10^x*(1.10-1)/ln1.10)); FIRST/M=1.250000*q_base, FIRST/F=0.795455*q_base so the 0.45/0.55 unisex blend reproduces q_base; SECOND=1.20*FIRST. DAV 2004 R and DAV 2004 R-Bestand are DAV property, are cited by name and are not shipped [R10] [R11] [REG-R47] [REG-R49]. Every series is capped at 1.0, which binds only on SECOND/M at ages 117-119"
FIRST,F,58,0.003302454348,"[std] Gompertz-Makeham proxy q_base(x)=1-exp(-(0.0002+1.5e-5*1.10^x*(1.10-1)/ln1.10)); FIRST/M=1.250000*q_base, FIRST/F=0.795455*q_base so the 0.45/0.55 unisex blend reproduces q_base; SECOND=1.20*FIRST. DAV 2004 R and DAV 2004 R-Bestand are DAV property, are cited by name and are not shipped [R10] [R11] [REG-R47] [REG-R49]. Every series is capped at 1.0, which binds only on SECOND/M at ages 117-119"
FIRST,F,59,0.003616108137,"[std] Gompertz-Makeham proxy q_base(x)=1-exp(-(0.0002+1.5e-5*1.10^x*(1.10-1)/ln1.10)); FIRST/M=1.250000*q_base, FIRST/F=0.795455*q_base so the 0.45/0.55 unisex blend reproduces q_base; SECOND=1.20*FIRST. DAV 2004 R and DAV 2004 R-Bestand are DAV property, are cited by name and are not shipped [R10] [R11] [REG-R47] [REG-R49]. Every series is capped at 1.0, which binds only on SECOND/M at ages 117-119"
FIRST,F,60,0.003960983865,"[std] Gompertz-Makeham proxy q_base(x)=1-exp(-(0.0002+1.5e-5*1.10^x*(1.10-1)/ln1.10)); FIRST/M=1.250000*q_base, FIRST/F=0.795455*q_base so the 0.45/0.55 unisex blend reproduces q_base; SECOND=1.20*FIRST. DAV 2004 R and DAV 2004 R-Bestand are DAV property, are cited by name and are not shipped [R10] [R11] [REG-R47] [REG-R49]. Every series is capped at 1.0, which binds only on SECOND/M at ages 117-119"
FIRST,F,61,0.004340173680,"[std] Gompertz-Makeham proxy q_base(x)=1-exp(-(0.0002+1.5e-5*1.10^x*(1.10-1)/ln1.10)); FIRST/M=1.250000*q_base, FIRST/F=0.795455*q_base so the 0.45/0.55 unisex blend reproduces q_base; SECOND=1.20*FIRST. DAV 2004 R and DAV 2004 R-Bestand are DAV property, are cited by name and are not shipped [R10] [R11] [REG-R47] [REG-R49]. Every series is capped at 1.0, which binds only on SECOND/M at ages 117-119"
FIRST,F,62,0.004757072659,"[std] Gompertz-Makeham proxy q_base(x)=1-exp(-(0.0002+1.5e-5*1.10^x*(1.10-1)/ln1.10)); FIRST/M=1.250000*q_base, FIRST/F=0.795455*q_base so the 0.45/0.55 unisex blend reproduces q_base; SECOND=1.20*FIRST. DAV 2004 R and DAV 2004 R-Bestand are DAV property, are cited by name and are not shipped [R10] [R11] [REG-R47] [REG-R49]. Every series is capped at 1.0, which binds only on SECOND/M at ages 117-119"
FIRST,F,63,0.005215407792,"[std] Gompertz-Makeham proxy q_base(x)=1-exp(-(0.0002+1.5e-5*1.10^x*(1.10-1)/ln1.10)); FIRST/M=1.250000*q_base, FIRST/F=0.795455*q_base so the 0.45/0.55 unisex blend reproduces q_base; SECOND=1.20*FIRST. DAV 2004 R and DAV 2004 R-Bestand are DAV property, are cited by name and are not shipped [R10] [R11] [REG-R47] [REG-R49]. Every series is capped at 1.0, which binds only on SECOND/M at ages 117-119"
FIRST,F,64,0.005719269586,"[std] Gompertz-Makeham proxy q_base(x)=1-exp(-(0.0002+1.5e-5*1.10^x*(1.10-1)/ln1.10)); FIRST/M=1.250000*q_base, FIRST/F=0.795455*q_base so the 0.45/0.55 unisex blend reproduces q_base; SECOND=1.20*FIRST. DAV 2004 R and DAV 2004 R-Bestand are DAV property, are cited by name and are not shipped [R10] [R11] [REG-R47] [REG-R49]. Every series is capped at 1.0, which binds only on SECOND/M at ages 117-119"
FIRST,F,65,0.006273146506,"[std] Gompertz-Makeham proxy q_base(x)=1-exp(-(0.0002+1.5e-5*1.10^x*(1.10-1)/ln1.10)); FIRST/M=1.250000*q_base, FIRST/F=0.795455*q_base so the 0.45/0.55 unisex blend reproduces q_base; SECOND=1.20*FIRST. DAV 2004 R and DAV 2004 R-Bestand are DAV property, are cited by name and are not shipped [R10] [R11] [REG-R47] [REG-R49]. Every series is capped at 1.0, which binds only on SECOND/M at ages 117-119"
FIRST,F,66,0.006881962458,"[std] Gompertz-Makeham proxy q_base(x)=1-exp(-(0.0002+1.5e-5*1.10^x*(1.10-1)/ln1.10)); FIRST/M=1.250000*q_base, FIRST/F=0.795455*q_base so the 0.45/0.55 unisex blend reproduces q_base; SECOND=1.20*FIRST. DAV 2004 R and DAV 2004 R-Bestand are DAV property, are cited by name and are not shipped [R10] [R11] [REG-R47] [REG-R49]. Every series is capped at 1.0, which binds only on SECOND/M at ages 117-119"
FIRST,F,67,0.007551117548,"[std] Gompertz-Makeham proxy q_base(x)=1-exp(-(0.0002+1.5e-5*1.10^x*(1.10-1)/ln1.10)); FIRST/M=1.250000*q_base, FIRST/F=0.795455*q_base so the 0.45/0.55 unisex blend reproduces q_base; SECOND=1.20*FIRST. DAV 2004 R and DAV 2004 R-Bestand are DAV property, are cited by name and are not shipped [R10] [R11] [REG-R47] [REG-R49]. Every series is capped at 1.0, which binds only on SECOND/M at ages 117-119"
FIRST,F,68,0.008286532332,"[std] Gompertz-Makeham proxy q_base(x)=1-exp(-(0.0002+1.5e-5*1.10^x*(1.10-1)/ln1.10)); FIRST/M=1.250000*q_base, FIRST/F=0.795455*q_base so the 0.45/0.55 unisex blend reproduces q_base; SECOND=1.20*FIRST. DAV 2004 R and DAV 2004 R-Bestand are DAV property, are cited by name and are not shipped [R10] [R11] [REG-R47] [REG-R49]. Every series is capped at 1.0, which binds only on SECOND/M at ages 117-119"
FIRST,F,69,0.009094695801,"[std] Gompertz-Makeham proxy q_base(x)=1-exp(-(0.0002+1.5e-5*1.10^x*(1.10-1)/ln1.10)); FIRST/M=1.250000*q_base, FIRST/F=0.795455*q_base so the 0.45/0.55 unisex blend reproduces q_base; SECOND=1.20*FIRST. DAV 2004 R and DAV 2004 R-Bestand are DAV property, are cited by name and are not shipped [R10] [R11] [REG-R47] [REG-R49]. Every series is capped at 1.0, which binds only on SECOND/M at ages 117-119"
FIRST,F,70,0.009982717326,"[std] Gompertz-Makeham proxy q_base(x)=1-exp(-(0.0002+1.5e-5*1.10^x*(1.10-1)/ln1.10)); FIRST/M=1.250000*q_base, FIRST/F=0.795455*q_base so the 0.45/0.55 unisex blend reproduces q_base; SECOND=1.20*FIRST. DAV 2004 R and DAV 2004 R-Bestand are DAV property, are cited by name and are not shipped [R10] [R11] [REG-R47] [REG-R49]. Every series is capped at 1.0, which binds only on SECOND/M at ages 117-119"
FIRST,F,71,0.010958382782,"[std] Gompertz-Makeham proxy q_base(x)=1-exp(-(0.0002+1.5e-5*1.10^x*(1.10-1)/ln1.10)); FIRST/M=1.250000*q_base, FIRST/F=0.795455*q_base so the 0.45/0.55 unisex blend reproduces q_base; SECOND=1.20*FIRST. DAV 2004 R and DAV 2004 R-Bestand are DAV property, are cited by name and are not shipped [R10] [R11] [REG-R47] [REG-R49]. Every series is capped at 1.0, which binds only on SECOND/M at ages 117-119"
FIRST,F,72,0.012030215084,"[std] Gompertz-Makeham proxy q_base(x)=1-exp(-(0.0002+1.5e-5*1.10^x*(1.10-1)/ln1.10)); FIRST/M=1.250000*q_base, FIRST/F=0.795455*q_base so the 0.45/0.55 unisex blend reproduces q_base; SECOND=1.20*FIRST. DAV 2004 R and DAV 2004 R-Bestand are DAV property, are cited by name and are not shipped [R10] [R11] [REG-R47] [REG-R49]. Every series is capped at 1.0, which binds only on SECOND/M at ages 117-119"
FIRST,F,73,0.013207539301,"[std] Gompertz-Makeham proxy q_base(x)=1-exp(-(0.0002+1.5e-5*1.10^x*(1.10-1)/ln1.10)); FIRST/M=1.250000*q_base, FIRST/F=0.795455*q_base so the 0.45/0.55 unisex blend reproduces q_base; SECOND=1.20*FIRST. DAV 2004 R and DAV 2004 R-Bestand are DAV property, are cited by name and are not shipped [R10] [R11] [REG-R47] [REG-R49]. Every series is capped at 1.0, which binds only on SECOND/M at ages 117-119"
FIRST,F,74,0.014500552531,"[std] Gompertz-Makeham proxy q_base(x)=1-exp(-(0.0002+1.5e-5*1.10^x*(1.10-1)/ln1.10)); FIRST/M=1.250000*q_base, FIRST/F=0.795455*q_base so the 0.45/0.55 unisex blend reproduces q_base; SECOND=1.20*FIRST. DAV 2004 R and DAV 2004 R-Bestand are DAV property, are cited by name and are not shipped [R10] [R11] [REG-R47] [REG-R49]. Every series is capped at 1.0, which binds only on SECOND/M at ages 117-119"
FIRST,F,75,0.015920398659,"[std] Gompertz-Makeham proxy q_base(x)=1-exp(-(0.0002+1.5e-5*1.10^x*(1.10-1)/ln1.10)); FIRST/M=1.250000*q_base, FIRST/F=0.795455*q_base so the 0.45/0.55 unisex blend reproduces q_base; SECOND=1.20*FIRST. DAV 2004 R and DAV 2004 R-Bestand are DAV property, are cited by name and are not shipped [R10] [R11] [REG-R47] [REG-R49]. Every series is capped at 1.0, which binds only on SECOND/M at ages 117-119"
FIRST,F,76,0.017479248054,"[std] Gompertz-Makeham proxy q_base(x)=1-exp(-(0.0002+1.5e-5*1.10^x*(1.10-1)/ln1.10)); FIRST/M=1.250000*q_base, FIRST/F=0.795455*q_base so the 0.45/0.55 unisex blend reproduces q_base; SECOND=1.20*FIRST. DAV 2004 R and DAV 2004 R-Bestand are DAV property, are cited by name and are not shipped [R10] [R11] [REG-R47] [REG-R49]. Every series is capped at 1.0, which binds only on SECOND/M at ages 117-119"
FIRST,F,77,0.019190382193,"[std] Gompertz-Makeham proxy q_base(x)=1-exp(-(0.0002+1.5e-5*1.10^x*(1.10-1)/ln1.10)); FIRST/M=1.250000*q_base, FIRST/F=0.795455*q_base so the 0.45/0.55 unisex blend reproduces q_base; SECOND=1.20*FIRST. DAV 2004 R and DAV 2004 R-Bestand are DAV property, are cited by name and are not shipped [R10] [R11] [REG-R47] [REG-R49]. Every series is capped at 1.0, which binds only on SECOND/M at ages 117-119"
FIRST,F,78,0.021068283122,"[std] Gompertz-Makeham proxy q_base(x)=1-exp(-(0.0002+1.5e-5*1.10^x*(1.10-1)/ln1.10)); FIRST/M=1.250000*q_base, FIRST/F=0.795455*q_base so the 0.45/0.55 unisex blend reproduces q_base; SECOND=1.20*FIRST. DAV 2004 R and DAV 2004 R-Bestand are DAV property, are cited by name and are not shipped [R10] [R11] [REG-R47] [REG-R49]. Every series is capped at 1.0, which binds only on SECOND/M at ages 117-119"
FIRST,F,79,0.023128727489,"[std] Gompertz-Makeham proxy q_base(x)=1-exp(-(0.0002+1.5e-5*1.10^x*(1.10-1)/ln1.10)); FIRST/M=1.250000*q_base, FIRST/F=0.795455*q_base so the 0.45/0.55 unisex blend reproduces q_base; SECOND=1.20*FIRST. DAV 2004 R and DAV 2004 R-Bestand are DAV property, are cited by name and are not shipped [R10] [R11] [REG-R47] [REG-R49]. Every series is capped at 1.0, which binds only on SECOND/M at ages 117-119"
FIRST,F,80,0.025388884781,"[std] Gompertz-Makeham proxy q_base(x)=1-exp(-(0.0002+1.5e-5*1.10^x*(1.10-1)/ln1.10)); FIRST/M=1.250000*q_base, FIRST/F=0.795455*q_base so the 0.45/0.55 unisex blend reproduces q_base; SECOND=1.20*FIRST. DAV 2004 R and DAV 2004 R-Bestand are DAV property, are cited by name and are not shipped [R10] [R11] [REG-R47] [REG-R49]. Every series is capped at 1.0, which binds only on SECOND/M at ages 117-119"
FIRST,F,81,0.027867419162,"[std] Gompertz-Makeham proxy q_base(x)=1-exp(-(0.0002+1.5e-5*1.10^x*(1.10-1)/ln1.10)); FIRST/M=1.250000*q_base, FIRST/F=0.795455*q_base so the 0.45/0.55 unisex blend reproduces q_base; SECOND=1.20*FIRST. DAV 2004 R and DAV 2004 R-Bestand are DAV property, are cited by name and are not shipped [R10] [R11] [REG-R47] [REG-R49]. Every series is capped at 1.0, which binds only on SECOND/M at ages 117-119"
FIRST,F,82,0.030584594062,"[std] Gompertz-Makeham proxy q_base(x)=1-exp(-(0.0002+1.5e-5*1.10^x*(1.10-1)/ln1.10)); FIRST/M=1.250000*q_base, FIRST/F=0.795455*q_base so the 0.45/0.55 unisex blend reproduces q_base; SECOND=1.20*FIRST. DAV 2004 R and DAV 2004 R-Bestand are DAV property, are cited by name and are not shipped [R10] [R11] [REG-R47] [REG-R49]. Every series is capped at 1.0, which binds only on SECOND/M at ages 117-119"
FIRST,F,83,0.033562378399,"[std] Gompertz-Makeham proxy q_base(x)=1-exp(-(0.0002+1.5e-5*1.10^x*(1.10-1)/ln1.10)); FIRST/M=1.250000*q_base, FIRST/F=0.795455*q_base so the 0.45/0.55 unisex blend reproduces q_base; SECOND=1.20*FIRST. DAV 2004 R and DAV 2004 R-Bestand are DAV property, are cited by name and are not shipped [R10] [R11] [REG-R47] [REG-R49]. Every series is capped at 1.0, which binds only on SECOND/M at ages 117-119"
FIRST,F,84,0.036824552909,"[std] Gompertz-Makeham proxy q_base(x)=1-exp(-(0.0002+1.5e-5*1.10^x*(1.10-1)/ln1.10)); FIRST/M=1.250000*q_base, FIRST/F=0.795455*q_base so the 0.45/0.55 unisex blend reproduces q_base; SECOND=1.20*FIRST. DAV 2004 R and DAV 2004 R-Bestand are DAV property, are cited by name and are not shipped [R10] [R11] [REG-R47] [REG-R49]. Every series is capped at 1.0, which binds only on SECOND/M at ages 117-119"
FIRST,F,85,0.040396814639,"[std] Gompertz-Makeham proxy q_base(x)=1-exp(-(0.0002+1.5e-5*1.10^x*(1.10-1)/ln1.10)); FIRST/M=1.250000*q_base, FIRST/F=0.795455*q_base so the 0.45/0.55 unisex blend reproduces q_base; SECOND=1.20*FIRST. DAV 2004 R and DAV 2004 R-Bestand are DAV property, are cited by name and are not shipped [R10] [R11] [REG-R47] [REG-R49]. Every series is capped at 1.0, which binds only on SECOND/M at ages 117-119"
FIRST,F,86,0.044306877141,"[std] Gompertz-Makeham proxy q_base(x)=1-exp(-(0.0002+1.5e-5*1.10^x*(1.10-1)/ln1.10)); FIRST/M=1.250000*q_base, FIRST/F=0.795455*q_base so the 0.45/0.55 unisex blend reproduces q_base; SECOND=1.20*FIRST. DAV 2004 R and DAV 2004 R-Bestand are DAV property, are cited by name and are not shipped [R10] [R11] [REG-R47] [REG-R49]. Every series is capped at 1.0, which binds only on SECOND/M at ages 117-119"
FIRST,F,87,0.048584563233,"[std] Gompertz-Makeham proxy q_base(x)=1-exp(-(0.0002+1.5e-5*1.10^x*(1.10-1)/ln1.10)); FIRST/M=1.250000*q_base, FIRST/F=0.795455*q_base so the 0.45/0.55 unisex blend reproduces q_base; SECOND=1.20*FIRST. DAV 2004 R and DAV 2004 R-Bestand are DAV property, are cited by name and are not shipped [R10] [R11] [REG-R47] [REG-R49]. Every series is capped at 1.0, which binds only on SECOND/M at ages 117-119"
FIRST,F,88,0.053261886514,"[std] Gompertz-Makeham proxy q_base(x)=1-exp(-(0.0002+1.5e-5*1.10^x*(1.10-1)/ln1.10)); FIRST/M=1.250000*q_base, FIRST/F=0.795455*q_base so the 0.45/0.55 unisex blend reproduces q_base; SECOND=1.20*FIRST. DAV 2004 R and DAV 2004 R-Bestand are DAV property, are cited by name and are not shipped [R10] [R11] [REG-R47] [REG-R49]. Every series is capped at 1.0, which binds only on SECOND/M at ages 117-119"
FIRST,F,89,0.058373116898,"[std] Gompertz-Makeham proxy q_base(x)=1-exp(-(0.0002+1.5e-5*1.10^x*(1.10-1)/ln1.10)); FIRST/M=1.250000*q_base, FIRST/F=0.795455*q_base so the 0.45/0.55 unisex blend reproduces q_base; SECOND=1.20*FIRST. DAV 2004 R and DAV 2004 R-Bestand are DAV property, are cited by name and are not shipped [R10] [R11] [REG-R47] [REG-R49]. Every series is capped at 1.0, which binds only on SECOND/M at ages 117-119"
FIRST,F,90,0.063954824479,"[std] Gompertz-Makeham proxy q_base(x)=1-exp(-(0.0002+1.5e-5*1.10^x*(1.10-1)/ln1.10)); FIRST/M=1.250000*q_base, FIRST/F=0.795455*q_base so the 0.45/0.55 unisex blend reproduces q_base; SECOND=1.20*FIRST. DAV 2004 R and DAV 2004 R-Bestand are DAV property, are cited by name and are not shipped [R10] [R11] [REG-R47] [REG-R49]. Every series is capped at 1.0, which binds only on SECOND/M at ages 117-119"
FIRST,F,91,0.070045894867,"[std] Gompertz-Makeham proxy q_base(x)=1-exp(-(0.0002+1.5e-5*1.10^x*(1.10-1)/ln1.10)); FIRST/M=1.250000*q_base, FIRST/F=0.795455*q_base so the 0.45/0.55 unisex blend reproduces q_base; SECOND=1.20*FIRST. DAV 2004 R and DAV 2004 R-Bestand are DAV property, are cited by name and are not shipped [R10] [R11] [REG-R47] [REG-R49]. Every series is capped at 1.0, which binds only on SECOND/M at ages 117-119"
FIRST,F,92,0.076687507853,"[std] Gompertz-Makeham proxy q_base(x)=1-exp(-(0.0002+1.5e-5*1.10^x*(1.10-1)/ln1.10)); FIRST/M=1.250000*q_base, FIRST/F=0.795455*q_base so the 0.45/0.55 unisex blend reproduces q_base; SECOND=1.20*FIRST. DAV 2004 R and DAV 2004 R-Bestand are DAV property, are cited by name and are not shipped [R10] [R11] [REG-R47] [REG-R49]. Every series is capped at 1.0, which binds only on SECOND/M at ages 117-119"
FIRST,F,93,0.083923069825,"[std] Gompertz-Makeham proxy q_base(x)=1-exp(-(0.0002+1.5e-5*1.10^x*(1.10-1)/ln1.10)); FIRST/M=1.250000*q_base, FIRST/F=0.795455*q_base so the 0.45/0.55 unisex blend reproduces q_base; SECOND=1.20*FIRST. DAV 2004 R and DAV 2004 R-Bestand are DAV property, are cited by name and are not shipped [R10] [R11] [REG-R47] [REG-R49]. Every series is capped at 1.0, which binds only on SECOND/M at ages 117-119"
FIRST,F,94,0.091798088767,"[std] Gompertz-Makeham proxy q_base(x)=1-exp(-(0.0002+1.5e-5*1.10^x*(1.10-1)/ln1.10)); FIRST/M=1.250000*q_base, FIRST/F=0.795455*q_base so the 0.45/0.55 unisex blend reproduces q_base; SECOND=1.20*FIRST. DAV 2004 R and DAV 2004 R-Bestand are DAV property, are cited by name and are not shipped [R10] [R11] [REG-R47] [REG-R49]. Every series is capped at 1.0, which binds only on SECOND/M at ages 117-119"
FIRST,F,95,0.100359978982,"[std] Gompertz-Makeham proxy q_base(x)=1-exp(-(0.0002+1.5e-5*1.10^x*(1.10-1)/ln1.10)); FIRST/M=1.250000*q_base, FIRST/F=0.795455*q_base so the 0.45/0.55 unisex blend reproduces q_base; SECOND=1.20*FIRST. DAV 2004 R and DAV 2004 R-Bestand are DAV property, are cited by name and are not shipped [R10] [R11] [REG-R47] [REG-R49]. Every series is capped at 1.0, which binds only on SECOND/M at ages 117-119"
FIRST,F,96,0.109657780919,"[std] Gompertz-Makeham proxy q_base(x)=1-exp(-(0.0002+1.5e-5*1.10^x*(1.10-1)/ln1.10)); FIRST/M=1.250000*q_base, FIRST/F=0.795455*q_base so the 0.45/0.55 unisex blend reproduces q_base; SECOND=1.20*FIRST. DAV 2004 R and DAV 2004 R-Bestand are DAV property, are cited by name and are not shipped [R10] [R11] [REG-R47] [REG-R49]. Every series is capped at 1.0, which binds only on SECOND/M at ages 117-119"
FIRST,F,97,0.119741779687,"[std] Gompertz-Makeham proxy q_base(x)=1-exp(-(0.0002+1.5e-5*1.10^x*(1.10-1)/ln1.10)); FIRST/M=1.250000*q_base, FIRST/F=0.795455*q_base so the 0.45/0.55 unisex blend reproduces q_base; SECOND=1.20*FIRST. DAV 2004 R and DAV 2004 R-Bestand are DAV property, are cited by name and are not shipped [R10] [R11] [REG-R47] [REG-R49]. Every series is capped at 1.0, which binds only on SECOND/M at ages 117-119"
FIRST,F,98,0.130663004172,"[std] Gompertz-Makeham proxy q_base(x)=1-exp(-(0.0002+1.5e-5*1.10^x*(1.10-1)/ln1.10)); FIRST/M=1.250000*q_base, FIRST/F=0.795455*q_base so the 0.45/0.55 unisex blend reproduces q_base; SECOND=1.20*FIRST. DAV 2004 R and DAV 2004 R-Bestand are DAV property, are cited by name and are not shipped [R10] [R11] [REG-R47] [REG-R49]. Every series is capped at 1.0, which binds only on SECOND/M at ages 117-119"
FIRST,F,99,0.142472587159,"[std] Gompertz-Makeham proxy q_base(x)=1-exp(-(0.0002+1.5e-5*1.10^x*(1.10-1)/ln1.10)); FIRST/M=1.250000*q_base, FIRST/F=0.795455*q_base so the 0.45/0.55 unisex blend reproduces q_base; SECOND=1.20*FIRST. DAV 2004 R and DAV 2004 R-Bestand are DAV property, are cited by name and are not shipped [R10] [R11] [REG-R47] [REG-R49]. Every series is capped at 1.0, which binds only on SECOND/M at ages 117-119"
FIRST,F,100,0.155220965857,"[std] Gompertz-Makeham proxy q_base(x)=1-exp(-(0.0002+1.5e-5*1.10^x*(1.10-1)/ln1.10)); FIRST/M=1.250000*q_base, FIRST/F=0.795455*q_base so the 0.45/0.55 unisex blend reproduces q_base; SECOND=1.20*FIRST. DAV 2004 R and DAV 2004 R-Bestand are DAV property, are cited by name and are not shipped [R10] [R11] [REG-R47] [REG-R49]. Every series is capped at 1.0, which binds only on SECOND/M at ages 117-119"
FIRST,F,101,0.168956901732,"[std] Gompertz-Makeham proxy q_base(x)=1-exp(-(0.0002+1.5e-5*1.10^x*(1.10-1)/ln1.10)); FIRST/M=1.250000*q_base, FIRST/F=0.795455*q_base so the 0.45/0.55 unisex blend reproduces q_base; SECOND=1.20*FIRST. DAV 2004 R and DAV 2004 R-Bestand are DAV property, are cited by name and are not shipped [R10] [R11] [REG-R47] [REG-R49]. Every series is capped at 1.0, which binds only on SECOND/M at ages 117-119"
FIRST,F,102,0.183726299168,"[std] Gompertz-Makeham proxy q_base(x)=1-exp(-(0.0002+1.5e-5*1.10^x*(1.10-1)/ln1.10)); FIRST/M=1.250000*q_base, FIRST/F=0.795455*q_base so the 0.45/0.55 unisex blend reproduces q_base; SECOND=1.20*FIRST. DAV 2004 R and DAV 2004 R-Bestand are DAV property, are cited by name and are not shipped [R10] [R11] [REG-R47] [REG-R49]. Every series is capped at 1.0, which binds only on SECOND/M at ages 117-119"
FIRST,F,103,0.199570804325,"[std] Gompertz-Makeham proxy q_base(x)=1-exp(-(0.0002+1.5e-5*1.10^x*(1.10-1)/ln1.10)); FIRST/M=1.250000*q_base, FIRST/F=0.795455*q_base so the 0.45/0.55 unisex blend reproduces q_base; SECOND=1.20*FIRST. DAV 2004 R and DAV 2004 R-Bestand are DAV property, are cited by name and are not shipped [R10] [R11] [REG-R47] [REG-R49]. Every series is capped at 1.0, which binds only on SECOND/M at ages 117-119"
FIRST,F,104,0.216526169306,"[std] Gompertz-Makeham proxy q_base(x)=1-exp(-(0.0002+1.5e-5*1.10^x*(1.10-1)/ln1.10)); FIRST/M=1.250000*q_base, FIRST/F=0.795455*q_base so the 0.45/0.55 unisex blend reproduces q_base; SECOND=1.20*FIRST. DAV 2004 R and DAV 2004 R-Bestand are DAV property, are cited by name and are not shipped [R10] [R11] [REG-R47] [REG-R49]. Every series is capped at 1.0, which binds only on SECOND/M at ages 117-119"
FIRST,F,105,0.234620372833,"[std] Gompertz-Makeham proxy q_base(x)=1-exp(-(0.0002+1.5e-5*1.10^x*(1.10-1)/ln1.10)); FIRST/M=1.250000*q_base, FIRST/F=0.795455*q_base so the 0.45/0.55 unisex blend reproduces q_base; SECOND=1.20*FIRST. DAV 2004 R and DAV 2004 R-Bestand are DAV property, are cited by name and are not shipped [R10] [R11] [REG-R47] [REG-R49]. Every series is capped at 1.0, which binds only on SECOND/M at ages 117-119"
FIRST,F,106,0.253871497741,"[std] Gompertz-Makeham proxy q_base(x)=1-exp(-(0.0002+1.5e-5*1.10^x*(1.10-1)/ln1.10)); FIRST/M=1.250000*q_base, FIRST/F=0.795455*q_base so the 0.45/0.55 unisex blend reproduces q_base; SECOND=1.20*FIRST. DAV 2004 R and DAV 2004 R-Bestand are DAV property, are cited by name and are not shipped [R10] [R11] [REG-R47] [REG-R49]. Every series is capped at 1.0, which binds only on SECOND/M at ages 117-119"
FIRST,F,107,0.274285378314,"[std] Gompertz-Makeham proxy q_base(x)=1-exp(-(0.0002+1.5e-5*1.10^x*(1.10-1)/ln1.10)); FIRST/M=1.250000*q_base, FIRST/F=0.795455*q_base so the 0.45/0.55 unisex blend reproduces q_base; SECOND=1.20*FIRST. DAV 2004 R and DAV 2004 R-Bestand are DAV property, are cited by name and are not shipped [R10] [R11] [REG-R47] [REG-R49]. Every series is capped at 1.0, which binds only on SECOND/M at ages 117-119"
FIRST,F,108,0.295853047562,"[std] Gompertz-Makeham proxy q_base(x)=1-exp(-(0.0002+1.5e-5*1.10^x*(1.10-1)/ln1.10)); FIRST/M=1.250000*q_base, FIRST/F=0.795455*q_base so the 0.45/0.55 unisex blend reproduces q_base; SECOND=1.20*FIRST. DAV 2004 R and DAV 2004 R-Bestand are DAV property, are cited by name and are not shipped [R10] [R11] [REG-R47] [REG-R49]. Every series is capped at 1.0, which binds only on SECOND/M at ages 117-119"
FIRST,F,109,0.318548036366,"[std] Gompertz-Makeham proxy q_base(x)=1-exp(-(0.0002+1.5e-5*1.10^x*(1.10-1)/ln1.10)); FIRST/M=1.250000*q_base, FIRST/F=0.795455*q_base so the 0.45/0.55 unisex blend reproduces q_base; SECOND=1.20*FIRST. DAV 2004 R and DAV 2004 R-Bestand are DAV property, are cited by name and are not shipped [R10] [R11] [REG-R47] [REG-R49]. Every series is capped at 1.0, which binds only on SECOND/M at ages 117-119"
FIRST,F,110,0.342323603474,"[std] Gompertz-Makeham proxy q_base(x)=1-exp(-(0.0002+1.5e-5*1.10^x*(1.10-1)/ln1.10)); FIRST/M=1.250000*q_base, FIRST/F=0.795455*q_base so the 0.45/0.55 unisex blend reproduces q_base; SECOND=1.20*FIRST. DAV 2004 R and DAV 2004 R-Bestand are DAV property, are cited by name and are not shipped [R10] [R11] [REG-R47] [REG-R49]. Every series is capped at 1.0, which binds only on SECOND/M at ages 117-119"
FIRST,F,111,0.367110007395,"[std] Gompertz-Makeham proxy q_base(x)=1-exp(-(0.0002+1.5e-5*1.10^x*(1.10-1)/ln1.10)); FIRST/M=1.250000*q_base, FIRST/F=0.795455*q_base so the 0.45/0.55 unisex blend reproduces q_base; SECOND=1.20*FIRST. DAV 2004 R and DAV 2004 R-Bestand are DAV property, are cited by name and are not shipped [R10] [R11] [REG-R47] [REG-R49]. Every series is capped at 1.0, which binds only on SECOND/M at ages 117-119"
FIRST,F,112,0.392811967726,"[std] Gompertz-Makeham proxy q_base(x)=1-exp(-(0.0002+1.5e-5*1.10^x*(1.10-1)/ln1.10)); FIRST/M=1.250000*q_base, FIRST/F=0.795455*q_base so the 0.45/0.55 unisex blend reproduces q_base; SECOND=1.20*FIRST. DAV 2004 R and DAV 2004 R-Bestand are DAV property, are cited by name and are not shipped [R10] [R11] [REG-R47] [REG-R49]. Every series is capped at 1.0, which binds only on SECOND/M at ages 117-119"
FIRST,F,113,0.419306502732,"[std] Gompertz-Makeham proxy q_base(x)=1-exp(-(0.0002+1.5e-5*1.10^x*(1.10-1)/ln1.10)); FIRST/M=1.250000*q_base, FIRST/F=0.795455*q_base so the 0.45/0.55 unisex blend reproduces q_base; SECOND=1.20*FIRST. DAV 2004 R and DAV 2004 R-Bestand are DAV property, are cited by name and are not shipped [R10] [R11] [REG-R47] [REG-R49]. Every series is capped at 1.0, which binds only on SECOND/M at ages 117-119"
FIRST,F,114,0.446441369378,"[std] Gompertz-Makeham proxy q_base(x)=1-exp(-(0.0002+1.5e-5*1.10^x*(1.10-1)/ln1.10)); FIRST/M=1.250000*q_base, FIRST/F=0.795455*q_base so the 0.45/0.55 unisex blend reproduces q_base; SECOND=1.20*FIRST. DAV 2004 R and DAV 2004 R-Bestand are DAV property, are cited by name and are not shipped [R10] [R11] [REG-R47] [REG-R49]. Every series is capped at 1.0, which binds only on SECOND/M at ages 117-119"
FIRST,F,115,0.474034367281,"[std] Gompertz-Makeham proxy q_base(x)=1-exp(-(0.0002+1.5e-5*1.10^x*(1.10-1)/ln1.10)); FIRST/M=1.250000*q_base, FIRST/F=0.795455*q_base so the 0.45/0.55 unisex blend reproduces q_base; SECOND=1.20*FIRST. DAV 2004 R and DAV 2004 R-Bestand are DAV property, are cited by name and are not shipped [R10] [R11] [REG-R47] [REG-R49]. Every series is capped at 1.0, which binds only on SECOND/M at ages 117-119"
FIRST,F,116,0.501873793364,"[std] Gompertz-Makeham proxy q_base(x)=1-exp(-(0.0002+1.5e-5*1.10^x*(1.10-1)/ln1.10)); FIRST/M=1.250000*q_base, FIRST/F=0.795455*q_base so the 0.45/0.55 unisex blend reproduces q_base; SECOND=1.20*FIRST. DAV 2004 R and DAV 2004 R-Bestand are DAV property, are cited by name and are not shipped [R10] [R11] [REG-R47] [REG-R49]. Every series is capped at 1.0, which binds only on SECOND/M at ages 117-119"
FIRST,F,117,0.529720341827,"[std] Gompertz-Makeham proxy q_base(x)=1-exp(-(0.0002+1.5e-5*1.10^x*(1.10-1)/ln1.10)); FIRST/M=1.250000*q_base, FIRST/F=0.795455*q_base so the 0.45/0.55 unisex blend reproduces q_base; SECOND=1.20*FIRST. DAV 2004 R and DAV 2004 R-Bestand are DAV property, are cited by name and are not shipped [R10] [R11] [REG-R47] [REG-R49]. Every series is capped at 1.0, which binds only on SECOND/M at ages 117-119"
FIRST,F,118,0.557310725358,"[std] Gompertz-Makeham proxy q_base(x)=1-exp(-(0.0002+1.5e-5*1.10^x*(1.10-1)/ln1.10)); FIRST/M=1.250000*q_base, FIRST/F=0.795455*q_base so the 0.45/0.55 unisex blend reproduces q_base; SECOND=1.20*FIRST. DAV 2004 R and DAV 2004 R-Bestand are DAV property, are cited by name and are not shipped [R10] [R11] [REG-R47] [REG-R49]. Every series is capped at 1.0, which binds only on SECOND/M at ages 117-119"
FIRST,F,119,0.584363238665,"[std] Gompertz-Makeham proxy q_base(x)=1-exp(-(0.0002+1.5e-5*1.10^x*(1.10-1)/ln1.10)); FIRST/M=1.250000*q_base, FIRST/F=0.795455*q_base so the 0.45/0.55 unisex blend reproduces q_base; SECOND=1.20*FIRST. DAV 2004 R and DAV 2004 R-Bestand are DAV property, are cited by name and are not shipped [R10] [R11] [REG-R47] [REG-R49]. Every series is capped at 1.0, which binds only on SECOND/M at ages 117-119"
FIRST,F,120,1.000000000000,"[std] closing row: q=1.0 at attained age 120 in every series, so the survival path reaches zero inside the omega_age=121 horizon [R10]"
SECOND,M,50,0.003068119294,"[std] Gompertz-Makeham proxy q_base(x)=1-exp(-(0.0002+1.5e-5*1.10^x*(1.10-1)/ln1.10)); FIRST/M=1.250000*q_base, FIRST/F=0.795455*q_base so the 0.45/0.55 unisex blend reproduces q_base; SECOND=1.20*FIRST. DAV 2004 R and DAV 2004 R-Bestand are DAV property, are cited by name and are not shipped [R10] [R11] [REG-R47] [REG-R49]. Every series is capped at 1.0, which binds only on SECOND/M at ages 117-119"
SECOND,M,51,0.003344653048,"[std] Gompertz-Makeham proxy q_base(x)=1-exp(-(0.0002+1.5e-5*1.10^x*(1.10-1)/ln1.10)); FIRST/M=1.250000*q_base, FIRST/F=0.795455*q_base so the 0.45/0.55 unisex blend reproduces q_base; SECOND=1.20*FIRST. DAV 2004 R and DAV 2004 R-Bestand are DAV property, are cited by name and are not shipped [R10] [R11] [REG-R47] [REG-R49]. Every series is capped at 1.0, which binds only on SECOND/M at ages 117-119"
SECOND,M,52,0.003648781174,"[std] Gompertz-Makeham proxy q_base(x)=1-exp(-(0.0002+1.5e-5*1.10^x*(1.10-1)/ln1.10)); FIRST/M=1.250000*q_base, FIRST/F=0.795455*q_base so the 0.45/0.55 unisex blend reproduces q_base; SECOND=1.20*FIRST. DAV 2004 R and DAV 2004 R-Bestand are DAV property, are cited by name and are not shipped [R10] [R11] [REG-R47] [REG-R49]. Every series is capped at 1.0, which binds only on SECOND/M at ages 117-119"
SECOND,M,53,0.003983250733,"[std] Gompertz-Makeham proxy q_base(x)=1-exp(-(0.0002+1.5e-5*1.10^x*(1.10-1)/ln1.10)); FIRST/M=1.250000*q_base, FIRST/F=0.795455*q_base so the 0.45/0.55 unisex blend reproduces q_base; SECOND=1.20*FIRST. DAV 2004 R and DAV 2004 R-Bestand are DAV property, are cited by name and are not shipped [R10] [R11] [REG-R47] [REG-R49]. Every series is capped at 1.0, which binds only on SECOND/M at ages 117-119"
SECOND,M,54,0.004351080899,"[std] Gompertz-Makeham proxy q_base(x)=1-exp(-(0.0002+1.5e-5*1.10^x*(1.10-1)/ln1.10)); FIRST/M=1.250000*q_base, FIRST/F=0.795455*q_base so the 0.45/0.55 unisex blend reproduces q_base; SECOND=1.20*FIRST. DAV 2004 R and DAV 2004 R-Bestand are DAV property, are cited by name and are not shipped [R10] [R11] [REG-R47] [REG-R49]. Every series is capped at 1.0, which binds only on SECOND/M at ages 117-119"
SECOND,M,55,0.004755589625,"[std] Gompertz-Makeham proxy q_base(x)=1-exp(-(0.0002+1.5e-5*1.10^x*(1.10-1)/ln1.10)); FIRST/M=1.250000*q_base, FIRST/F=0.795455*q_base so the 0.45/0.55 unisex blend reproduces q_base; SECOND=1.20*FIRST. DAV 2004 R and DAV 2004 R-Bestand are DAV property, are cited by name and are not shipped [R10] [R11] [REG-R47] [REG-R49]. Every series is capped at 1.0, which binds only on SECOND/M at ages 117-119"
SECOND,M,56,0.005200422865,"[std] Gompertz-Makeham proxy q_base(x)=1-exp(-(0.0002+1.5e-5*1.10^x*(1.10-1)/ln1.10)); FIRST/M=1.250000*q_base, FIRST/F=0.795455*q_base so the 0.45/0.55 unisex blend reproduces q_base; SECOND=1.20*FIRST. DAV 2004 R and DAV 2004 R-Bestand are DAV property, are cited by name and are not shipped [R10] [R11] [REG-R47] [REG-R49]. Every series is capped at 1.0, which binds only on SECOND/M at ages 117-119"
SECOND,M,57,0.005689586582,"[std] Gompertz-Makeham proxy q_base(x)=1-exp(-(0.0002+1.5e-5*1.10^x*(1.10-1)/ln1.10)); FIRST/M=1.250000*q_base, FIRST/F=0.795455*q_base so the 0.45/0.55 unisex blend reproduces q_base; SECOND=1.20*FIRST. DAV 2004 R and DAV 2004 R-Bestand are DAV property, are cited by name and are not shipped [R10] [R11] [REG-R47] [REG-R49]. Every series is capped at 1.0, which binds only on SECOND/M at ages 117-119"
SECOND,M,58,0.006227481784,"[std] Gompertz-Makeham proxy q_base(x)=1-exp(-(0.0002+1.5e-5*1.10^x*(1.10-1)/ln1.10)); FIRST/M=1.250000*q_base, FIRST/F=0.795455*q_base so the 0.45/0.55 unisex blend reproduces q_base; SECOND=1.20*FIRST. DAV 2004 R and DAV 2004 R-Bestand are DAV property, are cited by name and are not shipped [R10] [R11] [REG-R47] [REG-R49]. Every series is capped at 1.0, which binds only on SECOND/M at ages 117-119"
SECOND,M,59,0.006818942876,"[std] Gompertz-Makeham proxy q_base(x)=1-exp(-(0.0002+1.5e-5*1.10^x*(1.10-1)/ln1.10)); FIRST/M=1.250000*q_base, FIRST/F=0.795455*q_base so the 0.45/0.55 unisex blend reproduces q_base; SECOND=1.20*FIRST. DAV 2004 R and DAV 2004 R-Bestand are DAV property, are cited by name and are not shipped [R10] [R11] [REG-R47] [REG-R49]. Every series is capped at 1.0, which binds only on SECOND/M at ages 117-119"
SECOND,M,60,0.007469279591,"[std] Gompertz-Makeham proxy q_base(x)=1-exp(-(0.0002+1.5e-5*1.10^x*(1.10-1)/ln1.10)); FIRST/M=1.250000*q_base, FIRST/F=0.795455*q_base so the 0.45/0.55 unisex blend reproduces q_base; SECOND=1.20*FIRST. DAV 2004 R and DAV 2004 R-Bestand are DAV property, are cited by name and are not shipped [R10] [R11] [REG-R47] [REG-R49]. Every series is capped at 1.0, which binds only on SECOND/M at ages 117-119"
SECOND,M,61,0.008184322834,"[std] Gompertz-Makeham proxy q_base(x)=1-exp(-(0.0002+1.5e-5*1.10^x*(1.10-1)/ln1.10)); FIRST/M=1.250000*q_base, FIRST/F=0.795455*q_base so the 0.45/0.55 unisex blend reproduces q_base; SECOND=1.20*FIRST. DAV 2004 R and DAV 2004 R-Bestand are DAV property, are cited by name and are not shipped [R10] [R11] [REG-R47] [REG-R49]. Every series is capped at 1.0, which binds only on SECOND/M at ages 117-119"
SECOND,M,62,0.008970474746,"[std] Gompertz-Makeham proxy q_base(x)=1-exp(-(0.0002+1.5e-5*1.10^x*(1.10-1)/ln1.10)); FIRST/M=1.250000*q_base, FIRST/F=0.795455*q_base so the 0.45/0.55 unisex blend reproduces q_base; SECOND=1.20*FIRST. DAV 2004 R and DAV 2004 R-Bestand are DAV property, are cited by name and are not shipped [R10] [R11] [REG-R47] [REG-R49]. Every series is capped at 1.0, which binds only on SECOND/M at ages 117-119"
SECOND,M,63,0.009834763359,"[std] Gompertz-Makeham proxy q_base(x)=1-exp(-(0.0002+1.5e-5*1.10^x*(1.10-1)/ln1.10)); FIRST/M=1.250000*q_base, FIRST/F=0.795455*q_base so the 0.45/0.55 unisex blend reproduces q_base; SECOND=1.20*FIRST. DAV 2004 R and DAV 2004 R-Bestand are DAV property, are cited by name and are not shipped [R10] [R11] [REG-R47] [REG-R49]. Every series is capped at 1.0, which binds only on SECOND/M at ages 117-119"
SECOND,M,64,0.010784902199,"[std] Gompertz-Makeham proxy q_base(x)=1-exp(-(0.0002+1.5e-5*1.10^x*(1.10-1)/ln1.10)); FIRST/M=1.250000*q_base, FIRST/F=0.795455*q_base so the 0.45/0.55 unisex blend reproduces q_base; SECOND=1.20*FIRST. DAV 2004 R and DAV 2004 R-Bestand are DAV property, are cited by name and are not shipped [R10] [R11] [REG-R47] [REG-R49]. Every series is capped at 1.0, which binds only on SECOND/M at ages 117-119"
SECOND,M,65,0.011829355222,"[std] Gompertz-Makeham proxy q_base(x)=1-exp(-(0.0002+1.5e-5*1.10^x*(1.10-1)/ln1.10)); FIRST/M=1.250000*q_base, FIRST/F=0.795455*q_base so the 0.45/0.55 unisex blend reproduces q_base; SECOND=1.20*FIRST. DAV 2004 R and DAV 2004 R-Bestand are DAV property, are cited by name and are not shipped [R10] [R11] [REG-R47] [REG-R49]. Every series is capped at 1.0, which binds only on SECOND/M at ages 117-119"
SECOND,M,66,0.012977407505,"[std] Gompertz-Makeham proxy q_base(x)=1-exp(-(0.0002+1.5e-5*1.10^x*(1.10-1)/ln1.10)); FIRST/M=1.250000*q_base, FIRST/F=0.795455*q_base so the 0.45/0.55 unisex blend reproduces q_base; SECOND=1.20*FIRST. DAV 2004 R and DAV 2004 R-Bestand are DAV property, are cited by name and are not shipped [R10] [R11] [REG-R47] [REG-R49]. Every series is capped at 1.0, which binds only on SECOND/M at ages 117-119"
SECOND,M,67,0.014239242097,"[std] Gompertz-Makeham proxy q_base(x)=1-exp(-(0.0002+1.5e-5*1.10^x*(1.10-1)/ln1.10)); FIRST/M=1.250000*q_base, FIRST/F=0.795455*q_base so the 0.45/0.55 unisex blend reproduces q_base; SECOND=1.20*FIRST. DAV 2004 R and DAV 2004 R-Bestand are DAV property, are cited by name and are not shipped [R10] [R11] [REG-R47] [REG-R49]. Every series is capped at 1.0, which binds only on SECOND/M at ages 117-119"
SECOND,M,68,0.015626023469,"[std] Gompertz-Makeham proxy q_base(x)=1-exp(-(0.0002+1.5e-5*1.10^x*(1.10-1)/ln1.10)); FIRST/M=1.250000*q_base, FIRST/F=0.795455*q_base so the 0.45/0.55 unisex blend reproduces q_base; SECOND=1.20*FIRST. DAV 2004 R and DAV 2004 R-Bestand are DAV property, are cited by name and are not shipped [R10] [R11] [REG-R47] [REG-R49]. Every series is capped at 1.0, which binds only on SECOND/M at ages 117-119"
SECOND,M,69,0.017149987997,"[std] Gompertz-Makeham proxy q_base(x)=1-exp(-(0.0002+1.5e-5*1.10^x*(1.10-1)/ln1.10)); FIRST/M=1.250000*q_base, FIRST/F=0.795455*q_base so the 0.45/0.55 unisex blend reproduces q_base; SECOND=1.20*FIRST. DAV 2004 R and DAV 2004 R-Bestand are DAV property, are cited by name and are not shipped [R10] [R11] [REG-R47] [REG-R49]. Every series is capped at 1.0, which binds only on SECOND/M at ages 117-119"
SECOND,M,70,0.018824541914,"[std] Gompertz-Makeham proxy q_base(x)=1-exp(-(0.0002+1.5e-5*1.10^x*(1.10-1)/ln1.10)); FIRST/M=1.250000*q_base, FIRST/F=0.795455*q_base so the 0.45/0.55 unisex blend reproduces q_base; SECOND=1.20*FIRST. DAV 2004 R and DAV 2004 R-Bestand are DAV property, are cited by name and are not shipped [R10] [R11] [REG-R47] [REG-R49]. Every series is capped at 1.0, which binds only on SECOND/M at ages 117-119"
SECOND,M,71,0.020664367152,"[std] Gompertz-Makeham proxy q_base(x)=1-exp(-(0.0002+1.5e-5*1.10^x*(1.10-1)/ln1.10)); FIRST/M=1.250000*q_base, FIRST/F=0.795455*q_base so the 0.45/0.55 unisex blend reproduces q_base; SECOND=1.20*FIRST. DAV 2004 R and DAV 2004 R-Bestand are DAV property, are cited by name and are not shipped [R10] [R11] [REG-R47] [REG-R49]. Every series is capped at 1.0, which binds only on SECOND/M at ages 117-119"
SECOND,M,72,0.022685535482,"[std] Gompertz-Makeham proxy q_base(x)=1-exp(-(0.0002+1.5e-5*1.10^x*(1.10-1)/ln1.10)); FIRST/M=1.250000*q_base, FIRST/F=0.795455*q_base so the 0.45/0.55 unisex blend reproduces q_base; SECOND=1.20*FIRST. DAV 2004 R and DAV 2004 R-Bestand are DAV property, are cited by name and are not shipped [R10] [R11] [REG-R47] [REG-R49]. Every series is capped at 1.0, which binds only on SECOND/M at ages 117-119"
SECOND,M,73,0.024905631306,"[std] Gompertz-Makeham proxy q_base(x)=1-exp(-(0.0002+1.5e-5*1.10^x*(1.10-1)/ln1.10)); FIRST/M=1.250000*q_base, FIRST/F=0.795455*q_base so the 0.45/0.55 unisex blend reproduces q_base; SECOND=1.20*FIRST. DAV 2004 R and DAV 2004 R-Bestand are DAV property, are cited by name and are not shipped [R10] [R11] [REG-R47] [REG-R49]. Every series is capped at 1.0, which binds only on SECOND/M at ages 117-119"
SECOND,M,74,0.027343883433,"[std] Gompertz-Makeham proxy q_base(x)=1-exp(-(0.0002+1.5e-5*1.10^x*(1.10-1)/ln1.10)); FIRST/M=1.250000*q_base, FIRST/F=0.795455*q_base so the 0.45/0.55 unisex blend reproduces q_base; SECOND=1.20*FIRST. DAV 2004 R and DAV 2004 R-Bestand are DAV property, are cited by name and are not shipped [R10] [R11] [REG-R47] [REG-R49]. Every series is capped at 1.0, which binds only on SECOND/M at ages 117-119"
SECOND,M,75,0.030021306031,"[std] Gompertz-Makeham proxy q_base(x)=1-exp(-(0.0002+1.5e-5*1.10^x*(1.10-1)/ln1.10)); FIRST/M=1.250000*q_base, FIRST/F=0.795455*q_base so the 0.45/0.55 unisex blend reproduces q_base; SECOND=1.20*FIRST. DAV 2004 R and DAV 2004 R-Bestand are DAV property, are cited by name and are not shipped [R10] [R11] [REG-R47] [REG-R49]. Every series is capped at 1.0, which binds only on SECOND/M at ages 117-119"
SECOND,M,76,0.032960848924,"[std] Gompertz-Makeham proxy q_base(x)=1-exp(-(0.0002+1.5e-5*1.10^x*(1.10-1)/ln1.10)); FIRST/M=1.250000*q_base, FIRST/F=0.795455*q_base so the 0.45/0.55 unisex blend reproduces q_base; SECOND=1.20*FIRST. DAV 2004 R and DAV 2004 R-Bestand are DAV property, are cited by name and are not shipped [R10] [R11] [REG-R47] [REG-R49]. Every series is capped at 1.0, which binds only on SECOND/M at ages 117-119"
SECOND,M,77,0.036187557172,"[std] Gompertz-Makeham proxy q_base(x)=1-exp(-(0.0002+1.5e-5*1.10^x*(1.10-1)/ln1.10)); FIRST/M=1.250000*q_base, FIRST/F=0.795455*q_base so the 0.45/0.55 unisex blend reproduces q_base; SECOND=1.20*FIRST. DAV 2004 R and DAV 2004 R-Bestand are DAV property, are cited by name and are not shipped [R10] [R11] [REG-R47] [REG-R49]. Every series is capped at 1.0, which binds only on SECOND/M at ages 117-119"
SECOND,M,78,0.039728739757,"[std] Gompertz-Makeham proxy q_base(x)=1-exp(-(0.0002+1.5e-5*1.10^x*(1.10-1)/ln1.10)); FIRST/M=1.250000*q_base, FIRST/F=0.795455*q_base so the 0.45/0.55 unisex blend reproduces q_base; SECOND=1.20*FIRST. DAV 2004 R and DAV 2004 R-Bestand are DAV property, are cited by name and are not shipped [R10] [R11] [REG-R47] [REG-R49]. Every series is capped at 1.0, which binds only on SECOND/M at ages 117-119"
SECOND,M,79,0.043614146913,"[std] Gompertz-Makeham proxy q_base(x)=1-exp(-(0.0002+1.5e-5*1.10^x*(1.10-1)/ln1.10)); FIRST/M=1.250000*q_base, FIRST/F=0.795455*q_base so the 0.45/0.55 unisex blend reproduces q_base; SECOND=1.20*FIRST. DAV 2004 R and DAV 2004 R-Bestand are DAV property, are cited by name and are not shipped [R10] [R11] [REG-R47] [REG-R49]. Every series is capped at 1.0, which binds only on SECOND/M at ages 117-119"
SECOND,M,80,0.047876155373,"[std] Gompertz-Makeham proxy q_base(x)=1-exp(-(0.0002+1.5e-5*1.10^x*(1.10-1)/ln1.10)); FIRST/M=1.250000*q_base, FIRST/F=0.795455*q_base so the 0.45/0.55 unisex blend reproduces q_base; SECOND=1.20*FIRST. DAV 2004 R and DAV 2004 R-Bestand are DAV property, are cited by name and are not shipped [R10] [R11] [REG-R47] [REG-R49]. Every series is capped at 1.0, which binds only on SECOND/M at ages 117-119"
SECOND,M,81,0.052549960391,"[std] Gompertz-Makeham proxy q_base(x)=1-exp(-(0.0002+1.5e-5*1.10^x*(1.10-1)/ln1.10)); FIRST/M=1.250000*q_base, FIRST/F=0.795455*q_base so the 0.45/0.55 unisex blend reproduces q_base; SECOND=1.20*FIRST. DAV 2004 R and DAV 2004 R-Bestand are DAV property, are cited by name and are not shipped [R10] [R11] [REG-R47] [REG-R49]. Every series is capped at 1.0, which binds only on SECOND/M at ages 117-119"
SECOND,M,82,0.057673772989,"[std] Gompertz-Makeham proxy q_base(x)=1-exp(-(0.0002+1.5e-5*1.10^x*(1.10-1)/ln1.10)); FIRST/M=1.250000*q_base, FIRST/F=0.795455*q_base so the 0.45/0.55 unisex blend reproduces q_base; SECOND=1.20*FIRST. DAV 2004 R and DAV 2004 R-Bestand are DAV property, are cited by name and are not shipped [R10] [R11] [REG-R47] [REG-R49]. Every series is capped at 1.0, which binds only on SECOND/M at ages 117-119"
SECOND,M,83,0.063289020245,"[std] Gompertz-Makeham proxy q_base(x)=1-exp(-(0.0002+1.5e-5*1.10^x*(1.10-1)/ln1.10)); FIRST/M=1.250000*q_base, FIRST/F=0.795455*q_base so the 0.45/0.55 unisex blend reproduces q_base; SECOND=1.20*FIRST. DAV 2004 R and DAV 2004 R-Bestand are DAV property, are cited by name and are not shipped [R10] [R11] [REG-R47] [REG-R49]. Every series is capped at 1.0, which binds only on SECOND/M at ages 117-119"
SECOND,M,84,0.069440545804,"[std] Gompertz-Makeham proxy q_base(x)=1-exp(-(0.0002+1.5e-5*1.10^x*(1.10-1)/ln1.10)); FIRST/M=1.250000*q_base, FIRST/F=0.795455*q_base so the 0.45/0.55 unisex blend reproduces q_base; SECOND=1.20*FIRST. DAV 2004 R and DAV 2004 R-Bestand are DAV property, are cited by name and are not shipped [R10] [R11] [REG-R47] [REG-R49]. Every series is capped at 1.0, which binds only on SECOND/M at ages 117-119"
SECOND,M,85,0.076176806933,"[std] Gompertz-Makeham proxy q_base(x)=1-exp(-(0.0002+1.5e-5*1.10^x*(1.10-1)/ln1.10)); FIRST/M=1.250000*q_base, FIRST/F=0.795455*q_base so the 0.45/0.55 unisex blend reproduces q_base; SECOND=1.20*FIRST. DAV 2004 R and DAV 2004 R-Bestand are DAV property, are cited by name and are not shipped [R10] [R11] [REG-R47] [REG-R49]. Every series is capped at 1.0, which binds only on SECOND/M at ages 117-119"
SECOND,M,86,0.083550063437,"[std] Gompertz-Makeham proxy q_base(x)=1-exp(-(0.0002+1.5e-5*1.10^x*(1.10-1)/ln1.10)); FIRST/M=1.250000*q_base, FIRST/F=0.795455*q_base so the 0.45/0.55 unisex blend reproduces q_base; SECOND=1.20*FIRST. DAV 2004 R and DAV 2004 R-Bestand are DAV property, are cited by name and are not shipped [R10] [R11] [REG-R47] [REG-R49]. Every series is capped at 1.0, which binds only on SECOND/M at ages 117-119"
SECOND,M,87,0.091616552602,"[std] Gompertz-Makeham proxy q_base(x)=1-exp(-(0.0002+1.5e-5*1.10^x*(1.10-1)/ln1.10)); FIRST/M=1.250000*q_base, FIRST/F=0.795455*q_base so the 0.45/0.55 unisex blend reproduces q_base; SECOND=1.20*FIRST. DAV 2004 R and DAV 2004 R-Bestand are DAV property, are cited by name and are not shipped [R10] [R11] [REG-R47] [REG-R49]. Every series is capped at 1.0, which binds only on SECOND/M at ages 117-119"
SECOND,M,88,0.100436642891,"[std] Gompertz-Makeham proxy q_base(x)=1-exp(-(0.0002+1.5e-5*1.10^x*(1.10-1)/ln1.10)); FIRST/M=1.250000*q_base, FIRST/F=0.795455*q_base so the 0.45/0.55 unisex blend reproduces q_base; SECOND=1.20*FIRST. DAV 2004 R and DAV 2004 R-Bestand are DAV property, are cited by name and are not shipped [R10] [R11] [REG-R47] [REG-R49]. Every series is capped at 1.0, which binds only on SECOND/M at ages 117-119"
SECOND,M,89,0.110074957536,"[std] Gompertz-Makeham proxy q_base(x)=1-exp(-(0.0002+1.5e-5*1.10^x*(1.10-1)/ln1.10)); FIRST/M=1.250000*q_base, FIRST/F=0.795455*q_base so the 0.45/0.55 unisex blend reproduces q_base; SECOND=1.20*FIRST. DAV 2004 R and DAV 2004 R-Bestand are DAV property, are cited by name and are not shipped [R10] [R11] [REG-R47] [REG-R49]. Every series is capped at 1.0, which binds only on SECOND/M at ages 117-119"
SECOND,M,90,0.120600457247,"[std] Gompertz-Makeham proxy q_base(x)=1-exp(-(0.0002+1.5e-5*1.10^x*(1.10-1)/ln1.10)); FIRST/M=1.250000*q_base, FIRST/F=0.795455*q_base so the 0.45/0.55 unisex blend reproduces q_base; SECOND=1.20*FIRST. DAV 2004 R and DAV 2004 R-Bestand are DAV property, are cited by name and are not shipped [R10] [R11] [REG-R47] [REG-R49]. Every series is capped at 1.0, which binds only on SECOND/M at ages 117-119"
SECOND,M,91,0.132086469129,"[std] Gompertz-Makeham proxy q_base(x)=1-exp(-(0.0002+1.5e-5*1.10^x*(1.10-1)/ln1.10)); FIRST/M=1.250000*q_base, FIRST/F=0.795455*q_base so the 0.45/0.55 unisex blend reproduces q_base; SECOND=1.20*FIRST. DAV 2004 R and DAV 2004 R-Bestand are DAV property, are cited by name and are not shipped [R10] [R11] [REG-R47] [REG-R49]. Every series is capped at 1.0, which binds only on SECOND/M at ages 117-119"
SECOND,M,92,0.144610646460,"[std] Gompertz-Makeham proxy q_base(x)=1-exp(-(0.0002+1.5e-5*1.10^x*(1.10-1)/ln1.10)); FIRST/M=1.250000*q_base, FIRST/F=0.795455*q_base so the 0.45/0.55 unisex blend reproduces q_base; SECOND=1.20*FIRST. DAV 2004 R and DAV 2004 R-Bestand are DAV property, are cited by name and are not shipped [R10] [R11] [REG-R47] [REG-R49]. Every series is capped at 1.0, which binds only on SECOND/M at ages 117-119"
SECOND,M,93,0.158254841239,"[std] Gompertz-Makeham proxy q_base(x)=1-exp(-(0.0002+1.5e-5*1.10^x*(1.10-1)/ln1.10)); FIRST/M=1.250000*q_base, FIRST/F=0.795455*q_base so the 0.45/0.55 unisex blend reproduces q_base; SECOND=1.20*FIRST. DAV 2004 R and DAV 2004 R-Bestand are DAV property, are cited by name and are not shipped [R10] [R11] [REG-R47] [REG-R49]. Every series is capped at 1.0, which binds only on SECOND/M at ages 117-119"
SECOND,M,94,0.173104868472,"[std] Gompertz-Makeham proxy q_base(x)=1-exp(-(0.0002+1.5e-5*1.10^x*(1.10-1)/ln1.10)); FIRST/M=1.250000*q_base, FIRST/F=0.795455*q_base so the 0.45/0.55 unisex blend reproduces q_base; SECOND=1.20*FIRST. DAV 2004 R and DAV 2004 R-Bestand are DAV property, are cited by name and are not shipped [R10] [R11] [REG-R47] [REG-R49]. Every series is capped at 1.0, which binds only on SECOND/M at ages 117-119"
SECOND,M,95,0.189250137938,"[std] Gompertz-Makeham proxy q_base(x)=1-exp(-(0.0002+1.5e-5*1.10^x*(1.10-1)/ln1.10)); FIRST/M=1.250000*q_base, FIRST/F=0.795455*q_base so the 0.45/0.55 unisex blend reproduces q_base; SECOND=1.20*FIRST. DAV 2004 R and DAV 2004 R-Bestand are DAV property, are cited by name and are not shipped [R10] [R11] [REG-R47] [REG-R49]. Every series is capped at 1.0, which binds only on SECOND/M at ages 117-119"
SECOND,M,96,0.206783125856,"[std] Gompertz-Makeham proxy q_base(x)=1-exp(-(0.0002+1.5e-5*1.10^x*(1.10-1)/ln1.10)); FIRST/M=1.250000*q_base, FIRST/F=0.795455*q_base so the 0.45/0.55 unisex blend reproduces q_base; SECOND=1.20*FIRST. DAV 2004 R and DAV 2004 R-Bestand are DAV property, are cited by name and are not shipped [R10] [R11] [REG-R47] [REG-R49]. Every series is capped at 1.0, which binds only on SECOND/M at ages 117-119"
SECOND,M,97,0.225798655526,"[std] Gompertz-Makeham proxy q_base(x)=1-exp(-(0.0002+1.5e-5*1.10^x*(1.10-1)/ln1.10)); FIRST/M=1.250000*q_base, FIRST/F=0.795455*q_base so the 0.45/0.55 unisex blend reproduces q_base; SECOND=1.20*FIRST. DAV 2004 R and DAV 2004 R-Bestand are DAV property, are cited by name and are not shipped [R10] [R11] [REG-R47] [REG-R49]. Every series is capped at 1.0, which binds only on SECOND/M at ages 117-119"
SECOND,M,98,0.246392952785,"[std] Gompertz-Makeham proxy q_base(x)=1-exp(-(0.0002+1.5e-5*1.10^x*(1.10-1)/ln1.10)); FIRST/M=1.250000*q_base, FIRST/F=0.795455*q_base so the 0.45/0.55 unisex blend reproduces q_base; SECOND=1.20*FIRST. DAV 2004 R and DAV 2004 R-Bestand are DAV property, are cited by name and are not shipped [R10] [R11] [REG-R47] [REG-R49]. Every series is capped at 1.0, which binds only on SECOND/M at ages 117-119"
SECOND,M,99,0.268662439408,"[std] Gompertz-Makeham proxy q_base(x)=1-exp(-(0.0002+1.5e-5*1.10^x*(1.10-1)/ln1.10)); FIRST/M=1.250000*q_base, FIRST/F=0.795455*q_base so the 0.45/0.55 unisex blend reproduces q_base; SECOND=1.20*FIRST. DAV 2004 R and DAV 2004 R-Bestand are DAV property, are cited by name and are not shipped [R10] [R11] [REG-R47] [REG-R49]. Every series is capped at 1.0, which binds only on SECOND/M at ages 117-119"
SECOND,M,100,0.292702225501,"[std] Gompertz-Makeham proxy q_base(x)=1-exp(-(0.0002+1.5e-5*1.10^x*(1.10-1)/ln1.10)); FIRST/M=1.250000*q_base, FIRST/F=0.795455*q_base so the 0.45/0.55 unisex blend reproduces q_base; SECOND=1.20*FIRST. DAV 2004 R and DAV 2004 R-Bestand are DAV property, are cited by name and are not shipped [R10] [R11] [REG-R47] [REG-R49]. Every series is capped at 1.0, which binds only on SECOND/M at ages 117-119"
SECOND,M,101,0.318604261206,"[std] Gompertz-Makeham proxy q_base(x)=1-exp(-(0.0002+1.5e-5*1.10^x*(1.10-1)/ln1.10)); FIRST/M=1.250000*q_base, FIRST/F=0.795455*q_base so the 0.45/0.55 unisex blend reproduces q_base; SECOND=1.20*FIRST. DAV 2004 R and DAV 2004 R-Bestand are DAV property, are cited by name and are not shipped [R10] [R11] [REG-R47] [REG-R49]. Every series is capped at 1.0, which binds only on SECOND/M at ages 117-119"
SECOND,M,102,0.346455109028,"[std] Gompertz-Makeham proxy q_base(x)=1-exp(-(0.0002+1.5e-5*1.10^x*(1.10-1)/ln1.10)); FIRST/M=1.250000*q_base, FIRST/F=0.795455*q_base so the 0.45/0.55 unisex blend reproduces q_base; SECOND=1.20*FIRST. DAV 2004 R and DAV 2004 R-Bestand are DAV property, are cited by name and are not shipped [R10] [R11] [REG-R47] [REG-R49]. Every series is capped at 1.0, which binds only on SECOND/M at ages 117-119"
SECOND,M,103,0.376333301680,"[std] Gompertz-Makeham proxy q_base(x)=1-exp(-(0.0002+1.5e-5*1.10^x*(1.10-1)/ln1.10)); FIRST/M=1.250000*q_base, FIRST/F=0.795455*q_base so the 0.45/0.55 unisex blend reproduces q_base; SECOND=1.20*FIRST. DAV 2004 R and DAV 2004 R-Bestand are DAV property, are cited by name and are not shipped [R10] [R11] [REG-R47] [REG-R49]. Every series is capped at 1.0, which binds only on SECOND/M at ages 117-119"
SECOND,M,104,0.408306257373,"[std] Gompertz-Makeham proxy q_base(x)=1-exp(-(0.0002+1.5e-5*1.10^x*(1.10-1)/ln1.10)); FIRST/M=1.250000*q_base, FIRST/F=0.795455*q_base so the 0.45/0.55 unisex blend reproduces q_base; SECOND=1.20*FIRST. DAV 2004 R and DAV 2004 R-Bestand are DAV property, are cited by name and are not shipped [R10] [R11] [REG-R47] [REG-R49]. Every series is capped at 1.0, which binds only on SECOND/M at ages 117-119"
SECOND,M,105,0.442426735955,"[std] Gompertz-Makeham proxy q_base(x)=1-exp(-(0.0002+1.5e-5*1.10^x*(1.10-1)/ln1.10)); FIRST/M=1.250000*q_base, FIRST/F=0.795455*q_base so the 0.45/0.55 unisex blend reproduces q_base; SECOND=1.20*FIRST. DAV 2004 R and DAV 2004 R-Bestand are DAV property, are cited by name and are not shipped [R10] [R11] [REG-R47] [REG-R49]. Every series is capped at 1.0, which binds only on SECOND/M at ages 117-119"
SECOND,M,106,0.478728836466,"[std] Gompertz-Makeham proxy q_base(x)=1-exp(-(0.0002+1.5e-5*1.10^x*(1.10-1)/ln1.10)); FIRST/M=1.250000*q_base, FIRST/F=0.795455*q_base so the 0.45/0.55 unisex blend reproduces q_base; SECOND=1.20*FIRST. DAV 2004 R and DAV 2004 R-Bestand are DAV property, are cited by name and are not shipped [R10] [R11] [REG-R47] [REG-R49]. Every series is capped at 1.0, which binds only on SECOND/M at ages 117-119"
SECOND,M,107,0.517223560694,"[std] Gompertz-Makeham proxy q_base(x)=1-exp(-(0.0002+1.5e-5*1.10^x*(1.10-1)/ln1.10)); FIRST/M=1.250000*q_base, FIRST/F=0.795455*q_base so the 0.45/0.55 unisex blend reproduces q_base; SECOND=1.20*FIRST. DAV 2004 R and DAV 2004 R-Bestand are DAV property, are cited by name and are not shipped [R10] [R11] [REG-R47] [REG-R49]. Every series is capped at 1.0, which binds only on SECOND/M at ages 117-119"
SECOND,M,108,0.557893999464,"[std] Gompertz-Makeham proxy q_base(x)=1-exp(-(0.0002+1.5e-5*1.10^x*(1.10-1)/ln1.10)); FIRST/M=1.250000*q_base, FIRST/F=0.795455*q_base so the 0.45/0.55 unisex blend reproduces q_base; SECOND=1.20*FIRST. DAV 2004 R and DAV 2004 R-Bestand are DAV property, are cited by name and are not shipped [R10] [R11] [REG-R47] [REG-R49]. Every series is capped at 1.0, which binds only on SECOND/M at ages 117-119"
SECOND,M,109,0.600690239610,"[std] Gompertz-Makeham proxy q_base(x)=1-exp(-(0.0002+1.5e-5*1.10^x*(1.10-1)/ln1.10)); FIRST/M=1.250000*q_base, FIRST/F=0.795455*q_base so the 0.45/0.55 unisex blend reproduces q_base; SECOND=1.20*FIRST. DAV 2004 R and DAV 2004 R-Bestand are DAV property, are cited by name and are not shipped [R10] [R11] [REG-R47] [REG-R49]. Every series is capped at 1.0, which binds only on SECOND/M at ages 117-119"
SECOND,M,110,0.645524140537,"[std] Gompertz-Makeham proxy q_base(x)=1-exp(-(0.0002+1.5e-5*1.10^x*(1.10-1)/ln1.10)); FIRST/M=1.250000*q_base, FIRST/F=0.795455*q_base so the 0.45/0.55 unisex blend reproduces q_base; SECOND=1.20*FIRST. DAV 2004 R and DAV 2004 R-Bestand are DAV property, are cited by name and are not shipped [R10] [R11] [REG-R47] [REG-R49]. Every series is capped at 1.0, which binds only on SECOND/M at ages 117-119"
SECOND,M,111,0.692264189794,"[std] Gompertz-Makeham proxy q_base(x)=1-exp(-(0.0002+1.5e-5*1.10^x*(1.10-1)/ln1.10)); FIRST/M=1.250000*q_base, FIRST/F=0.795455*q_base so the 0.45/0.55 unisex blend reproduces q_base; SECOND=1.20*FIRST. DAV 2004 R and DAV 2004 R-Bestand are DAV property, are cited by name and are not shipped [R10] [R11] [REG-R47] [REG-R49]. Every series is capped at 1.0, which binds only on SECOND/M at ages 117-119"
SECOND,M,112,0.740730715866,"[std] Gompertz-Makeham proxy q_base(x)=1-exp(-(0.0002+1.5e-5*1.10^x*(1.10-1)/ln1.10)); FIRST/M=1.250000*q_base, FIRST/F=0.795455*q_base so the 0.45/0.55 unisex blend reproduces q_base; SECOND=1.20*FIRST. DAV 2004 R and DAV 2004 R-Bestand are DAV property, are cited by name and are not shipped [R10] [R11] [REG-R47] [REG-R49]. Every series is capped at 1.0, which binds only on SECOND/M at ages 117-119"
SECOND,M,113,0.790691810471,"[std] Gompertz-Makeham proxy q_base(x)=1-exp(-(0.0002+1.5e-5*1.10^x*(1.10-1)/ln1.10)); FIRST/M=1.250000*q_base, FIRST/F=0.795455*q_base so the 0.45/0.55 unisex blend reproduces q_base; SECOND=1.20*FIRST. DAV 2004 R and DAV 2004 R-Bestand are DAV property, are cited by name and are not shipped [R10] [R11] [REG-R47] [REG-R49]. Every series is capped at 1.0, which binds only on SECOND/M at ages 117-119"
SECOND,M,114,0.841860386907,"[std] Gompertz-Makeham proxy q_base(x)=1-exp(-(0.0002+1.5e-5*1.10^x*(1.10-1)/ln1.10)); FIRST/M=1.250000*q_base, FIRST/F=0.795455*q_base so the 0.45/0.55 unisex blend reproduces q_base; SECOND=1.20*FIRST. DAV 2004 R and DAV 2004 R-Bestand are DAV property, are cited by name and are not shipped [R10] [R11] [REG-R47] [REG-R49]. Every series is capped at 1.0, which binds only on SECOND/M at ages 117-119"
SECOND,M,115,0.893892867505,"[std] Gompertz-Makeham proxy q_base(x)=1-exp(-(0.0002+1.5e-5*1.10^x*(1.10-1)/ln1.10)); FIRST/M=1.250000*q_base, FIRST/F=0.795455*q_base so the 0.45/0.55 unisex blend reproduces q_base; SECOND=1.20*FIRST. DAV 2004 R and DAV 2004 R-Bestand are DAV property, are cited by name and are not shipped [R10] [R11] [REG-R47] [REG-R49]. Every series is capped at 1.0, which binds only on SECOND/M at ages 117-119"
SECOND,M,116,0.946390040978,"[std] Gompertz-Makeham proxy q_base(x)=1-exp(-(0.0002+1.5e-5*1.10^x*(1.10-1)/ln1.10)); FIRST/M=1.250000*q_base, FIRST/F=0.795455*q_base so the 0.45/0.55 unisex blend reproduces q_base; SECOND=1.20*FIRST. DAV 2004 R and DAV 2004 R-Bestand are DAV property, are cited by name and are not shipped [R10] [R11] [REG-R47] [REG-R49]. Every series is capped at 1.0, which binds only on SECOND/M at ages 117-119"
SECOND,M,117,0.998900645216,"[std] Gompertz-Makeham proxy q_base(x)=1-exp(-(0.0002+1.5e-5*1.10^x*(1.10-1)/ln1.10)); FIRST/M=1.250000*q_base, FIRST/F=0.795455*q_base so the 0.45/0.55 unisex blend reproduces q_base; SECOND=1.20*FIRST. DAV 2004 R and DAV 2004 R-Bestand are DAV property, are cited by name and are not shipped [R10] [R11] [REG-R47] [REG-R49]. Every series is capped at 1.0, which binds only on SECOND/M at ages 117-119"
SECOND,M,118,1.000000000000,"[std] Gompertz-Makeham proxy q_base(x)=1-exp(-(0.0002+1.5e-5*1.10^x*(1.10-1)/ln1.10)); FIRST/M=1.250000*q_base, FIRST/F=0.795455*q_base so the 0.45/0.55 unisex blend reproduces q_base; SECOND=1.20*FIRST. DAV 2004 R and DAV 2004 R-Bestand are DAV property, are cited by name and are not shipped [R10] [R11] [REG-R47] [REG-R49]. Every series is capped at 1.0, which binds only on SECOND/M at ages 117-119"
SECOND,M,119,1.000000000000,"[std] Gompertz-Makeham proxy q_base(x)=1-exp(-(0.0002+1.5e-5*1.10^x*(1.10-1)/ln1.10)); FIRST/M=1.250000*q_base, FIRST/F=0.795455*q_base so the 0.45/0.55 unisex blend reproduces q_base; SECOND=1.20*FIRST. DAV 2004 R and DAV 2004 R-Bestand are DAV property, are cited by name and are not shipped [R10] [R11] [REG-R47] [REG-R49]. Every series is capped at 1.0, which binds only on SECOND/M at ages 117-119"
SECOND,M,120,1.000000000000,"[std] closing row: q=1.0 at attained age 120 in every series, so the survival path reaches zero inside the omega_age=121 horizon [R10]"
SECOND,F,50,0.001952440667,"[std] Gompertz-Makeham proxy q_base(x)=1-exp(-(0.0002+1.5e-5*1.10^x*(1.10-1)/ln1.10)); FIRST/M=1.250000*q_base, FIRST/F=0.795455*q_base so the 0.45/0.55 unisex blend reproduces q_base; SECOND=1.20*FIRST. DAV 2004 R and DAV 2004 R-Bestand are DAV property, are cited by name and are not shipped [R10] [R11] [REG-R47] [REG-R49]. Every series is capped at 1.0, which binds only on SECOND/M at ages 117-119"
SECOND,F,51,0.002128416792,"[std] Gompertz-Makeham proxy q_base(x)=1-exp(-(0.0002+1.5e-5*1.10^x*(1.10-1)/ln1.10)); FIRST/M=1.250000*q_base, FIRST/F=0.795455*q_base so the 0.45/0.55 unisex blend reproduces q_base; SECOND=1.20*FIRST. DAV 2004 R and DAV 2004 R-Bestand are DAV property, are cited by name and are not shipped [R10] [R11] [REG-R47] [REG-R49]. Every series is capped at 1.0, which binds only on SECOND/M at ages 117-119"
SECOND,F,52,0.002321952983,"[std] Gompertz-Makeham proxy q_base(x)=1-exp(-(0.0002+1.5e-5*1.10^x*(1.10-1)/ln1.10)); FIRST/M=1.250000*q_base, FIRST/F=0.795455*q_base so the 0.45/0.55 unisex blend reproduces q_base; SECOND=1.20*FIRST. DAV 2004 R and DAV 2004 R-Bestand are DAV property, are cited by name and are not shipped [R10] [R11] [REG-R47] [REG-R49]. Every series is capped at 1.0, which binds only on SECOND/M at ages 117-119"
SECOND,F,53,0.002534797369,"[std] Gompertz-Makeham proxy q_base(x)=1-exp(-(0.0002+1.5e-5*1.10^x*(1.10-1)/ln1.10)); FIRST/M=1.250000*q_base, FIRST/F=0.795455*q_base so the 0.45/0.55 unisex blend reproduces q_base; SECOND=1.20*FIRST. DAV 2004 R and DAV 2004 R-Bestand are DAV property, are cited by name and are not shipped [R10] [R11] [REG-R47] [REG-R49]. Every series is capped at 1.0, which binds only on SECOND/M at ages 117-119"
SECOND,F,54,0.002768871245,"[std] Gompertz-Makeham proxy q_base(x)=1-exp(-(0.0002+1.5e-5*1.10^x*(1.10-1)/ln1.10)); FIRST/M=1.250000*q_base, FIRST/F=0.795455*q_base so the 0.45/0.55 unisex blend reproduces q_base; SECOND=1.20*FIRST. DAV 2004 R and DAV 2004 R-Bestand are DAV property, are cited by name and are not shipped [R10] [R11] [REG-R47] [REG-R49]. Every series is capped at 1.0, which binds only on SECOND/M at ages 117-119"
SECOND,F,55,0.003026286036,"[std] Gompertz-Makeham proxy q_base(x)=1-exp(-(0.0002+1.5e-5*1.10^x*(1.10-1)/ln1.10)); FIRST/M=1.250000*q_base, FIRST/F=0.795455*q_base so the 0.45/0.55 unisex blend reproduces q_base; SECOND=1.20*FIRST. DAV 2004 R and DAV 2004 R-Bestand are DAV property, are cited by name and are not shipped [R10] [R11] [REG-R47] [REG-R49]. Every series is capped at 1.0, which binds only on SECOND/M at ages 117-119"
SECOND,F,56,0.003309361896,"[std] Gompertz-Makeham proxy q_base(x)=1-exp(-(0.0002+1.5e-5*1.10^x*(1.10-1)/ln1.10)); FIRST/M=1.250000*q_base, FIRST/F=0.795455*q_base so the 0.45/0.55 unisex blend reproduces q_base; SECOND=1.20*FIRST. DAV 2004 R and DAV 2004 R-Bestand are DAV property, are cited by name and are not shipped [R10] [R11] [REG-R47] [REG-R49]. Every series is capped at 1.0, which binds only on SECOND/M at ages 117-119"
SECOND,F,57,0.003620648075,"[std] Gompertz-Makeham proxy q_base(x)=1-exp(-(0.0002+1.5e-5*1.10^x*(1.10-1)/ln1.10)); FIRST/M=1.250000*q_base, FIRST/F=0.795455*q_base so the 0.45/0.55 unisex blend reproduces q_base; SECOND=1.20*FIRST. DAV 2004 R and DAV 2004 R-Bestand are DAV property, are cited by name and are not shipped [R10] [R11] [REG-R47] [REG-R49]. Every series is capped at 1.0, which binds only on SECOND/M at ages 117-119"
SECOND,F,58,0.003962945218,"[std] Gompertz-Makeham proxy q_base(x)=1-exp(-(0.0002+1.5e-5*1.10^x*(1.10-1)/ln1.10)); FIRST/M=1.250000*q_base, FIRST/F=0.795455*q_base so the 0.45/0.55 unisex blend reproduces q_base; SECOND=1.20*FIRST. DAV 2004 R and DAV 2004 R-Bestand are DAV property, are cited by name and are not shipped [R10] [R11] [REG-R47] [REG-R49]. Every series is capped at 1.0, which binds only on SECOND/M at ages 117-119"
SECOND,F,59,0.004339329764,"[std] Gompertz-Makeham proxy q_base(x)=1-exp(-(0.0002+1.5e-5*1.10^x*(1.10-1)/ln1.10)); FIRST/M=1.250000*q_base, FIRST/F=0.795455*q_base so the 0.45/0.55 unisex blend reproduces q_base; SECOND=1.20*FIRST. DAV 2004 R and DAV 2004 R-Bestand are DAV property, are cited by name and are not shipped [R10] [R11] [REG-R47] [REG-R49]. Every series is capped at 1.0, which binds only on SECOND/M at ages 117-119"
SECOND,F,60,0.004753180638,"[std] Gompertz-Makeham proxy q_base(x)=1-exp(-(0.0002+1.5e-5*1.10^x*(1.10-1)/ln1.10)); FIRST/M=1.250000*q_base, FIRST/F=0.795455*q_base so the 0.45/0.55 unisex blend reproduces q_base; SECOND=1.20*FIRST. DAV 2004 R and DAV 2004 R-Bestand are DAV property, are cited by name and are not shipped [R10] [R11] [REG-R47] [REG-R49]. Every series is capped at 1.0, which binds only on SECOND/M at ages 117-119"
SECOND,F,61,0.005208208416,"[std] Gompertz-Makeham proxy q_base(x)=1-exp(-(0.0002+1.5e-5*1.10^x*(1.10-1)/ln1.10)); FIRST/M=1.250000*q_base, FIRST/F=0.795455*q_base so the 0.45/0.55 unisex blend reproduces q_base; SECOND=1.20*FIRST. DAV 2004 R and DAV 2004 R-Bestand are DAV property, are cited by name and are not shipped [R10] [R11] [REG-R47] [REG-R49]. Every series is capped at 1.0, which binds only on SECOND/M at ages 117-119"
SECOND,F,62,0.005708487191,"[std] Gompertz-Makeham proxy q_base(x)=1-exp(-(0.0002+1.5e-5*1.10^x*(1.10-1)/ln1.10)); FIRST/M=1.250000*q_base, FIRST/F=0.795455*q_base so the 0.45/0.55 unisex blend reproduces q_base; SECOND=1.20*FIRST. DAV 2004 R and DAV 2004 R-Bestand are DAV property, are cited by name and are not shipped [R10] [R11] [REG-R47] [REG-R49]. Every series is capped at 1.0, which binds only on SECOND/M at ages 117-119"
SECOND,F,63,0.006258489350,"[std] Gompertz-Makeham proxy q_base(x)=1-exp(-(0.0002+1.5e-5*1.10^x*(1.10-1)/ln1.10)); FIRST/M=1.250000*q_base, FIRST/F=0.795455*q_base so the 0.45/0.55 unisex blend reproduces q_base; SECOND=1.20*FIRST. DAV 2004 R and DAV 2004 R-Bestand are DAV property, are cited by name and are not shipped [R10] [R11] [REG-R47] [REG-R49]. Every series is capped at 1.0, which binds only on SECOND/M at ages 117-119"
SECOND,F,64,0.006863123503,"[std] Gompertz-Makeham proxy q_base(x)=1-exp(-(0.0002+1.5e-5*1.10^x*(1.10-1)/ln1.10)); FIRST/M=1.250000*q_base, FIRST/F=0.795455*q_base so the 0.45/0.55 unisex blend reproduces q_base; SECOND=1.20*FIRST. DAV 2004 R and DAV 2004 R-Bestand are DAV property, are cited by name and are not shipped [R10] [R11] [REG-R47] [REG-R49]. Every series is capped at 1.0, which binds only on SECOND/M at ages 117-119"
SECOND,F,65,0.007527775807,"[std] Gompertz-Makeham proxy q_base(x)=1-exp(-(0.0002+1.5e-5*1.10^x*(1.10-1)/ln1.10)); FIRST/M=1.250000*q_base, FIRST/F=0.795455*q_base so the 0.45/0.55 unisex blend reproduces q_base; SECOND=1.20*FIRST. DAV 2004 R and DAV 2004 R-Bestand are DAV property, are cited by name and are not shipped [R10] [R11] [REG-R47] [REG-R49]. Every series is capped at 1.0, which binds only on SECOND/M at ages 117-119"
SECOND,F,66,0.008258354950,"[std] Gompertz-Makeham proxy q_base(x)=1-exp(-(0.0002+1.5e-5*1.10^x*(1.10-1)/ln1.10)); FIRST/M=1.250000*q_base, FIRST/F=0.795455*q_base so the 0.45/0.55 unisex blend reproduces q_base; SECOND=1.20*FIRST. DAV 2004 R and DAV 2004 R-Bestand are DAV property, are cited by name and are not shipped [R10] [R11] [REG-R47] [REG-R49]. Every series is capped at 1.0, which binds only on SECOND/M at ages 117-119"
SECOND,F,67,0.009061341058,"[std] Gompertz-Makeham proxy q_base(x)=1-exp(-(0.0002+1.5e-5*1.10^x*(1.10-1)/ln1.10)); FIRST/M=1.250000*q_base, FIRST/F=0.795455*q_base so the 0.45/0.55 unisex blend reproduces q_base; SECOND=1.20*FIRST. DAV 2004 R and DAV 2004 R-Bestand are DAV property, are cited by name and are not shipped [R10] [R11] [REG-R47] [REG-R49]. Every series is capped at 1.0, which binds only on SECOND/M at ages 117-119"
SECOND,F,68,0.009943838799,"[std] Gompertz-Makeham proxy q_base(x)=1-exp(-(0.0002+1.5e-5*1.10^x*(1.10-1)/ln1.10)); FIRST/M=1.250000*q_base, FIRST/F=0.795455*q_base so the 0.45/0.55 unisex blend reproduces q_base; SECOND=1.20*FIRST. DAV 2004 R and DAV 2004 R-Bestand are DAV property, are cited by name and are not shipped [R10] [R11] [REG-R47] [REG-R49]. Every series is capped at 1.0, which binds only on SECOND/M at ages 117-119"
SECOND,F,69,0.010913634962,"[std] Gompertz-Makeham proxy q_base(x)=1-exp(-(0.0002+1.5e-5*1.10^x*(1.10-1)/ln1.10)); FIRST/M=1.250000*q_base, FIRST/F=0.795455*q_base so the 0.45/0.55 unisex blend reproduces q_base; SECOND=1.20*FIRST. DAV 2004 R and DAV 2004 R-Bestand are DAV property, are cited by name and are not shipped [R10] [R11] [REG-R47] [REG-R49]. Every series is capped at 1.0, which binds only on SECOND/M at ages 117-119"
SECOND,F,70,0.011979260791,"[std] Gompertz-Makeham proxy q_base(x)=1-exp(-(0.0002+1.5e-5*1.10^x*(1.10-1)/ln1.10)); FIRST/M=1.250000*q_base, FIRST/F=0.795455*q_base so the 0.45/0.55 unisex blend reproduces q_base; SECOND=1.20*FIRST. DAV 2004 R and DAV 2004 R-Bestand are DAV property, are cited by name and are not shipped [R10] [R11] [REG-R47] [REG-R49]. Every series is capped at 1.0, which binds only on SECOND/M at ages 117-119"
SECOND,F,71,0.013150059339,"[std] Gompertz-Makeham proxy q_base(x)=1-exp(-(0.0002+1.5e-5*1.10^x*(1.10-1)/ln1.10)); FIRST/M=1.250000*q_base, FIRST/F=0.795455*q_base so the 0.45/0.55 unisex blend reproduces q_base; SECOND=1.20*FIRST. DAV 2004 R and DAV 2004 R-Bestand are DAV property, are cited by name and are not shipped [R10] [R11] [REG-R47] [REG-R49]. Every series is capped at 1.0, which binds only on SECOND/M at ages 117-119"
SECOND,F,72,0.014436258101,"[std] Gompertz-Makeham proxy q_base(x)=1-exp(-(0.0002+1.5e-5*1.10^x*(1.10-1)/ln1.10)); FIRST/M=1.250000*q_base, FIRST/F=0.795455*q_base so the 0.45/0.55 unisex blend reproduces q_base; SECOND=1.20*FIRST. DAV 2004 R and DAV 2004 R-Bestand are DAV property, are cited by name and are not shipped [R10] [R11] [REG-R47] [REG-R49]. Every series is capped at 1.0, which binds only on SECOND/M at ages 117-119"
SECOND,F,73,0.015849047161,"[std] Gompertz-Makeham proxy q_base(x)=1-exp(-(0.0002+1.5e-5*1.10^x*(1.10-1)/ln1.10)); FIRST/M=1.250000*q_base, FIRST/F=0.795455*q_base so the 0.45/0.55 unisex blend reproduces q_base; SECOND=1.20*FIRST. DAV 2004 R and DAV 2004 R-Bestand are DAV property, are cited by name and are not shipped [R10] [R11] [REG-R47] [REG-R49]. Every series is capped at 1.0, which binds only on SECOND/M at ages 117-119"
SECOND,F,74,0.017400663037,"[std] Gompertz-Makeham proxy q_base(x)=1-exp(-(0.0002+1.5e-5*1.10^x*(1.10-1)/ln1.10)); FIRST/M=1.250000*q_base, FIRST/F=0.795455*q_base so the 0.45/0.55 unisex blend reproduces q_base; SECOND=1.20*FIRST. DAV 2004 R and DAV 2004 R-Bestand are DAV property, are cited by name and are not shipped [R10] [R11] [REG-R47] [REG-R49]. Every series is capped at 1.0, which binds only on SECOND/M at ages 117-119"
SECOND,F,75,0.019104478391,"[std] Gompertz-Makeham proxy q_base(x)=1-exp(-(0.0002+1.5e-5*1.10^x*(1.10-1)/ln1.10)); FIRST/M=1.250000*q_base, FIRST/F=0.795455*q_base so the 0.45/0.55 unisex blend reproduces q_base; SECOND=1.20*FIRST. DAV 2004 R and DAV 2004 R-Bestand are DAV property, are cited by name and are not shipped [R10] [R11] [REG-R47] [REG-R49]. Every series is capped at 1.0, which binds only on SECOND/M at ages 117-119"
SECOND,F,76,0.020975097664,"[std] Gompertz-Makeham proxy q_base(x)=1-exp(-(0.0002+1.5e-5*1.10^x*(1.10-1)/ln1.10)); FIRST/M=1.250000*q_base, FIRST/F=0.795455*q_base so the 0.45/0.55 unisex blend reproduces q_base; SECOND=1.20*FIRST. DAV 2004 R and DAV 2004 R-Bestand are DAV property, are cited by name and are not shipped [R10] [R11] [REG-R47] [REG-R49]. Every series is capped at 1.0, which binds only on SECOND/M at ages 117-119"
SECOND,F,77,0.023028458632,"[std] Gompertz-Makeham proxy q_base(x)=1-exp(-(0.0002+1.5e-5*1.10^x*(1.10-1)/ln1.10)); FIRST/M=1.250000*q_base, FIRST/F=0.795455*q_base so the 0.45/0.55 unisex blend reproduces q_base; SECOND=1.20*FIRST. DAV 2004 R and DAV 2004 R-Bestand are DAV property, are cited by name and are not shipped [R10] [R11] [REG-R47] [REG-R49]. Every series is capped at 1.0, which binds only on SECOND/M at ages 117-119"
SECOND,F,78,0.025281939746,"[std] Gompertz-Makeham proxy q_base(x)=1-exp(-(0.0002+1.5e-5*1.10^x*(1.10-1)/ln1.10)); FIRST/M=1.250000*q_base, FIRST/F=0.795455*q_base so the 0.45/0.55 unisex blend reproduces q_base; SECOND=1.20*FIRST. DAV 2004 R and DAV 2004 R-Bestand are DAV property, are cited by name and are not shipped [R10] [R11] [REG-R47] [REG-R49]. Every series is capped at 1.0, which binds only on SECOND/M at ages 117-119"
SECOND,F,79,0.027754472986,"[std] Gompertz-Makeham proxy q_base(x)=1-exp(-(0.0002+1.5e-5*1.10^x*(1.10-1)/ln1.10)); FIRST/M=1.250000*q_base, FIRST/F=0.795455*q_base so the 0.45/0.55 unisex blend reproduces q_base; SECOND=1.20*FIRST. DAV 2004 R and DAV 2004 R-Bestand are DAV property, are cited by name and are not shipped [R10] [R11] [REG-R47] [REG-R49]. Every series is capped at 1.0, which binds only on SECOND/M at ages 117-119"
SECOND,F,80,0.030466661738,"[std] Gompertz-Makeham proxy q_base(x)=1-exp(-(0.0002+1.5e-5*1.10^x*(1.10-1)/ln1.10)); FIRST/M=1.250000*q_base, FIRST/F=0.795455*q_base so the 0.45/0.55 unisex blend reproduces q_base; SECOND=1.20*FIRST. DAV 2004 R and DAV 2004 R-Bestand are DAV property, are cited by name and are not shipped [R10] [R11] [REG-R47] [REG-R49]. Every series is capped at 1.0, which binds only on SECOND/M at ages 117-119"
SECOND,F,81,0.033440902994,"[std] Gompertz-Makeham proxy q_base(x)=1-exp(-(0.0002+1.5e-5*1.10^x*(1.10-1)/ln1.10)); FIRST/M=1.250000*q_base, FIRST/F=0.795455*q_base so the 0.45/0.55 unisex blend reproduces q_base; SECOND=1.20*FIRST. DAV 2004 R and DAV 2004 R-Bestand are DAV property, are cited by name and are not shipped [R10] [R11] [REG-R47] [REG-R49]. Every series is capped at 1.0, which binds only on SECOND/M at ages 117-119"
SECOND,F,82,0.036701512875,"[std] Gompertz-Makeham proxy q_base(x)=1-exp(-(0.0002+1.5e-5*1.10^x*(1.10-1)/ln1.10)); FIRST/M=1.250000*q_base, FIRST/F=0.795455*q_base so the 0.45/0.55 unisex blend reproduces q_base; SECOND=1.20*FIRST. DAV 2004 R and DAV 2004 R-Bestand are DAV property, are cited by name and are not shipped [R10] [R11] [REG-R47] [REG-R49]. Every series is capped at 1.0, which binds only on SECOND/M at ages 117-119"
SECOND,F,83,0.040274854079,"[std] Gompertz-Makeham proxy q_base(x)=1-exp(-(0.0002+1.5e-5*1.10^x*(1.10-1)/ln1.10)); FIRST/M=1.250000*q_base, FIRST/F=0.795455*q_base so the 0.45/0.55 unisex blend reproduces q_base; SECOND=1.20*FIRST. DAV 2004 R and DAV 2004 R-Bestand are DAV property, are cited by name and are not shipped [R10] [R11] [REG-R47] [REG-R49]. Every series is capped at 1.0, which binds only on SECOND/M at ages 117-119"
SECOND,F,84,0.044189463490,"[std] Gompertz-Makeham proxy q_base(x)=1-exp(-(0.0002+1.5e-5*1.10^x*(1.10-1)/ln1.10)); FIRST/M=1.250000*q_base, FIRST/F=0.795455*q_base so the 0.45/0.55 unisex blend reproduces q_base; SECOND=1.20*FIRST. DAV 2004 R and DAV 2004 R-Bestand are DAV property, are cited by name and are not shipped [R10] [R11] [REG-R47] [REG-R49]. Every series is capped at 1.0, which binds only on SECOND/M at ages 117-119"
SECOND,F,85,0.048476177567,"[std] Gompertz-Makeham proxy q_base(x)=1-exp(-(0.0002+1.5e-5*1.10^x*(1.10-1)/ln1.10)); FIRST/M=1.250000*q_base, FIRST/F=0.795455*q_base so the 0.45/0.55 unisex blend reproduces q_base; SECOND=1.20*FIRST. DAV 2004 R and DAV 2004 R-Bestand are DAV property, are cited by name and are not shipped [R10] [R11] [REG-R47] [REG-R49]. Every series is capped at 1.0, which binds only on SECOND/M at ages 117-119"
SECOND,F,86,0.053168252569,"[std] Gompertz-Makeham proxy q_base(x)=1-exp(-(0.0002+1.5e-5*1.10^x*(1.10-1)/ln1.10)); FIRST/M=1.250000*q_base, FIRST/F=0.795455*q_base so the 0.45/0.55 unisex blend reproduces q_base; SECOND=1.20*FIRST. DAV 2004 R and DAV 2004 R-Bestand are DAV property, are cited by name and are not shipped [R10] [R11] [REG-R47] [REG-R49]. Every series is capped at 1.0, which binds only on SECOND/M at ages 117-119"
SECOND,F,87,0.058301475880,"[std] Gompertz-Makeham proxy q_base(x)=1-exp(-(0.0002+1.5e-5*1.10^x*(1.10-1)/ln1.10)); FIRST/M=1.250000*q_base, FIRST/F=0.795455*q_base so the 0.45/0.55 unisex blend reproduces q_base; SECOND=1.20*FIRST. DAV 2004 R and DAV 2004 R-Bestand are DAV property, are cited by name and are not shipped [R10] [R11] [REG-R47] [REG-R49]. Every series is capped at 1.0, which binds only on SECOND/M at ages 117-119"
SECOND,F,88,0.063914263817,"[std] Gompertz-Makeham proxy q_base(x)=1-exp(-(0.0002+1.5e-5*1.10^x*(1.10-1)/ln1.10)); FIRST/M=1.250000*q_base, FIRST/F=0.795455*q_base so the 0.45/0.55 unisex blend reproduces q_base; SECOND=1.20*FIRST. DAV 2004 R and DAV 2004 R-Bestand are DAV property, are cited by name and are not shipped [R10] [R11] [REG-R47] [REG-R49]. Every series is capped at 1.0, which binds only on SECOND/M at ages 117-119"
SECOND,F,89,0.070047740278,"[std] Gompertz-Makeham proxy q_base(x)=1-exp(-(0.0002+1.5e-5*1.10^x*(1.10-1)/ln1.10)); FIRST/M=1.250000*q_base, FIRST/F=0.795455*q_base so the 0.45/0.55 unisex blend reproduces q_base; SECOND=1.20*FIRST. DAV 2004 R and DAV 2004 R-Bestand are DAV property, are cited by name and are not shipped [R10] [R11] [REG-R47] [REG-R49]. Every series is capped at 1.0, which binds only on SECOND/M at ages 117-119"
SECOND,F,90,0.076745789375,"[std] Gompertz-Makeham proxy q_base(x)=1-exp(-(0.0002+1.5e-5*1.10^x*(1.10-1)/ln1.10)); FIRST/M=1.250000*q_base, FIRST/F=0.795455*q_base so the 0.45/0.55 unisex blend reproduces q_base; SECOND=1.20*FIRST. DAV 2004 R and DAV 2004 R-Bestand are DAV property, are cited by name and are not shipped [R10] [R11] [REG-R47] [REG-R49]. Every series is capped at 1.0, which binds only on SECOND/M at ages 117-119"
SECOND,F,91,0.084055073841,"[std] Gompertz-Makeham proxy q_base(x)=1-exp(-(0.0002+1.5e-5*1.10^x*(1.10-1)/ln1.10)); FIRST/M=1.250000*q_base, FIRST/F=0.795455*q_base so the 0.45/0.55 unisex blend reproduces q_base; SECOND=1.20*FIRST. DAV 2004 R and DAV 2004 R-Bestand are DAV property, are cited by name and are not shipped [R10] [R11] [REG-R47] [REG-R49]. Every series is capped at 1.0, which binds only on SECOND/M at ages 117-119"
SECOND,F,92,0.092025009424,"[std] Gompertz-Makeham proxy q_base(x)=1-exp(-(0.0002+1.5e-5*1.10^x*(1.10-1)/ln1.10)); FIRST/M=1.250000*q_base, FIRST/F=0.795455*q_base so the 0.45/0.55 unisex blend reproduces q_base; SECOND=1.20*FIRST. DAV 2004 R and DAV 2004 R-Bestand are DAV property, are cited by name and are not shipped [R10] [R11] [REG-R47] [REG-R49]. Every series is capped at 1.0, which binds only on SECOND/M at ages 117-119"
SECOND,F,93,0.100707683790,"[std] Gompertz-Makeham proxy q_base(x)=1-exp(-(0.0002+1.5e-5*1.10^x*(1.10-1)/ln1.10)); FIRST/M=1.250000*q_base, FIRST/F=0.795455*q_base so the 0.45/0.55 unisex blend reproduces q_base; SECOND=1.20*FIRST. DAV 2004 R and DAV 2004 R-Bestand are DAV property, are cited by name and are not shipped [R10] [R11] [REG-R47] [REG-R49]. Every series is capped at 1.0, which binds only on SECOND/M at ages 117-119"
SECOND,F,94,0.110157706521,"[std] Gompertz-Makeham proxy q_base(x)=1-exp(-(0.0002+1.5e-5*1.10^x*(1.10-1)/ln1.10)); FIRST/M=1.250000*q_base, FIRST/F=0.795455*q_base so the 0.45/0.55 unisex blend reproduces q_base; SECOND=1.20*FIRST. DAV 2004 R and DAV 2004 R-Bestand are DAV property, are cited by name and are not shipped [R10] [R11] [REG-R47] [REG-R49]. Every series is capped at 1.0, which binds only on SECOND/M at ages 117-119"
SECOND,F,95,0.120431974779,"[std] Gompertz-Makeham proxy q_base(x)=1-exp(-(0.0002+1.5e-5*1.10^x*(1.10-1)/ln1.10)); FIRST/M=1.250000*q_base, FIRST/F=0.795455*q_base so the 0.45/0.55 unisex blend reproduces q_base; SECOND=1.20*FIRST. DAV 2004 R and DAV 2004 R-Bestand are DAV property, are cited by name and are not shipped [R10] [R11] [REG-R47] [REG-R49]. Every series is capped at 1.0, which binds only on SECOND/M at ages 117-119"
SECOND,F,96,0.131589337102,"[std] Gompertz-Makeham proxy q_base(x)=1-exp(-(0.0002+1.5e-5*1.10^x*(1.10-1)/ln1.10)); FIRST/M=1.250000*q_base, FIRST/F=0.795455*q_base so the 0.45/0.55 unisex blend reproduces q_base; SECOND=1.20*FIRST. DAV 2004 R and DAV 2004 R-Bestand are DAV property, are cited by name and are not shipped [R10] [R11] [REG-R47] [REG-R49]. Every series is capped at 1.0, which binds only on SECOND/M at ages 117-119"
SECOND,F,97,0.143690135625,"[std] Gompertz-Makeham proxy q_base(x)=1-exp(-(0.0002+1.5e-5*1.10^x*(1.10-1)/ln1.10)); FIRST/M=1.250000*q_base, FIRST/F=0.795455*q_base so the 0.45/0.55 unisex blend reproduces q_base; SECOND=1.20*FIRST. DAV 2004 R and DAV 2004 R-Bestand are DAV property, are cited by name and are not shipped [R10] [R11] [REG-R47] [REG-R49]. Every series is capped at 1.0, which binds only on SECOND/M at ages 117-119"
SECOND,F,98,0.156795605006,"[std] Gompertz-Makeham proxy q_base(x)=1-exp(-(0.0002+1.5e-5*1.10^x*(1.10-1)/ln1.10)); FIRST/M=1.250000*q_base, FIRST/F=0.795455*q_base so the 0.45/0.55 unisex blend reproduces q_base; SECOND=1.20*FIRST. DAV 2004 R and DAV 2004 R-Bestand are DAV property, are cited by name and are not shipped [R10] [R11] [REG-R47] [REG-R49]. Every series is capped at 1.0, which binds only on SECOND/M at ages 117-119"
SECOND,F,99,0.170967104591,"[std] Gompertz-Makeham proxy q_base(x)=1-exp(-(0.0002+1.5e-5*1.10^x*(1.10-1)/ln1.10)); FIRST/M=1.250000*q_base, FIRST/F=0.795455*q_base so the 0.45/0.55 unisex blend reproduces q_base; SECOND=1.20*FIRST. DAV 2004 R and DAV 2004 R-Bestand are DAV property, are cited by name and are not shipped [R10] [R11] [REG-R47] [REG-R49]. Every series is capped at 1.0, which binds only on SECOND/M at ages 117-119"
SECOND,F,100,0.186265159028,"[std] Gompertz-Makeham proxy q_base(x)=1-exp(-(0.0002+1.5e-5*1.10^x*(1.10-1)/ln1.10)); FIRST/M=1.250000*q_base, FIRST/F=0.795455*q_base so the 0.45/0.55 unisex blend reproduces q_base; SECOND=1.20*FIRST. DAV 2004 R and DAV 2004 R-Bestand are DAV property, are cited by name and are not shipped [R10] [R11] [REG-R47] [REG-R49]. Every series is capped at 1.0, which binds only on SECOND/M at ages 117-119"
SECOND,F,101,0.202748282078,"[std] Gompertz-Makeham proxy q_base(x)=1-exp(-(0.0002+1.5e-5*1.10^x*(1.10-1)/ln1.10)); FIRST/M=1.250000*q_base, FIRST/F=0.795455*q_base so the 0.45/0.55 unisex blend reproduces q_base; SECOND=1.20*FIRST. DAV 2004 R and DAV 2004 R-Bestand are DAV property, are cited by name and are not shipped [R10] [R11] [REG-R47] [REG-R49]. Every series is capped at 1.0, which binds only on SECOND/M at ages 117-119"
SECOND,F,102,0.220471559002,"[std] Gompertz-Makeham proxy q_base(x)=1-exp(-(0.0002+1.5e-5*1.10^x*(1.10-1)/ln1.10)); FIRST/M=1.250000*q_base, FIRST/F=0.795455*q_base so the 0.45/0.55 unisex blend reproduces q_base; SECOND=1.20*FIRST. DAV 2004 R and DAV 2004 R-Bestand are DAV property, are cited by name and are not shipped [R10] [R11] [REG-R47] [REG-R49]. Every series is capped at 1.0, which binds only on SECOND/M at ages 117-119"
SECOND,F,103,0.239484965190,"[std] Gompertz-Makeham proxy q_base(x)=1-exp(-(0.0002+1.5e-5*1.10^x*(1.10-1)/ln1.10)); FIRST/M=1.250000*q_base, FIRST/F=0.795455*q_base so the 0.45/0.55 unisex blend reproduces q_base; SECOND=1.20*FIRST. DAV 2004 R and DAV 2004 R-Bestand are DAV property, are cited by name and are not shipped [R10] [R11] [REG-R47] [REG-R49]. Every series is capped at 1.0, which binds only on SECOND/M at ages 117-119"
SECOND,F,104,0.259831403167,"[std] Gompertz-Makeham proxy q_base(x)=1-exp(-(0.0002+1.5e-5*1.10^x*(1.10-1)/ln1.10)); FIRST/M=1.250000*q_base, FIRST/F=0.795455*q_base so the 0.45/0.55 unisex blend reproduces q_base; SECOND=1.20*FIRST. DAV 2004 R and DAV 2004 R-Bestand are DAV property, are cited by name and are not shipped [R10] [R11] [REG-R47] [REG-R49]. Every series is capped at 1.0, which binds only on SECOND/M at ages 117-119"
SECOND,F,105,0.281544447399,"[std] Gompertz-Makeham proxy q_base(x)=1-exp(-(0.0002+1.5e-5*1.10^x*(1.10-1)/ln1.10)); FIRST/M=1.250000*q_base, FIRST/F=0.795455*q_base so the 0.45/0.55 unisex blend reproduces q_base; SECOND=1.20*FIRST. DAV 2004 R and DAV 2004 R-Bestand are DAV property, are cited by name and are not shipped [R10] [R11] [REG-R47] [REG-R49]. Every series is capped at 1.0, which binds only on SECOND/M at ages 117-119"
SECOND,F,106,0.304645797289,"[std] Gompertz-Makeham proxy q_base(x)=1-exp(-(0.0002+1.5e-5*1.10^x*(1.10-1)/ln1.10)); FIRST/M=1.250000*q_base, FIRST/F=0.795455*q_base so the 0.45/0.55 unisex blend reproduces q_base; SECOND=1.20*FIRST. DAV 2004 R and DAV 2004 R-Bestand are DAV property, are cited by name and are not shipped [R10] [R11] [REG-R47] [REG-R49]. Every series is capped at 1.0, which binds only on SECOND/M at ages 117-119"
SECOND,F,107,0.329142453977,"[std] Gompertz-Makeham proxy q_base(x)=1-exp(-(0.0002+1.5e-5*1.10^x*(1.10-1)/ln1.10)); FIRST/M=1.250000*q_base, FIRST/F=0.795455*q_base so the 0.45/0.55 unisex blend reproduces q_base; SECOND=1.20*FIRST. DAV 2004 R and DAV 2004 R-Bestand are DAV property, are cited by name and are not shipped [R10] [R11] [REG-R47] [REG-R49]. Every series is capped at 1.0, which binds only on SECOND/M at ages 117-119"
SECOND,F,108,0.355023657075,"[std] Gompertz-Makeham proxy q_base(x)=1-exp(-(0.0002+1.5e-5*1.10^x*(1.10-1)/ln1.10)); FIRST/M=1.250000*q_base, FIRST/F=0.795455*q_base so the 0.45/0.55 unisex blend reproduces q_base; SECOND=1.20*FIRST. DAV 2004 R and DAV 2004 R-Bestand are DAV property, are cited by name and are not shipped [R10] [R11] [REG-R47] [REG-R49]. Every series is capped at 1.0, which binds only on SECOND/M at ages 117-119"
SECOND,F,109,0.382257643639,"[std] Gompertz-Makeham proxy q_base(x)=1-exp(-(0.0002+1.5e-5*1.10^x*(1.10-1)/ln1.10)); FIRST/M=1.250000*q_base, FIRST/F=0.795455*q_base so the 0.45/0.55 unisex blend reproduces q_base; SECOND=1.20*FIRST. DAV 2004 R and DAV 2004 R-Bestand are DAV property, are cited by name and are not shipped [R10] [R11] [REG-R47] [REG-R49]. Every series is capped at 1.0, which binds only on SECOND/M at ages 117-119"
SECOND,F,110,0.410788324169,"[std] Gompertz-Makeham proxy q_base(x)=1-exp(-(0.0002+1.5e-5*1.10^x*(1.10-1)/ln1.10)); FIRST/M=1.250000*q_base, FIRST/F=0.795455*q_base so the 0.45/0.55 unisex blend reproduces q_base; SECOND=1.20*FIRST. DAV 2004 R and DAV 2004 R-Bestand are DAV property, are cited by name and are not shipped [R10] [R11] [REG-R47] [REG-R49]. Every series is capped at 1.0, which binds only on SECOND/M at ages 117-119"
SECOND,F,111,0.440532008874,"[std] Gompertz-Makeham proxy q_base(x)=1-exp(-(0.0002+1.5e-5*1.10^x*(1.10-1)/ln1.10)); FIRST/M=1.250000*q_base, FIRST/F=0.795455*q_base so the 0.45/0.55 unisex blend reproduces q_base; SECOND=1.20*FIRST. DAV 2004 R and DAV 2004 R-Bestand are DAV property, are cited by name and are not shipped [R10] [R11] [REG-R47] [REG-R49]. Every series is capped at 1.0, which binds only on SECOND/M at ages 117-119"
SECOND,F,112,0.471374361271,"[std] Gompertz-Makeham proxy q_base(x)=1-exp(-(0.0002+1.5e-5*1.10^x*(1.10-1)/ln1.10)); FIRST/M=1.250000*q_base, FIRST/F=0.795455*q_base so the 0.45/0.55 unisex blend reproduces q_base; SECOND=1.20*FIRST. DAV 2004 R and DAV 2004 R-Bestand are DAV property, are cited by name and are not shipped [R10] [R11] [REG-R47] [REG-R49]. Every series is capped at 1.0, which binds only on SECOND/M at ages 117-119"
SECOND,F,113,0.503167803278,"[std] Gompertz-Makeham proxy q_base(x)=1-exp(-(0.0002+1.5e-5*1.10^x*(1.10-1)/ln1.10)); FIRST/M=1.250000*q_base, FIRST/F=0.795455*q_base so the 0.45/0.55 unisex blend reproduces q_base; SECOND=1.20*FIRST. DAV 2004 R and DAV 2004 R-Bestand are DAV property, are cited by name and are not shipped [R10] [R11] [REG-R47] [REG-R49]. Every series is capped at 1.0, which binds only on SECOND/M at ages 117-119"
SECOND,F,114,0.535729643254,"[std] Gompertz-Makeham proxy q_base(x)=1-exp(-(0.0002+1.5e-5*1.10^x*(1.10-1)/ln1.10)); FIRST/M=1.250000*q_base, FIRST/F=0.795455*q_base so the 0.45/0.55 unisex blend reproduces q_base; SECOND=1.20*FIRST. DAV 2004 R and DAV 2004 R-Bestand are DAV property, are cited by name and are not shipped [R10] [R11] [REG-R47] [REG-R49]. Every series is capped at 1.0, which binds only on SECOND/M at ages 117-119"
SECOND,F,115,0.568841240737,"[std] Gompertz-Makeham proxy q_base(x)=1-exp(-(0.0002+1.5e-5*1.10^x*(1.10-1)/ln1.10)); FIRST/M=1.250000*q_base, FIRST/F=0.795455*q_base so the 0.45/0.55 unisex blend reproduces q_base; SECOND=1.20*FIRST. DAV 2004 R and DAV 2004 R-Bestand are DAV property, are cited by name and are not shipped [R10] [R11] [REG-R47] [REG-R49]. Every series is capped at 1.0, which binds only on SECOND/M at ages 117-119"
SECOND,F,116,0.602248552037,"[std] Gompertz-Makeham proxy q_base(x)=1-exp(-(0.0002+1.5e-5*1.10^x*(1.10-1)/ln1.10)); FIRST/M=1.250000*q_base, FIRST/F=0.795455*q_base so the 0.45/0.55 unisex blend reproduces q_base; SECOND=1.20*FIRST. DAV 2004 R and DAV 2004 R-Bestand are DAV property, are cited by name and are not shipped [R10] [R11] [REG-R47] [REG-R49]. Every series is capped at 1.0, which binds only on SECOND/M at ages 117-119"
SECOND,F,117,0.635664410192,"[std] Gompertz-Makeham proxy q_base(x)=1-exp(-(0.0002+1.5e-5*1.10^x*(1.10-1)/ln1.10)); FIRST/M=1.250000*q_base, FIRST/F=0.795455*q_base so the 0.45/0.55 unisex blend reproduces q_base; SECOND=1.20*FIRST. DAV 2004 R and DAV 2004 R-Bestand are DAV property, are cited by name and are not shipped [R10] [R11] [REG-R47] [REG-R49]. Every series is capped at 1.0, which binds only on SECOND/M at ages 117-119"
SECOND,F,118,0.668772870429,"[std] Gompertz-Makeham proxy q_base(x)=1-exp(-(0.0002+1.5e-5*1.10^x*(1.10-1)/ln1.10)); FIRST/M=1.250000*q_base, FIRST/F=0.795455*q_base so the 0.45/0.55 unisex blend reproduces q_base; SECOND=1.20*FIRST. DAV 2004 R and DAV 2004 R-Bestand are DAV property, are cited by name and are not shipped [R10] [R11] [REG-R47] [REG-R49]. Every series is capped at 1.0, which binds only on SECOND/M at ages 117-119"
SECOND,F,119,0.701235886398,"[std] Gompertz-Makeham proxy q_base(x)=1-exp(-(0.0002+1.5e-5*1.10^x*(1.10-1)/ln1.10)); FIRST/M=1.250000*q_base, FIRST/F=0.795455*q_base so the 0.45/0.55 unisex blend reproduces q_base; SECOND=1.20*FIRST. DAV 2004 R and DAV 2004 R-Bestand are DAV property, are cited by name and are not shipped [R10] [R11] [REG-R47] [REG-R49]. Every series is capped at 1.0, which binds only on SECOND/M at ages 117-119"
SECOND,F,120,1.000000000000,"[std] closing row: q=1.0 at attained age 120 in every series, so the survival path reaches zero inside the omega_age=121 horizon [R10]"
