sex,birth_year,age,mort_rate,provenance
M,1940,50,0.0013973626,[std] INSEE-shaped generational proxy
M,1940,51,0.0015227547,[std] INSEE-shaped generational proxy
M,1940,52,0.0016621499,[std] INSEE-shaped generational proxy
M,1940,53,0.0018171097,[std] INSEE-shaped generational proxy
M,1940,54,0.0019893691,[std] INSEE-shaped generational proxy
M,1940,55,0.0021808561,[std] INSEE-shaped generational proxy
M,1940,56,0.0023937123,[std] INSEE-shaped generational proxy
M,1940,57,0.0026303172,[std] INSEE-shaped generational proxy
M,1940,58,0.0028933138,[std] INSEE-shaped generational proxy
M,1940,59,0.0031856378,[std] INSEE-shaped generational proxy
M,1940,60,0.0035105494,[std] INSEE-shaped generational proxy
M,1940,61,0.0038716688,[std] INSEE-shaped generational proxy
M,1940,62,0.0042730158,[std] INSEE-shaped generational proxy
M,1940,63,0.0047190522,[std] INSEE-shaped generational proxy
M,1940,64,0.0052147307,[std] INSEE-shaped generational proxy
M,1940,65,0.0057655471,[std] INSEE-shaped generational proxy
M,1940,66,0.0063775988,[std] INSEE-shaped generational proxy
M,1940,67,0.0070576489,[std] INSEE-shaped generational proxy
M,1940,68,0.0078131971,[std] INSEE-shaped generational proxy
M,1940,69,0.0086525572,[std] INSEE-shaped generational proxy
M,1940,70,0.0095849425,[std] INSEE-shaped generational proxy
M,1940,71,0.0106205594,[std] INSEE-shaped generational proxy
M,1940,72,0.0117707097,[std] INSEE-shaped generational proxy
M,1940,73,0.0130479024,[std] INSEE-shaped generational proxy
M,1940,74,0.0144659755,[std] INSEE-shaped generational proxy
M,1940,75,0.0160402282,[std] INSEE-shaped generational proxy
M,1940,76,0.0177875648,[std] INSEE-shaped generational proxy
M,1940,77,0.0197266494,[std] INSEE-shaped generational proxy
M,1940,78,0.0218780721,[std] INSEE-shaped generational proxy
M,1940,79,0.0242645281,[std] INSEE-shaped generational proxy
M,1940,80,0.0269110072,[std] INSEE-shaped generational proxy
M,1940,81,0.0298449945,[std] INSEE-shaped generational proxy
M,1940,82,0.0330966814,[std] INSEE-shaped generational proxy
M,1940,83,0.0366991847,[std] INSEE-shaped generational proxy
M,1940,84,0.0406887714,[std] INSEE-shaped generational proxy
M,1940,85,0.0451050861,[std] INSEE-shaped generational proxy
M,1940,86,0.0499913771,[std] INSEE-shaped generational proxy
M,1940,87,0.0553947141,[std] INSEE-shaped generational proxy
M,1940,88,0.0613661907,[std] INSEE-shaped generational proxy
M,1940,89,0.0679611019,[std] INSEE-shaped generational proxy
M,1940,90,0.0752390846,[std] INSEE-shaped generational proxy
M,1940,91,0.0832642052,[std] INSEE-shaped generational proxy
M,1940,92,0.0921049773,[std] INSEE-shaped generational proxy
M,1940,93,0.1018342853,[std] INSEE-shaped generational proxy
M,1940,94,0.1125291892,[std] INSEE-shaped generational proxy
M,1940,95,0.1242705774,[std] INSEE-shaped generational proxy
M,1940,96,0.1371426324,[std] INSEE-shaped generational proxy
M,1940,97,0.1512320665,[std] INSEE-shaped generational proxy
M,1940,98,0.1666270813,[std] INSEE-shaped generational proxy
M,1940,99,0.1834159993,[std] INSEE-shaped generational proxy
M,1940,100,0.2016855138,[std] INSEE-shaped generational proxy
M,1940,101,0.2215185006,[std] INSEE-shaped generational proxy
M,1940,102,0.2429913394,[std] INSEE-shaped generational proxy
M,1940,103,0.2661706971,[std] INSEE-shaped generational proxy
M,1940,104,0.2911097424,[std] INSEE-shaped generational proxy
M,1940,105,0.3178437795,[std] INSEE-shaped generational proxy
M,1940,106,0.3463853239,[std] INSEE-shaped generational proxy
M,1940,107,0.3767186909,[std] INSEE-shaped generational proxy
M,1940,108,0.4087942267,[std] INSEE-shaped generational proxy
M,1940,109,0.4425223926,[std] INSEE-shaped generational proxy
M,1940,110,0.4777680072,[std] INSEE-shaped generational proxy
M,1940,111,0.5143450609,[std] INSEE-shaped generational proxy
M,1940,112,0.5520126316,[std] INSEE-shaped generational proxy
M,1940,113,0.5904725433,[std] INSEE-shaped generational proxy
M,1940,114,0.6293694994,[std] INSEE-shaped generational proxy
M,1940,115,0.6682944645,[std] INSEE-shaped generational proxy
M,1940,116,0.7067920371,[std] INSEE-shaped generational proxy
M,1940,117,0.7443724098,[std] INSEE-shaped generational proxy
M,1940,118,0.7805282220,[std] INSEE-shaped generational proxy
M,1940,119,0.8147561570,[std] INSEE-shaped generational proxy
M,1940,120,1.0000000000,[std] INSEE-shaped generational proxy
M,1941,50,0.0013833986,[std] INSEE-shaped generational proxy
M,1941,51,0.0015075386,[std] INSEE-shaped generational proxy
M,1941,52,0.0016455421,[std] INSEE-shaped generational proxy
M,1941,53,0.0017989550,[std] INSEE-shaped generational proxy
M,1941,54,0.0019694951,[std] INSEE-shaped generational proxy
M,1941,55,0.0021590711,[std] INSEE-shaped generational proxy
M,1941,56,0.0023698036,[std] INSEE-shaped generational proxy
M,1941,57,0.0026040483,[std] INSEE-shaped generational proxy
M,1941,58,0.0028644221,[std] INSEE-shaped generational proxy
M,1941,59,0.0031538317,[std] INSEE-shaped generational proxy
M,1941,60,0.0034755050,[std] INSEE-shaped generational proxy
M,1941,61,0.0038330265,[std] INSEE-shaped generational proxy
M,1941,62,0.0042303761,[std] INSEE-shaped generational proxy
M,1941,63,0.0046719721,[std] INSEE-shaped generational proxy
M,1941,64,0.0051627182,[std] INSEE-shaped generational proxy
M,1941,65,0.0057080565,[std] INSEE-shaped generational proxy
M,1941,66,0.0063140245,[std] INSEE-shaped generational proxy
M,1941,67,0.0069873195,[std] INSEE-shaped generational proxy
M,1941,68,0.0077353681,[std] INSEE-shaped generational proxy
M,1941,69,0.0085664033,[std] INSEE-shaped generational proxy
M,1941,70,0.0094895493,[std] INSEE-shaped generational proxy
M,1941,71,0.0105149142,[std] INSEE-shaped generational proxy
M,1941,72,0.0116536912,[std] INSEE-shaped generational proxy
M,1941,73,0.0129182699,[std] INSEE-shaped generational proxy
M,1941,74,0.0143223566,[std] INSEE-shaped generational proxy
M,1941,75,0.0158811064,[std] INSEE-shaped generational proxy
M,1941,76,0.0176112648,[std] INSEE-shaped generational proxy
M,1941,77,0.0195313220,[std] INSEE-shaped generational proxy
M,1941,78,0.0216616783,[std] INSEE-shaped generational proxy
M,1941,79,0.0240248214,[std] INSEE-shaped generational proxy
M,1941,80,0.0266455148,[std] INSEE-shaped generational proxy
M,1941,81,0.0295509986,[std] INSEE-shaped generational proxy
M,1941,82,0.0327711982,[std] INSEE-shaped generational proxy
M,1941,83,0.0363389436,[std] INSEE-shaped generational proxy
M,1941,84,0.0402901934,[std] INSEE-shaped generational proxy
M,1941,85,0.0446642623,[std] INSEE-shaped generational proxy
M,1941,86,0.0495040477,[std] INSEE-shaped generational proxy
M,1941,87,0.0548562479,[std] INSEE-shaped generational proxy
M,1941,88,0.0607715670,[std] INSEE-shaped generational proxy
M,1941,89,0.0673048953,[std] INSEE-shaped generational proxy
M,1941,90,0.0745154532,[std] INSEE-shaped generational proxy
M,1941,91,0.0824668856,[std] INSEE-shaped generational proxy
M,1941,92,0.0912272860,[std] INSEE-shaped generational proxy
M,1941,93,0.1008691309,[std] INSEE-shaped generational proxy
M,1941,94,0.1114690970,[std] INSEE-shaped generational proxy
M,1941,95,0.1231077296,[std] INSEE-shaped generational proxy
M,1941,96,0.1358689279,[std] INSEE-shaped generational proxy
M,1941,97,0.1498392046,[std] INSEE-shaped generational proxy
M,1941,98,0.1651066734,[std] INSEE-shaped generational proxy
M,1941,99,0.1817597144,[std] INSEE-shaped generational proxy
M,1941,100,0.1998852623,[std] INSEE-shaped generational proxy
M,1941,101,0.2195666619,[std] INSEE-shaped generational proxy
M,1941,102,0.2408810382,[std] INSEE-shaped generational proxy
M,1941,103,0.2638961329,[std] INSEE-shaped generational proxy
M,1941,104,0.2886665727,[std] INSEE-shaped generational proxy
M,1941,105,0.3152295588,[std] INSEE-shaped generational proxy
M,1941,106,0.3435999927,[std] INSEE-shaped generational proxy
M,1941,107,0.3737651067,[std] INSEE-shaped generational proxy
M,1941,108,0.4056787213,[std] INSEE-shaped generational proxy
M,1941,109,0.4392553313,[std] INSEE-shaped generational proxy
M,1941,110,0.4743643178,[std] INSEE-shaped generational proxy
M,1941,111,0.5108246868,[std] INSEE-shaped generational proxy
M,1941,112,0.5484008550,[std] INSEE-shaped generational proxy
M,1941,113,0.5868001131,[std] INSEE-shaped generational proxy
M,1941,114,0.6256724906,[std] INSEE-shaped generational proxy
M,1941,115,0.6646137977,[std] INSEE-shaped generational proxy
M,1941,116,0.7031725898,[std] INSEE-shaped generational proxy
M,1941,117,0.7408616741,[std] INSEE-shaped generational proxy
M,1941,118,0.7771744972,[std] INSEE-shaped generational proxy
M,1941,119,0.8116063136,[std] INSEE-shaped generational proxy
M,1941,120,1.0000000000,[std] INSEE-shaped generational proxy
M,1942,50,0.0013695741,[std] INSEE-shaped generational proxy
M,1942,51,0.0014924745,[std] INSEE-shaped generational proxy
M,1942,52,0.0016291001,[std] INSEE-shaped generational proxy
M,1942,53,0.0017809814,[std] INSEE-shaped generational proxy
M,1942,54,0.0019498193,[std] INSEE-shaped generational proxy
M,1942,55,0.0021375034,[std] INSEE-shaped generational proxy
M,1942,56,0.0023461333,[std] INSEE-shaped generational proxy
M,1942,57,0.0025780414,[std] INSEE-shaped generational proxy
M,1942,58,0.0028358186,[std] INSEE-shaped generational proxy
M,1942,59,0.0031223427,[std] INSEE-shaped generational proxy
M,1942,60,0.0034408098,[std] INSEE-shaped generational proxy
M,1942,61,0.0037947690,[std] INSEE-shaped generational proxy
M,1942,62,0.0041881611,[std] INSEE-shaped generational proxy
M,1942,63,0.0046253606,[std] INSEE-shaped generational proxy
M,1942,64,0.0051112232,[std] INSEE-shaped generational proxy
M,1942,65,0.0056511375,[std] INSEE-shaped generational proxy
M,1942,66,0.0062510821,[std] INSEE-shaped generational proxy
M,1942,67,0.0069176886,[std] INSEE-shaped generational proxy
M,1942,68,0.0076583113,[std] INSEE-shaped generational proxy
M,1942,69,0.0084811035,[std] INSEE-shaped generational proxy
M,1942,70,0.0093951010,[std] INSEE-shaped generational proxy
M,1942,71,0.0104103143,[std] INSEE-shaped generational proxy
M,1942,72,0.0115378292,[std] INSEE-shaped generational proxy
M,1942,73,0.0127899168,[std] INSEE-shaped generational proxy
M,1942,74,0.0141801534,[std] INSEE-shaped generational proxy
M,1942,75,0.0157235505,[std] INSEE-shaped generational proxy
M,1942,76,0.0174366966,[std] INSEE-shaped generational proxy
M,1942,77,0.0193379096,[std] INSEE-shaped generational proxy
M,1942,78,0.0214474014,[std] INSEE-shaped generational proxy
M,1942,79,0.0237874536,[std] INSEE-shaped generational proxy
M,1942,80,0.0263826061,[std] INSEE-shaped generational proxy
M,1942,81,0.0292598549,[std] INSEE-shaped generational proxy
M,1942,82,0.0324488619,[std] INSEE-shaped generational proxy
M,1942,83,0.0359821722,[std] INSEE-shaped generational proxy
M,1942,84,0.0398954380,[std] INSEE-shaped generational proxy
M,1942,85,0.0442276464,[std] INSEE-shaped generational proxy
M,1942,86,0.0490213453,[std] INSEE-shaped generational proxy
M,1942,87,0.0543228639,[std] INSEE-shaped generational proxy
M,1942,88,0.0601825185,[std] INSEE-shaped generational proxy
M,1942,89,0.0666547956,[std] INSEE-shaped generational proxy
M,1942,90,0.0737985004,[std] INSEE-shaped generational proxy
M,1942,91,0.0816768560,[std] INSEE-shaped generational proxy
M,1942,92,0.0903575357,[std] INSEE-shaped generational proxy
M,1942,93,0.0999126065,[std] INSEE-shaped generational proxy
M,1942,94,0.1104183584,[std] INSEE-shaped generational proxy
M,1942,95,0.1219549892,[std] INSEE-shaped generational proxy
M,1942,96,0.1346061084,[std] INSEE-shaped generational proxy
M,1942,97,0.1484580197,[std] INSEE-shaped generational proxy
M,1942,98,0.1635987373,[std] INSEE-shaped generational proxy
M,1942,99,0.1801166833,[std] INSEE-shaped generational proxy
M,1942,100,0.1980990144,[std] INSEE-shaped generational proxy
M,1942,101,0.2176295211,[std] INSEE-shaped generational proxy
M,1942,102,0.2387860453,[std] INSEE-shaped generational proxy
M,1942,103,0.2616373696,[std] INSEE-shaped generational proxy
M,1942,104,0.2862395404,[std] INSEE-shaped generational proxy
M,1942,105,0.3126316117,[std] INSEE-shaped generational proxy
M,1942,106,0.3408308229,[std] INSEE-shaped generational proxy
M,1942,107,0.3708272715,[std] INSEE-shaped generational proxy
M,1942,108,0.4025781987,[std] INSEE-shaped generational proxy
M,1942,109,0.4360020809,[std] INSEE-shaped generational proxy
M,1942,110,0.4709728136,[std] INSEE-shaped generational proxy
M,1942,111,0.5073143803,[std] INSEE-shaped generational proxy
M,1942,112,0.5447965134,[std] INSEE-shaped generational proxy
M,1942,113,0.5831319680,[std] INSEE-shaped generational proxy
M,1942,114,0.6219761271,[std] INSEE-shaped generational proxy
M,1942,115,0.6609297082,[std] INSEE-shaped generational proxy
M,1942,116,0.6995453271,[std] INSEE-shaped generational proxy
M,1942,117,0.7373385531,[std] INSEE-shaped generational proxy
M,1942,118,0.7738038304,[std] INSEE-shaped generational proxy
M,1942,119,0.8084352131,[std] INSEE-shaped generational proxy
M,1942,120,1.0000000000,[std] INSEE-shaped generational proxy
M,1943,50,0.0013558877,[std] INSEE-shaped generational proxy
M,1943,51,0.0014775608,[std] INSEE-shaped generational proxy
M,1943,52,0.0016128222,[std] INSEE-shaped generational proxy
M,1943,53,0.0017631873,[std] INSEE-shaped generational proxy
M,1943,54,0.0019303400,[std] INSEE-shaped generational proxy
M,1943,55,0.0021161510,[std] INSEE-shaped generational proxy
M,1943,56,0.0023226993,[std] INSEE-shaped generational proxy
M,1943,57,0.0025522939,[std] INSEE-shaped generational proxy
M,1943,58,0.0028075002,[std] INSEE-shaped generational proxy
M,1943,59,0.0030911675,[std] INSEE-shaped generational proxy
M,1943,60,0.0034064603,[std] INSEE-shaped generational proxy
M,1943,61,0.0037568927,[std] INSEE-shaped generational proxy
M,1943,62,0.0041463664,[std] INSEE-shaped generational proxy
M,1943,63,0.0045792130,[std] INSEE-shaped generational proxy
M,1943,64,0.0050602405,[std] INSEE-shaped generational proxy
M,1943,65,0.0055947845,[std] INSEE-shaped generational proxy
M,1943,66,0.0061887651,[std] INSEE-shaped generational proxy
M,1943,67,0.0068487491,[std] INSEE-shaped generational proxy
M,1943,68,0.0075820193,[std] INSEE-shaped generational proxy
M,1943,69,0.0083966496,[std] INSEE-shaped generational proxy
M,1943,70,0.0093015883,[std] INSEE-shaped generational proxy
M,1943,71,0.0103067495,[std] INSEE-shaped generational proxy
M,1943,72,0.0114231124,[std] INSEE-shaped generational proxy
M,1943,73,0.0126628309,[std] INSEE-shaped generational proxy
M,1943,74,0.0140393520,[std] INSEE-shaped generational proxy
M,1943,75,0.0155675453,[std] INSEE-shaped generational proxy
M,1943,76,0.0172638436,[std] INSEE-shaped generational proxy
M,1943,77,0.0191463938,[std] INSEE-shaped generational proxy
M,1943,78,0.0212352209,[std] INSEE-shaped generational proxy
M,1943,79,0.0235524027,[std] INSEE-shaped generational proxy
M,1943,80,0.0261222564,[std] INSEE-shaped generational proxy
M,1943,81,0.0289715366,[std] INSEE-shaped generational proxy
M,1943,82,0.0321296432,[std] INSEE-shaped generational proxy
M,1943,83,0.0356288384,[std] INSEE-shaped generational proxy
M,1943,84,0.0395044703,[std] INSEE-shaped generational proxy
M,1943,85,0.0437952000,[std] INSEE-shaped generational proxy
M,1943,86,0.0485432285,[std] INSEE-shaped generational proxy
M,1943,87,0.0537945173,[std] INSEE-shaped generational proxy
M,1943,88,0.0595989965,[std] INSEE-shaped generational proxy
M,1943,89,0.0660107505,[std] INSEE-shaped generational proxy
M,1943,90,0.0730881699,[std] INSEE-shaped generational proxy
M,1943,91,0.0808940567,[std] INSEE-shaped generational proxy
M,1943,92,0.0894956630,[std] INSEE-shaped generational proxy
M,1943,93,0.0989646449,[std] INSEE-shaped generational proxy
M,1943,94,0.1093769032,[std] INSEE-shaped generational proxy
M,1943,95,0.1208122836,[std] INSEE-shaped generational proxy
M,1943,96,0.1333540992,[std] INSEE-shaped generational proxy
M,1943,97,0.1470884364,[std] INSEE-shaped generational proxy
M,1943,98,0.1621031977,[std] INSEE-shaped generational proxy
M,1943,99,0.1784868325,[std] INSEE-shaped generational proxy
M,1943,100,0.1963267008,[std] INSEE-shaped generational proxy
M,1943,101,0.2157070153,[std] INSEE-shaped generational proxy
M,1943,102,0.2367063071,[std] INSEE-shaped generational proxy
M,1943,103,0.2593943665,[std] INSEE-shaped generational proxy
M,1943,104,0.2838286214,[std] INSEE-shaped generational proxy
M,1943,105,0.3100499353,[std] INSEE-shaped generational proxy
M,1943,106,0.3380778373,[std] INSEE-shaped generational proxy
M,1943,107,0.3679052387,[std] INSEE-shaped generational proxy
M,1943,108,0.3994927483,[std] INSEE-shaped generational proxy
M,1943,109,0.4327627712,[std] INSEE-shaped generational proxy
M,1943,110,0.4675936693,[std] INSEE-shaped generational proxy
M,1943,111,0.5038143642,[std] INSEE-shaped generational proxy
M,1943,112,0.5411998787,[std] INSEE-shaped generational proxy
M,1943,113,0.5794684285,[std] INSEE-shaped generational proxy
M,1943,114,0.6182807737,[std] INSEE-shaped generational proxy
M,1943,115,0.6572425978,[std] INSEE-shaped generational proxy
M,1943,116,0.6959106759,[std] INSEE-shaped generational proxy
M,1943,117,0.7338034829,[std] INSEE-shaped generational proxy
M,1943,118,0.7704166473,[std] INSEE-shaped generational proxy
M,1943,119,0.8052432476,[std] INSEE-shaped generational proxy
M,1943,120,1.0000000000,[std] INSEE-shaped generational proxy
M,1944,50,0.0013423379,[std] INSEE-shaped generational proxy
M,1944,51,0.0014627960,[std] INSEE-shaped generational proxy
M,1944,52,0.0015967069,[std] INSEE-shaped generational proxy
M,1944,53,0.0017455709,[std] INSEE-shaped generational proxy
M,1944,54,0.0019110550,[std] INSEE-shaped generational proxy
M,1944,55,0.0020950117,[std] INSEE-shaped generational proxy
M,1944,56,0.0022994990,[std] INSEE-shaped generational proxy
M,1944,57,0.0025268032,[std] INSEE-shaped generational proxy
M,1944,58,0.0027794643,[std] INSEE-shaped generational proxy
M,1944,59,0.0030603032,[std] INSEE-shaped generational proxy
M,1944,60,0.0033724532,[std] INSEE-shaped generational proxy
M,1944,61,0.0037193937,[std] INSEE-shaped generational proxy
M,1944,62,0.0041049880,[std] INSEE-shaped generational proxy
M,1944,63,0.0045335249,[std] INSEE-shaped generational proxy
M,1944,64,0.0050097651,[std] INSEE-shaped generational proxy
M,1944,65,0.0055389919,[std] INSEE-shaped generational proxy
M,1944,66,0.0061270674,[std] INSEE-shaped generational proxy
M,1944,67,0.0067804944,[std] INSEE-shaped generational proxy
M,1944,68,0.0075064844,[std] INSEE-shaped generational proxy
M,1944,69,0.0083130330,[std] INSEE-shaped generational proxy
M,1944,70,0.0092090020,[std] INSEE-shaped generational proxy
M,1944,71,0.0102042096,[std] INSEE-shaped generational proxy
M,1944,72,0.0113095297,[std] INSEE-shaped generational proxy
M,1944,73,0.0125369997,[std] INSEE-shaped generational proxy
M,1944,74,0.0138999388,[std] INSEE-shaped generational proxy
M,1944,75,0.0154130758,[std] INSEE-shaped generational proxy
M,1944,76,0.0170926891,[std] INSEE-shaped generational proxy
M,1944,77,0.0189567563,[std] INSEE-shaped generational proxy
M,1944,78,0.0210251170,[std] INSEE-shaped generational proxy
M,1944,79,0.0233196466,[std] INSEE-shaped generational proxy
M,1944,80,0.0258644417,[std] INSEE-shaped generational proxy
M,1944,81,0.0286860172,[std] INSEE-shaped generational proxy
M,1944,82,0.0318135129,[std] INSEE-shaped generational proxy
M,1944,83,0.0352789104,[std] INSEE-shaped generational proxy
M,1944,84,0.0391172554,[std] INSEE-shaped generational proxy
M,1944,85,0.0433668853,[std] INSEE-shaped generational proxy
M,1944,86,0.0480696560,[std] INSEE-shaped generational proxy
M,1944,87,0.0532711634,[std] INSEE-shaped generational proxy
M,1944,88,0.0590209529,[std] INSEE-shaped generational proxy
M,1944,89,0.0653727081,[std] INSEE-shaped generational proxy
M,1944,90,0.0723844062,[std] INSEE-shaped generational proxy
M,1944,91,0.0801184280,[std] INSEE-shaped generational proxy
M,1944,92,0.0886416047,[std] INSEE-shaped generational proxy
M,1944,93,0.0980251795,[std] INSEE-shaped generational proxy
M,1944,94,0.1083446615,[std] INSEE-shaped generational proxy
M,1944,95,0.1196795401,[std] INSEE-shaped generational proxy
M,1944,96,0.1321128259,[std] INSEE-shaped generational proxy
M,1944,97,0.1457303791,[std] INSEE-shaped generational proxy
M,1944,98,0.1606199794,[std] INSEE-shaped generational proxy
M,1944,99,0.1768700888,[std] INSEE-shaped generational proxy
M,1944,100,0.1945682519,[std] INSEE-shaped generational proxy
M,1944,101,0.2137990811,[std] INSEE-shaped generational proxy
M,1944,102,0.2346417691,[std] INSEE-shaped generational proxy
M,1944,103,0.2571670816,[std] INSEE-shaped generational proxy
M,1944,104,0.2814337899,[std] INSEE-shaped generational proxy
M,1944,105,0.3074845242,[std] INSEE-shaped generational proxy
M,1944,106,0.3353410558,[std] INSEE-shaped generational proxy
M,1944,107,0.3649990588,[std] INSEE-shaped generational proxy
M,1944,108,0.3964224558,[std] INSEE-shaped generational proxy
M,1944,109,0.4295375282,[std] INSEE-shaped generational proxy
M,1944,110,0.4642270555,[std] INSEE-shaped generational proxy
M,1944,111,0.5003248567,[std] INSEE-shaped generational proxy
M,1944,112,0.5376112183,[std] INSEE-shaped generational proxy
M,1944,113,0.5758098105,[std] INSEE-shaped generational proxy
M,1944,114,0.6145867913,[std] INSEE-shaped generational proxy
M,1944,115,0.6535528650,[std] INSEE-shaped generational proxy
M,1944,116,0.6922690613,[std] INSEE-shaped generational proxy
M,1944,117,0.7302568994,[std] INSEE-shaped generational proxy
M,1944,118,0.7670133753,[std] INSEE-shaped generational proxy
M,1944,119,0.8020308134,[std] INSEE-shaped generational proxy
M,1944,120,1.0000000000,[std] INSEE-shaped generational proxy
M,1945,50,0.0013289234,[std] INSEE-shaped generational proxy
M,1945,51,0.0014481786,[std] INSEE-shaped generational proxy
M,1945,52,0.0015807524,[std] INSEE-shaped generational proxy
M,1945,53,0.0017281302,[std] INSEE-shaped generational proxy
M,1945,54,0.0018919626,[std] INSEE-shaped generational proxy
M,1945,55,0.0020740833,[std] INSEE-shaped generational proxy
M,1945,56,0.0022765302,[std] INSEE-shaped generational proxy
M,1945,57,0.0025015668,[std] INSEE-shaped generational proxy
M,1945,58,0.0027517079,[std] INSEE-shaped generational proxy
M,1945,59,0.0030297466,[std] INSEE-shaped generational proxy
M,1945,60,0.0033387851,[std] INSEE-shaped generational proxy
M,1945,61,0.0036822683,[std] INSEE-shaped generational proxy
M,1945,62,0.0040640216,[std] INSEE-shaped generational proxy
M,1945,63,0.0044882915,[std] INSEE-shaped generational proxy
M,1945,64,0.0049597919,[std] INSEE-shaped generational proxy
M,1945,65,0.0054837541,[std] INSEE-shaped generational proxy
M,1945,66,0.0060659829,[std] INSEE-shaped generational proxy
M,1945,67,0.0067129175,[std] INSEE-shaped generational proxy
M,1945,68,0.0074316992,[std] INSEE-shaped generational proxy
M,1945,69,0.0082302458,[std] INSEE-shaped generational proxy
M,1945,70,0.0091173331,[std] INSEE-shaped generational proxy
M,1945,71,0.0101026847,[std] INSEE-shaped generational proxy
M,1945,72,0.0111970700,[std] INSEE-shaped generational proxy
M,1945,73,0.0124124111,[std] INSEE-shaped generational proxy
M,1945,74,0.0137619003,[std] INSEE-shaped generational proxy
M,1945,75,0.0152601272,[std] INSEE-shaped generational proxy
M,1945,76,0.0169232168,[std] INSEE-shaped generational proxy
M,1945,77,0.0187689790,[std] INSEE-shaped generational proxy
M,1945,78,0.0208170696,[std] INSEE-shaped generational proxy
M,1945,79,0.0230891633,[std] INSEE-shaped generational proxy
M,1945,80,0.0256091379,[std] INSEE-shaped generational proxy
M,1945,81,0.0284032702,[std] INSEE-shaped generational proxy
M,1945,82,0.0315004422,[std] INSEE-shaped generational proxy
M,1945,83,0.0349323565,[std] INSEE-shaped generational proxy
M,1945,84,0.0387337589,[std] INSEE-shaped generational proxy
M,1945,85,0.0429426648,[std] INSEE-shaped generational proxy
M,1945,86,0.0476005871,[std] INSEE-shaped generational proxy
M,1945,87,0.0527527578,[std] INSEE-shaped generational proxy
M,1945,88,0.0584483398,[std] INSEE-shaped generational proxy
M,1945,89,0.0647406168,[std] INSEE-shaped generational proxy
M,1945,90,0.0716871538,[std] INSEE-shaped generational proxy
M,1945,91,0.0793499109,[std] INSEE-shaped generational proxy
M,1945,92,0.0877952977,[std] INSEE-shaped generational proxy
M,1945,93,0.0970941438,[std] INSEE-shaped generational proxy
M,1945,94,0.1073215638,[std] INSEE-shaped generational proxy
M,1945,95,0.1185566865,[std] INSEE-shaped generational proxy
M,1945,96,0.1308822141,[std] INSEE-shaped generational proxy
M,1945,97,0.1443837722,[std] INSEE-shaped generational proxy
M,1945,98,0.1591490070,[std] INSEE-shaped generational proxy
M,1945,99,0.1752663783,[std] INSEE-shaped generational proxy
M,1945,100,0.1928235976,[std] INSEE-shaped generational proxy
M,1945,101,0.2119056543,[std] INSEE-shaped generational proxy
M,1945,102,0.2325923759,[std] INSEE-shaped generational proxy
M,1945,103,0.2549554714,[std] INSEE-shaped generational proxy
M,1945,104,0.2790550183,[std] INSEE-shaped generational proxy
M,1945,105,0.3049353711,[std] INSEE-shaped generational proxy
M,1945,106,0.3326204961,[std] INSEE-shaped generational proxy
M,1945,107,0.3621087788,[std] INSEE-shaped generational proxy
M,1945,108,0.3933674032,[std] INSEE-shaped generational proxy
M,1945,109,0.4263264738,[std] INSEE-shaped generational proxy
M,1945,110,0.4608731381,[std] INSEE-shaped generational proxy
M,1945,111,0.4968460711,[std] INSEE-shaped generational proxy
M,1945,112,0.5340307950,[std] INSEE-shaped generational proxy
M,1945,113,0.5721564256,[std] INSEE-shaped generational proxy
M,1945,114,0.6108945367,[std] INSEE-shaped generational proxy
M,1945,115,0.6498609054,[std] INSEE-shaped generational proxy
M,1945,116,0.6886209065,[std] INSEE-shaped generational proxy
M,1945,117,0.7266992385,[std] INSEE-shaped generational proxy
M,1945,118,0.7635944436,[std] INSEE-shaped generational proxy
M,1945,119,0.7987983107,[std] INSEE-shaped generational proxy
M,1945,120,1.0000000000,[std] INSEE-shaped generational proxy
M,1946,50,0.0013156430,[std] INSEE-shaped generational proxy
M,1946,51,0.0014337072,[std] INSEE-shaped generational proxy
M,1946,52,0.0015649573,[std] INSEE-shaped generational proxy
M,1946,53,0.0017108637,[std] INSEE-shaped generational proxy
M,1946,54,0.0018730607,[std] INSEE-shaped generational proxy
M,1946,55,0.0020533638,[std] INSEE-shaped generational proxy
M,1946,56,0.0022537906,[std] INSEE-shaped generational proxy
M,1946,57,0.0024765822,[std] INSEE-shaped generational proxy
M,1946,58,0.0027242284,[std] INSEE-shaped generational proxy
M,1946,59,0.0029994946,[std] INSEE-shaped generational proxy
M,1946,60,0.0033054525,[std] INSEE-shaped generational proxy
M,1946,61,0.0036455129,[std] INSEE-shaped generational proxy
M,1946,62,0.0040234633,[std] INSEE-shaped generational proxy
M,1946,63,0.0044435085,[std] INSEE-shaped generational proxy
M,1946,64,0.0049103159,[std] INSEE-shaped generational proxy
M,1946,65,0.0054290657,[std] INSEE-shaped generational proxy
M,1946,66,0.0060055056,[std] INSEE-shaped generational proxy
M,1946,67,0.0066460119,[std] INSEE-shaped generational proxy
M,1946,68,0.0073576563,[std] INSEE-shaped generational proxy
M,1946,69,0.0081482795,[std] INSEE-shaped generational proxy
M,1946,70,0.0090265725,[std] INSEE-shaped generational proxy
M,1946,71,0.0100021648,[std] INSEE-shaped generational proxy
M,1946,72,0.0110857222,[std] INSEE-shaped generational proxy
M,1946,73,0.0122890528,[std] INSEE-shaped generational proxy
M,1946,74,0.0136252231,[std] INSEE-shaped generational proxy
M,1946,75,0.0151086846,[std] INSEE-shaped generational proxy
M,1946,76,0.0167554104,[std] INSEE-shaped generational proxy
M,1946,77,0.0185830441,[std] INSEE-shaped generational proxy
M,1946,78,0.0206110592,[std] INSEE-shaped generational proxy
M,1946,79,0.0228609313,[std] INSEE-shaped generational proxy
M,1946,80,0.0253563212,[std] INSEE-shaped generational proxy
M,1946,81,0.0281232696,[std] INSEE-shaped generational proxy
M,1946,82,0.0311904025,[std] INSEE-shaped generational proxy
M,1946,83,0.0345891456,[std] INSEE-shaped generational proxy
M,1946,84,0.0383539466,[std] INSEE-shaped generational proxy
M,1946,85,0.0425225012,[std] INSEE-shaped generational proxy
M,1946,86,0.0471359812,[std] INSEE-shaped generational proxy
M,1946,87,0.0522392567,[std] INSEE-shaped generational proxy
M,1946,88,0.0578811095,[std] INSEE-shaped generational proxy
M,1946,89,0.0641144254,[std] INSEE-shaped generational proxy
M,1946,90,0.0709963576,[std] INSEE-shaped generational proxy
M,1946,91,0.0785884465,[std] INSEE-shaped generational proxy
M,1946,92,0.0869566798,[std] INSEE-shaped generational proxy
M,1946,93,0.0961714719,[std] INSEE-shaped generational proxy
M,1946,94,0.1063075407,[std] INSEE-shaped generational proxy
M,1946,95,0.1174436506,[std] INSEE-shaped generational proxy
M,1946,96,0.1296621895,[std] INSEE-shaped generational proxy
M,1946,97,0.1430485406,[std] INSEE-shaped generational proxy
M,1946,98,0.1576902051,[std] INSEE-shaped generational proxy
M,1946,99,0.1736756271,[std] INSEE-shaped generational proxy
M,1946,100,0.1910926671,[std] INSEE-shaped generational proxy
M,1946,101,0.2100266700,[std] INSEE-shaped generational proxy
M,1946,102,0.2305580711,[std] INSEE-shaped generational proxy
M,1946,103,0.2527594913,[std] INSEE-shaped generational proxy
M,1946,104,0.2766922775,[std] INSEE-shaped generational proxy
M,1946,105,0.3024024664,[std] INSEE-shaped generational proxy
M,1946,106,0.3299161728,[std] INSEE-shaped generational proxy
M,1946,107,0.3592344430,[std] INSEE-shaped generational proxy
M,1946,108,0.3903276692,[std] INSEE-shaped generational proxy
M,1946,109,0.4231297259,[std] INSEE-shaped generational proxy
M,1946,110,0.4575320788,[std] INSEE-shaped generational proxy
M,1946,111,0.4933782164,[std] INSEE-shaped generational proxy
M,1946,112,0.5304588668,[std] INSEE-shaped generational proxy
M,1946,113,0.5685085807,[std] INSEE-shaped generational proxy
M,1946,114,0.6072043629,[std] INSEE-shaped generational proxy
M,1946,115,0.6461671110,[std] INSEE-shaped generational proxy
M,1946,116,0.6849666326,[std] INSEE-shaped generational proxy
M,1946,117,0.7231309355,[std] INSEE-shaped generational proxy
M,1946,118,0.7601602830,[std] INSEE-shaped generational proxy
M,1946,119,0.7955461436,[std] INSEE-shaped generational proxy
M,1946,120,1.0000000000,[std] INSEE-shaped generational proxy
M,1947,50,0.0013024951,[std] INSEE-shaped generational proxy
M,1947,51,0.0014193803,[std] INSEE-shaped generational proxy
M,1947,52,0.0015493198,[std] INSEE-shaped generational proxy
M,1947,53,0.0016937696,[std] INSEE-shaped generational proxy
M,1947,54,0.0018543474,[std] INSEE-shaped generational proxy
M,1947,55,0.0020328511,[std] INSEE-shaped generational proxy
M,1947,56,0.0022312778,[std] INSEE-shaped generational proxy
M,1947,57,0.0024518467,[std] INSEE-shaped generational proxy
M,1947,58,0.0026970228,[std] INSEE-shaped generational proxy
M,1947,59,0.0029695442,[std] INSEE-shaped generational proxy
M,1947,60,0.0032724521,[std] INSEE-shaped generational proxy
M,1947,61,0.0036091236,[std] INSEE-shaped generational proxy
M,1947,62,0.0039833089,[std] INSEE-shaped generational proxy
M,1947,63,0.0043991712,[std] INSEE-shaped generational proxy
M,1947,64,0.0048613323,[std] INSEE-shaped generational proxy
M,1947,65,0.0053749212,[std] INSEE-shaped generational proxy
M,1947,66,0.0059456295,[std] INSEE-shaped generational proxy
M,1947,67,0.0065797709,[std] INSEE-shaped generational proxy
M,1947,68,0.0072843483,[std] INSEE-shaped generational proxy
M,1947,69,0.0080671263,[std] INSEE-shaped generational proxy
M,1947,70,0.0089367113,[std] INSEE-shaped generational proxy
M,1947,71,0.0099026401,[std] INSEE-shaped generational proxy
M,1947,72,0.0109754756,[std] INSEE-shaped generational proxy
M,1947,73,0.0121669129,[std] INSEE-shaped generational proxy
M,1947,74,0.0134898941,[std] INSEE-shaped generational proxy
M,1947,75,0.0149587335,[std] INSEE-shaped generational proxy
M,1947,76,0.0165892539,[std] INSEE-shaped generational proxy
M,1947,77,0.0183989338,[std] INSEE-shaped generational proxy
M,1947,78,0.0204070662,[std] INSEE-shaped generational proxy
M,1947,79,0.0226349292,[std] INSEE-shaped generational proxy
M,1947,80,0.0251059681,[std] INSEE-shaped generational proxy
M,1947,81,0.0278459896,[std] INSEE-shaped generational proxy
M,1947,82,0.0308833654,[std] INSEE-shaped generational proxy
M,1947,83,0.0342492466,[std] INSEE-shaped generational proxy
M,1947,84,0.0379777846,[std] INSEE-shaped generational proxy
M,1947,85,0.0421063576,[std] INSEE-shaped generational proxy
M,1947,86,0.0466757980,[std] INSEE-shaped generational proxy
M,1947,87,0.0517306164,[std] INSEE-shaped generational proxy
M,1947,88,0.0573192149,[std] INSEE-shaped generational proxy
M,1947,89,0.0634940828,[std] INSEE-shaped generational proxy
M,1947,90,0.0703119630,[std] INSEE-shaped generational proxy
M,1947,91,0.0778339764,[std] INSEE-shaped generational proxy
M,1947,92,0.0861256885,[std] INSEE-shaped generational proxy
M,1947,93,0.0952570978,[std] INSEE-shaped generational proxy
M,1947,94,0.1053025232,[std] INSEE-shaped generational proxy
M,1947,95,0.1163403606,[std] INSEE-shaped generational proxy
M,1947,96,0.1284526782,[std] INSEE-shaped generational proxy
M,1947,97,0.1417246086,[std] INSEE-shaped generational proxy
M,1947,98,0.1562434981,[std] INSEE-shaped generational proxy
M,1947,99,0.1720977610,[std] INSEE-shaped generational proxy
M,1947,100,0.1893753897,[std] INSEE-shaped generational proxy
M,1947,101,0.2081620626,[std] INSEE-shaped generational proxy
M,1947,102,0.2285387974,[std] INSEE-shaped generational proxy
M,1947,103,0.2505790953,[std] INSEE-shaped generational proxy
M,1947,104,0.2743455366,[std] INSEE-shaped generational proxy
M,1947,105,0.2998857987,[std] INSEE-shaped generational proxy
M,1947,106,0.3272280984,[std] INSEE-shaped generational proxy
M,1947,107,0.3563760927,[std] INSEE-shaped generational proxy
M,1947,108,0.3873033290,[std] INSEE-shaped generational proxy
M,1947,109,0.4199473985,[std] INSEE-shaped generational proxy
M,1947,110,0.4542040350,[std] INSEE-shaped generational proxy
M,1947,111,0.4899214968,[std] INSEE-shaped generational proxy
M,1947,112,0.5268956869,[std] INSEE-shaped generational proxy
M,1947,113,0.5648665780,[std] INSEE-shaped generational proxy
M,1947,114,0.6035166184,[std] INSEE-shaped generational proxy
M,1947,115,0.6424718708,[std] INSEE-shaped generational proxy
M,1947,116,0.6813066584,[std] INSEE-shaped generational proxy
M,1947,117,0.7195524250,[std] INSEE-shaped generational proxy
M,1947,118,0.7567113256,[std] INSEE-shaped generational proxy
M,1947,119,0.7922747198,[std] INSEE-shaped generational proxy
M,1947,120,1.0000000000,[std] INSEE-shaped generational proxy
M,1948,50,0.0012894785,[std] INSEE-shaped generational proxy
M,1948,51,0.0014051965,[std] INSEE-shaped generational proxy
M,1948,52,0.0015338385,[std] INSEE-shaped generational proxy
M,1948,53,0.0016768461,[std] INSEE-shaped generational proxy
M,1948,54,0.0018358210,[std] INSEE-shaped generational proxy
M,1948,55,0.0020125430,[std] INSEE-shaped generational proxy
M,1948,56,0.0022089897,[std] INSEE-shaped generational proxy
M,1948,57,0.0024273581,[std] INSEE-shaped generational proxy
M,1948,58,0.0026700887,[std] INSEE-shaped generational proxy
M,1948,59,0.0029398925,[std] INSEE-shaped generational proxy
M,1948,60,0.0032397806,[std] INSEE-shaped generational proxy
M,1948,61,0.0035730969,[std] INSEE-shaped generational proxy
M,1948,62,0.0039435544,[std] INSEE-shaped generational proxy
M,1948,63,0.0043552755,[std] INSEE-shaped generational proxy
M,1948,64,0.0048128362,[std] INSEE-shaped generational proxy
M,1948,65,0.0053213153,[std] INSEE-shaped generational proxy
M,1948,66,0.0058863485,[std] INSEE-shaped generational proxy
M,1948,67,0.0065141880,[std] INSEE-shaped generational proxy
M,1948,68,0.0072117682,[std] INSEE-shaped generational proxy
M,1948,69,0.0079867780,[std] INSEE-shaped generational proxy
M,1948,70,0.0088477408,[std] INSEE-shaped generational proxy
M,1948,71,0.0098041007,[std] INSEE-shaped generational proxy
M,1948,72,0.0108663194,[std] INSEE-shaped generational proxy
M,1948,73,0.0120459796,[std] INSEE-shaped generational proxy
M,1948,74,0.0133559001,[std] INSEE-shaped generational proxy
M,1948,75,0.0148102594,[std] INSEE-shaped generational proxy
M,1948,76,0.0164247313,[std] INSEE-shaped generational proxy
M,1948,77,0.0182166306,[std] INSEE-shaped generational proxy
M,1948,78,0.0202050713,[std] INSEE-shaped generational proxy
M,1948,79,0.0224111355,[std] INSEE-shaped generational proxy
M,1948,80,0.0248580552,[std] INSEE-shaped generational proxy
M,1948,81,0.0275714044,[std] INSEE-shaped generational proxy
M,1948,82,0.0305793028,[std] INSEE-shaped generational proxy
M,1948,83,0.0339126286,[std] INSEE-shaped generational proxy
M,1948,84,0.0376052392,[std] INSEE-shaped generational proxy
M,1948,85,0.0416941972,[std] INSEE-shaped generational proxy
M,1948,86,0.0462199978,[std] INSEE-shaped generational proxy
M,1948,87,0.0512267936,[std] INSEE-shaped generational proxy
M,1948,88,0.0567626091,[std] INSEE-shaped generational proxy
M,1948,89,0.0628795386,[std] INSEE-shaped generational proxy
M,1948,90,0.0696339157,[std] INSEE-shaped generational proxy
M,1948,91,0.0770864424,[std] INSEE-shaped generational proxy
M,1948,92,0.0853022622,[std] INSEE-shaped generational proxy
M,1948,93,0.0943509564,[std] INSEE-shaped generational proxy
M,1948,94,0.1043064425,[std] INSEE-shaped generational proxy
M,1948,95,0.1152467449,[std] INSEE-shaped generational proxy
M,1948,96,0.1272536062,[std] INSEE-shaped generational proxy
M,1948,97,0.1404119013,[std] INSEE-shaped generational proxy
M,1948,98,0.1548088106,[std] INSEE-shaped generational proxy
M,1948,99,0.1705327058,[std] INSEE-shaped generational proxy
M,1948,100,0.1876716938,[std] INSEE-shaped generational proxy
M,1948,101,0.2063117661,[std] INSEE-shaped generational proxy
M,1948,102,0.2265344964,[std] INSEE-shaped generational proxy
M,1948,103,0.2484142362,[std] INSEE-shaped generational proxy
M,1948,104,0.2720147630,[std] INSEE-shaped generational proxy
M,1948,105,0.2973853544,[std] INSEE-shaped generational proxy
M,1948,106,0.3245562828,[std] INSEE-shaped generational proxy
M,1948,107,0.3535337661,[std] INSEE-shaped generational proxy
M,1948,108,0.3842944541,[std] INSEE-shaped generational proxy
M,1948,109,0.4167796018,[std] INSEE-shaped generational proxy
M,1948,110,0.4508891597,[std] INSEE-shaped generational proxy
M,1948,111,0.4864761121,[std] INSEE-shaped generational proxy
M,1948,112,0.5233415041,[std] INSEE-shaped generational proxy
M,1948,113,0.5612307155,[std] INSEE-shaped generational proxy
M,1948,114,0.5998316479,[std] INSEE-shaped generational proxy
M,1948,115,0.6387755702,[std] INSEE-shaped generational proxy
M,1948,116,0.6776414007,[std] INSEE-shaped generational proxy
M,1948,117,0.7159641412,[std] INSEE-shaped generational proxy
M,1948,118,0.7532480047,[std] INSEE-shaped generational proxy
M,1948,119,0.7889844501,[std] INSEE-shaped generational proxy
M,1948,120,1.0000000000,[std] INSEE-shaped generational proxy
M,1949,50,0.0012765920,[std] INSEE-shaped generational proxy
M,1949,51,0.0013911543,[std] INSEE-shaped generational proxy
M,1949,52,0.0015185118,[std] INSEE-shaped generational proxy
M,1949,53,0.0016600916,[std] INSEE-shaped generational proxy
M,1949,54,0.0018174795,[std] INSEE-shaped generational proxy
M,1949,55,0.0019924377,[std] INSEE-shaped generational proxy
M,1949,56,0.0021869240,[std] INSEE-shaped generational proxy
M,1949,57,0.0024031137,[std] INSEE-shaped generational proxy
M,1949,58,0.0026434231,[std] INSEE-shaped generational proxy
M,1949,59,0.0029105364,[std] INSEE-shaped generational proxy
M,1949,60,0.0032074348,[std] INSEE-shaped generational proxy
M,1949,61,0.0035374292,[std] INSEE-shaped generational proxy
M,1949,62,0.0039041960,[std] INSEE-shaped generational proxy
M,1949,63,0.0043118168,[std] INSEE-shaped generational proxy
M,1949,64,0.0047648226,[std] INSEE-shaped generational proxy
M,1949,65,0.0052682425,[std] INSEE-shaped generational proxy
M,1949,66,0.0058276569,[std] INSEE-shaped generational proxy
M,1949,67,0.0064492566,[std] INSEE-shaped generational proxy
M,1949,68,0.0071399086,[std] INSEE-shaped generational proxy
M,1949,69,0.0079072269,[std] INSEE-shaped generational proxy
M,1949,70,0.0087596520,[std] INSEE-shaped generational proxy
M,1949,71,0.0097065371,[std] INSEE-shaped generational proxy
M,1949,72,0.0107582428,[std] INSEE-shaped generational proxy
M,1949,73,0.0119262410,[std] INSEE-shaped generational proxy
M,1949,74,0.0132232280,[std] INSEE-shaped generational proxy
M,1949,75,0.0146632480,[std] INSEE-shaped generational proxy
M,1949,76,0.0162618268,[std] INSEE-shaped generational proxy
M,1949,77,0.0180361171,[std] INSEE-shaped generational proxy
M,1949,78,0.0200050553,[std] INSEE-shaped generational proxy
M,1949,79,0.0221895293,[std] INSEE-shaped generational proxy
M,1949,80,0.0246125593,[std] INSEE-shaped generational proxy
M,1949,81,0.0272994887,[std] INSEE-shaped generational proxy
M,1949,82,0.0302781869,[std] INSEE-shaped generational proxy
M,1949,83,0.0335792613,[std] INSEE-shaped generational proxy
M,1949,84,0.0372362772,[std] INSEE-shaped generational proxy
M,1949,85,0.0412859837,[std] INSEE-shaped generational proxy
M,1949,86,0.0457685410,[std] INSEE-shaped generational proxy
M,1949,87,0.0507277454,[std] INSEE-shaped generational proxy
M,1949,88,0.0562112457,[std] INSEE-shaped generational proxy
M,1949,89,0.0622707427,[std] INSEE-shaped generational proxy
M,1949,90,0.0689621617,[std] INSEE-shaped generational proxy
M,1949,91,0.0763457869,[std] INSEE-shaped generational proxy
M,1949,92,0.0844863392,[std] INSEE-shaped generational proxy
M,1949,93,0.0934529823,[std] INSEE-shaped generational proxy
M,1949,94,0.1033192303,[std] INSEE-shaped generational proxy
M,1949,95,0.1141627322,[std] INSEE-shaped generational proxy
M,1949,96,0.1260649000,[std] INSEE-shaped generational proxy
M,1949,97,0.1391103432,[std] INSEE-shaped generational proxy
M,1949,98,0.1533860670,[std] INSEE-shaped generational proxy
M,1949,99,0.1689803868,[std] INSEE-shaped generational proxy
M,1949,100,0.1859815078,[std] INSEE-shaped generational proxy
M,1949,101,0.2044757135,[std] INSEE-shaped generational proxy
M,1949,102,0.2245451090,[std] INSEE-shaped generational proxy
M,1949,103,0.2462648655,[std] INSEE-shaped generational proxy
M,1949,104,0.2696999229,[std] INSEE-shaped generational proxy
M,1949,105,0.2949011178,[std] INSEE-shaped generational proxy
M,1949,106,0.3219007334,[std] INSEE-shaped generational proxy
M,1949,107,0.3507074985,[std] INSEE-shaped generational proxy
M,1949,108,0.3813011129,[std] INSEE-shaped generational proxy
M,1949,109,0.4136264419,[std] INSEE-shaped generational proxy
M,1949,110,0.4475876017,[std] INSEE-shaped generational proxy
M,1949,111,0.4830422574,[std] INSEE-shaped generational proxy
M,1949,112,0.5197965622,[std] INSEE-shaped generational proxy
M,1949,113,0.5576012864,[std] INSEE-shaped generational proxy
M,1949,114,0.5961497914,[std] INSEE-shaped generational proxy
M,1949,115,0.6350785910,[std] INSEE-shaped generational proxy
M,1949,116,0.6739712736,[std] INSEE-shaped generational proxy
M,1949,117,0.7123665169,[std] INSEE-shaped generational proxy
M,1949,118,0.7497707545,[std] INSEE-shaped generational proxy
M,1949,119,0.7856757487,[std] INSEE-shaped generational proxy
M,1949,120,1.0000000000,[std] INSEE-shaped generational proxy
M,1950,50,0.0012638341,[std] INSEE-shaped generational proxy
M,1950,51,0.0013772524,[std] INSEE-shaped generational proxy
M,1950,52,0.0015033381,[std] INSEE-shaped generational proxy
M,1950,53,0.0016435043,[std] INSEE-shaped generational proxy
M,1950,54,0.0017993210,[std] INSEE-shaped generational proxy
M,1950,55,0.0019725329,[std] INSEE-shaped generational proxy
M,1950,56,0.0021650784,[std] INSEE-shaped generational proxy
M,1950,57,0.0023791111,[std] INSEE-shaped generational proxy
M,1950,58,0.0026170235,[std] INSEE-shaped generational proxy
M,1950,59,0.0028814730,[std] INSEE-shaped generational proxy
M,1950,60,0.0031754115,[std] INSEE-shaped generational proxy
M,1950,61,0.0035021169,[std] INSEE-shaped generational proxy
M,1950,62,0.0038652295,[std] INSEE-shaped generational proxy
M,1950,63,0.0042687907,[std] INSEE-shaped generational proxy
M,1950,64,0.0047172870,[std] INSEE-shaped generational proxy
M,1950,65,0.0052156978,[std] INSEE-shaped generational proxy
M,1950,66,0.0057695487,[std] INSEE-shaped generational proxy
M,1950,67,0.0063849704,[std] INSEE-shaped generational proxy
M,1950,68,0.0070687624,[std] INSEE-shaped generational proxy
M,1950,69,0.0078284649,[std] INSEE-shaped generational proxy
M,1950,70,0.0086724364,[std] INSEE-shaped generational proxy
M,1950,71,0.0096099396,[std] INSEE-shaped generational proxy
M,1950,72,0.0106512354,[std] INSEE-shaped generational proxy
M,1950,73,0.0118076855,[std] INSEE-shaped generational proxy
M,1950,74,0.0130918652,[std] INSEE-shaped generational proxy
M,1950,75,0.0145176851,[std] INSEE-shaped generational proxy
M,1950,76,0.0161005248,[std] INSEE-shaped generational proxy
M,1950,77,0.0178573761,[std] INSEE-shaped generational proxy
M,1950,78,0.0198069992,[std] INSEE-shaped generational proxy
M,1950,79,0.0219700897,[std] INSEE-shaped generational proxy
M,1950,80,0.0243694574,[std] INSEE-shaped generational proxy
M,1950,81,0.0270302172,[std] INSEE-shaped generational proxy
M,1950,82,0.0299799900,[std] INSEE-shaped generational proxy
M,1950,83,0.0332491143,[std] INSEE-shaped generational proxy
M,1950,84,0.0368708655,[std] INSEE-shaped generational proxy
M,1950,85,0.0408816811,[std] INSEE-shaped generational proxy
M,1950,86,0.0453213882,[std] INSEE-shaped generational proxy
M,1950,87,0.0502334290,[std] INSEE-shaped generational proxy
M,1950,88,0.0556650784,[std] INSEE-shaped generational proxy
M,1950,89,0.0616676451,[std] INSEE-shaped generational proxy
M,1950,90,0.0682966476,[std] INSEE-shaped generational proxy
M,1950,91,0.0756119524,[std] INSEE-shaped generational proxy
M,1950,92,0.0836778586,[std] INSEE-shaped generational proxy
M,1950,93,0.0925631110,[std] INSEE-shaped generational proxy
M,1950,94,0.1023408184,[std] INSEE-shaped generational proxy
M,1950,95,0.1130882513,[std] INSEE-shaped generational proxy
M,1950,96,0.1248864860,[std] INSEE-shaped generational proxy
M,1950,97,0.1378198595,[std] INSEE-shaped generational proxy
M,1950,98,0.1519751916,[std] INSEE-shaped generational proxy
M,1950,99,0.1674407293,[std] INSEE-shaped generational proxy
M,1950,100,0.1843047595,[std] INSEE-shaped generational proxy
M,1950,101,0.2026538377,[std] INSEE-shaped generational proxy
M,1950,102,0.2225705752,[std] INSEE-shaped generational proxy
M,1950,103,0.2441309338,[std] INSEE-shaped generational proxy
M,1950,104,0.2674009806,[std] INSEE-shaped generational proxy
M,1950,105,0.2924330714,[std] INSEE-shaped generational proxy
M,1950,106,0.3192614552,[std] INSEE-shaped generational proxy
M,1950,107,0.3478973224,[std] INSEE-shaped generational proxy
M,1950,108,0.3783233704,[std] INSEE-shaped generational proxy
M,1950,109,0.4104880213,[std] INSEE-shaped generational proxy
M,1950,110,0.4442995057,[std] INSEE-shaped generational proxy
M,1950,111,0.4796201234,[std] INSEE-shaped generational proxy
M,1950,112,0.5162611005,[std] INSEE-shaped generational proxy
M,1950,113,0.5539785791,[std] INSEE-shaped generational proxy
M,1950,114,0.5924713851,[std] INSEE-shaped generational proxy
M,1950,115,0.6313813115,[std] INSEE-shaped generational proxy
M,1950,116,0.6702966888,[std] INSEE-shaped generational proxy
M,1950,117,0.7087599842,[std] INSEE-shaped generational proxy
M,1950,118,0.7462800099,[std] INSEE-shaped generational proxy
M,1950,119,0.7823490324,[std] INSEE-shaped generational proxy
M,1950,120,1.0000000000,[std] INSEE-shaped generational proxy
M,1951,50,0.0012512037,[std] INSEE-shaped generational proxy
M,1951,51,0.0013634892,[std] INSEE-shaped generational proxy
M,1951,52,0.0014883159,[std] INSEE-shaped generational proxy
M,1951,53,0.0016270826,[std] INSEE-shaped generational proxy
M,1951,54,0.0017813439,[std] INSEE-shaped generational proxy
M,1951,55,0.0019528269,[std] INSEE-shaped generational proxy
M,1951,56,0.0021434509,[std] INSEE-shaped generational proxy
M,1951,57,0.0023553481,[std] INSEE-shaped generational proxy
M,1951,58,0.0025908872,[std] INSEE-shaped generational proxy
M,1951,59,0.0028526994,[std] INSEE-shaped generational proxy
M,1951,60,0.0031437073,[std] INSEE-shaped generational proxy
M,1951,61,0.0034671566,[std] INSEE-shaped generational proxy
M,1951,62,0.0038266513,[std] INSEE-shaped generational proxy
M,1951,63,0.0042261932,[std] INSEE-shaped generational proxy
M,1951,64,0.0046702244,[std] INSEE-shaped generational proxy
M,1951,65,0.0051636757,[std] INSEE-shaped generational proxy
M,1951,66,0.0057120183,[std] INSEE-shaped generational proxy
M,1951,67,0.0063213229,[std] INSEE-shaped generational proxy
M,1951,68,0.0069983227,[std] INSEE-shaped generational proxy
M,1951,69,0.0077504844,[std] INSEE-shaped generational proxy
M,1951,70,0.0085860855,[std] INSEE-shaped generational proxy
M,1951,71,0.0095142988,[std] INSEE-shaped generational proxy
M,1951,72,0.0105452866,[std] INSEE-shaped generational proxy
M,1951,73,0.0116903015,[std] INSEE-shaped generational proxy
M,1951,74,0.0129617987,[std] INSEE-shaped generational proxy
M,1951,75,0.0143735567,[std] INSEE-shaped generational proxy
M,1951,76,0.0159408097,[std] INSEE-shaped generational proxy
M,1951,77,0.0176803904,[std] INSEE-shaped generational proxy
M,1951,78,0.0196108842,[std] INSEE-shaped generational proxy
M,1951,79,0.0217527959,[std] INSEE-shaped generational proxy
M,1951,80,0.0241287269,[std] INSEE-shaped generational proxy
M,1951,81,0.0267635650,[std] INSEE-shaped generational proxy
M,1951,82,0.0296846848,[std] INSEE-shaped generational proxy
M,1951,83,0.0329221577,[std] INSEE-shaped generational proxy
M,1951,84,0.0365089713,[std] INSEE-shaped generational proxy
M,1951,85,0.0404812535,[std] INSEE-shaped generational proxy
M,1951,86,0.0448785005,[std] INSEE-shaped generational proxy
M,1951,87,0.0497438023,[std] INSEE-shaped generational proxy
M,1951,88,0.0551240615,[std] INSEE-shaped generational proxy
M,1951,89,0.0610701963,[std] INSEE-shaped generational proxy
M,1951,90,0.0676373199,[std] INSEE-shaped generational proxy
M,1951,91,0.0748848819,[std] INSEE-shaped generational proxy
M,1951,92,0.0828767595,[std] INSEE-shaped generational proxy
M,1951,93,0.0916812779,[std] INSEE-shaped generational proxy
M,1951,94,0.1013711390,[std] INSEE-shaped generational proxy
M,1951,95,0.1120232313,[std] INSEE-shaped generational proxy
M,1951,96,0.1237182910,[std] INSEE-shaped generational proxy
M,1951,97,0.1365403751,[std] INSEE-shaped generational proxy
M,1951,98,0.1505761090,[std] INSEE-shaped generational proxy
M,1951,99,0.1659136585,[std] INSEE-shaped generational proxy
M,1951,100,0.1826413766,[std] INSEE-shaped generational proxy
M,1951,101,0.2008460706,[std] INSEE-shaped generational proxy
M,1951,102,0.2206108342,[std] INSEE-shaped generational proxy
M,1951,103,0.2420123904,[std] INSEE-shaped generational proxy
M,1951,104,0.2651178990,[std] INSEE-shaped generational proxy
M,1951,105,0.2899811959,[std] INSEE-shaped generational proxy
M,1951,106,0.3166384510,[std] INSEE-shaped generational proxy
M,1951,107,0.3451032674,[std] INSEE-shaped generational proxy
M,1951,108,0.3753612881,[std] INSEE-shaped generational proxy
M,1951,109,0.4073644387,[std] INSEE-shaped generational proxy
M,1951,110,0.4410250120,[std] INSEE-shaped generational proxy
M,1951,111,0.4762098962,[std] INSEE-shaped generational proxy
M,1951,112,0.5127353537,[std] INSEE-shaped generational proxy
M,1951,113,0.5503628776,[std] INSEE-shaped generational proxy
M,1951,114,0.5887967606,[std] INSEE-shaped generational proxy
M,1951,115,0.6276841062,[std] INSEE-shaped generational proxy
M,1951,116,0.6666180553,[std] INSEE-shaped generational proxy
M,1951,117,0.7051449736,[std] INSEE-shaped generational proxy
M,1951,118,0.7427762065,[std] INSEE-shaped generational proxy
M,1951,119,0.7790047210,[std] INSEE-shaped generational proxy
M,1951,120,1.0000000000,[std] INSEE-shaped generational proxy
M,1952,50,0.0012386994,[std] INSEE-shaped generational proxy
M,1952,51,0.0013498636,[std] INSEE-shaped generational proxy
M,1952,52,0.0014734437,[std] INSEE-shaped generational proxy
M,1952,53,0.0016108249,[std] INSEE-shaped generational proxy
M,1952,54,0.0017635461,[std] INSEE-shaped generational proxy
M,1952,55,0.0019333175,[std] INSEE-shaped generational proxy
M,1952,56,0.0021220391,[std] INSEE-shaped generational proxy
M,1952,57,0.0023318221,[std] INSEE-shaped generational proxy
M,1952,58,0.0025650116,[std] INSEE-shaped generational proxy
M,1952,59,0.0028242127,[std] INSEE-shaped generational proxy
M,1952,60,0.0031123192,[std] INSEE-shaped generational proxy
M,1952,61,0.0034325446,[std] INSEE-shaped generational proxy
M,1952,62,0.0037884574,[std] INSEE-shaped generational proxy
M,1952,63,0.0041840198,[std] INSEE-shaped generational proxy
M,1952,64,0.0046236303,[std] INSEE-shaped generational proxy
M,1952,65,0.0051121711,[std] INSEE-shaped generational proxy
M,1952,66,0.0056550600,[std] INSEE-shaped generational proxy
M,1952,67,0.0062583079,[std] INSEE-shaped generational proxy
M,1952,68,0.0069285825,[std] INSEE-shaped generational proxy
M,1952,69,0.0076732777,[std] INSEE-shaped generational proxy
M,1952,70,0.0085005906,[std] INSEE-shaped generational proxy
M,1952,71,0.0094196054,[std] INSEE-shaped generational proxy
M,1952,72,0.0104403862,[std] INSEE-shaped generational proxy
M,1952,73,0.0115740777,[std] INSEE-shaped generational proxy
M,1952,74,0.0128330160,[std] INSEE-shaped generational proxy
M,1952,75,0.0142308488,[std] INSEE-shaped generational proxy
M,1952,76,0.0157826662,[std] INSEE-shaped generational proxy
M,1952,77,0.0175051431,[std] INSEE-shaped generational proxy
M,1952,78,0.0194166918,[std] INSEE-shaped generational proxy
M,1952,79,0.0215376276,[std] INSEE-shaped generational proxy
M,1952,80,0.0238903452,[std] INSEE-shaped generational proxy
M,1952,81,0.0264995074,[std] INSEE-shaped generational proxy
M,1952,82,0.0293922440,[std] INSEE-shaped generational proxy
M,1952,83,0.0325983618,[std] INSEE-shaped generational proxy
M,1952,84,0.0361505621,[std] INSEE-shaped generational proxy
M,1952,85,0.0400846656,[std] INSEE-shaped generational proxy
M,1952,86,0.0444398393,[std] INSEE-shaped generational proxy
M,1952,87,0.0492588232,[std] INSEE-shaped generational proxy
M,1952,88,0.0545881494,[std] INSEE-shaped generational proxy
M,1952,89,0.0604783474,[std] INSEE-shaped generational proxy
M,1952,90,0.0669841259,[std] INSEE-shaped generational proxy
M,1952,91,0.0741645189,[std] INSEE-shaped generational proxy
M,1952,92,0.0820829815,[std] INSEE-shaped generational proxy
M,1952,93,0.0908074190,[std] INSEE-shaped generational proxy
M,1952,94,0.1004101245,[std] INSEE-shaped generational proxy
M,1952,95,0.1109676019,[std] INSEE-shaped generational proxy
M,1952,96,0.1225602417,[std] INSEE-shaped generational proxy
M,1952,97,0.1352718151,[std] INSEE-shaped generational proxy
M,1952,98,0.1491887435,[std] INSEE-shaped generational proxy
M,1952,99,0.1643990994,[std] INSEE-shaped generational proxy
M,1952,100,0.1809912862,[std] INSEE-shaped generational proxy
M,1952,101,0.1990523439,[std] INSEE-shaped generational proxy
M,1952,102,0.2186658244,[std] INSEE-shaped generational proxy
M,1952,103,0.2399091833,[std] INSEE-shaped generational proxy
M,1952,104,0.2628506397,[std] INSEE-shaped generational proxy
M,1952,105,0.2875454700,[std] INSEE-shaped generational proxy
M,1952,106,0.3140317212,[std] INSEE-shaped generational proxy
M,1952,107,0.3423253605,[std] INSEE-shaped generational proxy
M,1952,108,0.3724149246,[std] INSEE-shaped generational proxy
M,1952,109,0.4042557891,[std] INSEE-shaped generational proxy
M,1952,110,0.4377642570,[std] INSEE-shaped generational proxy
M,1952,111,0.4728117574,[std] INSEE-shaped generational proxy
M,1952,112,0.5092195516,[std] INSEE-shaped generational proxy
M,1952,113,0.5467544611,[std] INSEE-shaped generational proxy
M,1952,114,0.5851262451,[std] INSEE-shaped generational proxy
M,1952,115,0.6239873461,[std] INSEE-shaped generational proxy
M,1952,116,0.6629357792,[std] INSEE-shaped generational proxy
M,1952,117,0.7015219146,[std] INSEE-shaped generational proxy
M,1952,118,0.7392597801,[std] INSEE-shaped generational proxy
M,1952,119,0.7756432366,[std] INSEE-shaped generational proxy
M,1952,120,1.0000000000,[std] INSEE-shaped generational proxy
M,1953,50,0.0012263200,[std] INSEE-shaped generational proxy
M,1953,51,0.0013363739,[std] INSEE-shaped generational proxy
M,1953,52,0.0014587200,[std] INSEE-shaped generational proxy
M,1953,53,0.0015947295,[std] INSEE-shaped generational proxy
M,1953,54,0.0017459261,[std] INSEE-shaped generational proxy
M,1953,55,0.0019140028,[std] INSEE-shaped generational proxy
M,1953,56,0.0021008410,[std] INSEE-shaped generational proxy
M,1953,57,0.0023085308,[std] INSEE-shaped generational proxy
M,1953,58,0.0025393940,[std] INSEE-shaped generational proxy
M,1953,59,0.0027960101,[std] INSEE-shaped generational proxy
M,1953,60,0.0030812440,[std] INSEE-shaped generational proxy
M,1953,61,0.0033982775,[std] INSEE-shaped generational proxy
M,1953,62,0.0037506439,[std] INSEE-shaped generational proxy
M,1953,63,0.0041422664,[std] INSEE-shaped generational proxy
M,1953,64,0.0045775000,[std] INSEE-shaped generational proxy
M,1953,65,0.0050611790,[std] INSEE-shaped generational proxy
M,1953,66,0.0055986680,[std] INSEE-shaped generational proxy
M,1953,67,0.0061959191,[std] INSEE-shaped generational proxy
M,1953,68,0.0068595349,[std] INSEE-shaped generational proxy
M,1953,69,0.0075968372,[std] INSEE-shaped generational proxy
M,1953,70,0.0084159434,[std] INSEE-shaped generational proxy
M,1953,71,0.0093258499,[std] INSEE-shaped generational proxy
M,1953,72,0.0103365238,[std] INSEE-shaped generational proxy
M,1953,73,0.0114590026,[std] INSEE-shaped generational proxy
M,1953,74,0.0127055046,[std] INSEE-shaped generational proxy
M,1953,75,0.0140895476,[std] INSEE-shaped generational proxy
M,1953,76,0.0156260792,[std] INSEE-shaped generational proxy
M,1953,77,0.0173316175,[std] INSEE-shaped generational proxy
M,1953,78,0.0192244034,[std] INSEE-shaped generational proxy
M,1953,79,0.0213245643,[std] INSEE-shaped generational proxy
M,1953,80,0.0236542900,[std] INSEE-shaped generational proxy
M,1953,81,0.0262380198,[std] INSEE-shaped generational proxy
M,1953,82,0.0291026409,[std] INSEE-shaped generational proxy
M,1953,83,0.0322776970,[std] INSEE-shaped generational proxy
M,1953,84,0.0357956056,[std] INSEE-shaped generational proxy
M,1953,85,0.0396918820,[std] INSEE-shaped generational proxy
M,1953,86,0.0440053663,[std] INSEE-shaped generational proxy
M,1953,87,0.0487784501,[std] INSEE-shaped generational proxy
M,1953,88,0.0540572970,[std] INSEE-shaped generational proxy
M,1953,89,0.0598920495,[std] INSEE-shaped generational proxy
M,1953,90,0.0663370131,[std] INSEE-shaped generational proxy
M,1953,91,0.0734508069,[std] INSEE-shaped generational proxy
M,1953,92,0.0812964646,[std] INSEE-shaped generational proxy
M,1953,93,0.0899414706,[std] INSEE-shaped generational proxy
M,1953,94,0.0994577079,[std] INSEE-shaped generational proxy
M,1953,95,0.1099212925,[std] INSEE-shaped generational proxy
M,1953,96,0.1214122654,[std] INSEE-shaped generational proxy
M,1953,97,0.1340141049,[std] INSEE-shaped generational proxy
M,1953,98,0.1478130195,[std] INSEE-shaped generational proxy
M,1953,99,0.1628969768,[std] INSEE-shaped generational proxy
M,1953,100,0.1793544153,[std] INSEE-shaped generational proxy
M,1953,101,0.1972725886,[std] INSEE-shaped generational proxy
M,1953,102,0.2167354835,[std] INSEE-shaped generational proxy
M,1953,103,0.2378212598,[std] INSEE-shaped generational proxy
M,1953,104,0.2605991626,[std] INSEE-shaped generational proxy
M,1953,105,0.2851258706,[std] INSEE-shaped generational proxy
M,1953,106,0.3114412639,[std] INSEE-shaped generational proxy
M,1953,107,0.3395636258,[std] INSEE-shaped generational proxy
M,1953,108,0.3694843349,[std] INSEE-shaped generational proxy
M,1953,109,0.4011621637,[std] INSEE-shaped generational proxy
M,1953,110,0.4345173728,[std] INSEE-shaped generational proxy
M,1953,111,0.4694258844,[std] INSEE-shaped generational proxy
M,1953,112,0.5057139195,[std] INSEE-shaped generational proxy
M,1953,113,0.5431536044,[std] INSEE-shaped generational proxy
M,1953,114,0.5814601615,[std] INSEE-shaped generational proxy
M,1953,115,0.6202913980,[std] INSEE-shaped generational proxy
M,1953,116,0.6592502638,[std] INSEE-shaped generational proxy
M,1953,117,0.6978912349,[std] INSEE-shaped generational proxy
M,1953,118,0.7357311668,[std] INSEE-shaped generational proxy
M,1953,119,0.7722650036,[std] INSEE-shaped generational proxy
M,1953,120,1.0000000000,[std] INSEE-shaped generational proxy
M,1954,50,0.0012140643,[std] INSEE-shaped generational proxy
M,1954,51,0.0013230190,[std] INSEE-shaped generational proxy
M,1954,52,0.0014441434,[std] INSEE-shaped generational proxy
M,1954,53,0.0015787948,[std] INSEE-shaped generational proxy
M,1954,54,0.0017284819,[std] INSEE-shaped generational proxy
M,1954,55,0.0018948810,[std] INSEE-shaped generational proxy
M,1954,56,0.0020798545,[std] INSEE-shaped generational proxy
M,1954,57,0.0022854719,[std] INSEE-shaped generational proxy
M,1954,58,0.0025140320,[std] INSEE-shaped generational proxy
M,1954,59,0.0027680888,[std] INSEE-shaped generational proxy
M,1954,60,0.0030504786,[std] INSEE-shaped generational proxy
M,1954,61,0.0033643520,[std] INSEE-shaped generational proxy
M,1954,62,0.0037132072,[std] INSEE-shaped generational proxy
M,1954,63,0.0041009287,[std] INSEE-shaped generational proxy
M,1954,64,0.0045318289,[std] INSEE-shaped generational proxy
M,1954,65,0.0050106942,[std] INSEE-shaped generational proxy
M,1954,66,0.0055428368,[std] INSEE-shaped generational proxy
M,1954,67,0.0061341503,[std] INSEE-shaped generational proxy
M,1954,68,0.0067911730,[std] INSEE-shaped generational proxy
M,1954,69,0.0075211552,[std] INSEE-shaped generational proxy
M,1954,70,0.0083321355,[std] INSEE-shaped generational proxy
M,1954,71,0.0092330233,[std] INSEE-shaped generational proxy
M,1954,72,0.0102336892,[std] INSEE-shaped generational proxy
M,1954,73,0.0113450651,[std] INSEE-shaped generational proxy
M,1954,74,0.0125792520,[std] INSEE-shaped generational proxy
M,1954,75,0.0139496394,[std] INSEE-shaped generational proxy
M,1954,76,0.0154710335,[std] INSEE-shaped generational proxy
M,1954,77,0.0171597970,[std] INSEE-shaped generational proxy
M,1954,78,0.0190340007,[std] INSEE-shaped generational proxy
M,1954,79,0.0211135859,[std] INSEE-shaped generational proxy
M,1954,80,0.0234205391,[std] INSEE-shaped generational proxy
M,1954,81,0.0259790778,[std] INSEE-shaped generational proxy
M,1954,82,0.0288158486,[std] INSEE-shaped generational proxy
M,1954,83,0.0319601341,[std] INSEE-shaped generational proxy
M,1954,84,0.0354440700,[std] INSEE-shaped generational proxy
M,1954,85,0.0393028680,[std] INSEE-shaped generational proxy
M,1954,86,0.0435750434,[std] INSEE-shaped generational proxy
M,1954,87,0.0483026416,[std] INSEE-shaped generational proxy
M,1954,88,0.0535314595,[std] INSEE-shaped generational proxy
M,1954,89,0.0593112541,[std] INSEE-shaped generational proxy
M,1954,90,0.0656959294,[std] INSEE-shaped generational proxy
M,1954,91,0.0727436900,[std] INSEE-shaped generational proxy
M,1954,92,0.0805171489,[std] INSEE-shaped generational proxy
M,1954,93,0.0890833692,[std] INSEE-shaped generational proxy
M,1954,94,0.0985138221,[std] INSEE-shaped generational proxy
M,1954,95,0.1088842332,[std] INSEE-shaped generational proxy
M,1954,96,0.1202742895,[std] INSEE-shaped generational proxy
M,1954,97,0.1327671699,[std] INSEE-shaped generational proxy
M,1954,98,0.1464488616,[std] INSEE-shaped generational proxy
M,1954,99,0.1614072155,[std] INSEE-shaped generational proxy
M,1954,100,0.1777306906,[std] INSEE-shaped generational proxy
M,1954,101,0.1955067352,[std] INSEE-shaped generational proxy
M,1954,102,0.2148197482,[std] INSEE-shaped generational proxy
M,1954,103,0.2357485660,[std] INSEE-shaped generational proxy
M,1954,104,0.2583634266,[std] INSEE-shaped generational proxy
M,1954,105,0.2827223728,[std] INSEE-shaped generational proxy
M,1954,106,0.3088670750,[std] INSEE-shaped generational proxy
M,1954,107,0.3368180848,[std] INSEE-shaped generational proxy
M,1954,108,0.3665695712,[std] INSEE-shaped generational proxy
M,1954,109,0.3980836502,[std] INSEE-shaped generational proxy
M,1954,110,0.4312844876,[std] INSEE-shaped generational proxy
M,1954,111,0.4660524498,[std] INSEE-shaped generational proxy
M,1954,112,0.5022186780,[std] INSEE-shaped generational proxy
M,1954,113,0.5395605772,[std] INSEE-shaped generational proxy
M,1954,114,0.5777988282,[std] INSEE-shaped generational proxy
M,1954,115,0.6165966251,[std] INSEE-shaped generational proxy
M,1954,116,0.6555619094,[std] INSEE-shaped generational proxy
M,1954,117,0.6942533604,[std] INSEE-shaped generational proxy
M,1954,118,0.7321908027,[std] INSEE-shaped generational proxy
M,1954,119,0.7688704484,[std] INSEE-shaped generational proxy
M,1954,120,1.0000000000,[std] INSEE-shaped generational proxy
M,1955,50,0.0012019309,[std] INSEE-shaped generational proxy
M,1955,51,0.0013097975,[std] INSEE-shaped generational proxy
M,1955,52,0.0014297123,[std] INSEE-shaped generational proxy
M,1955,53,0.0015630192,[std] INSEE-shaped generational proxy
M,1955,54,0.0017112119,[std] INSEE-shaped generational proxy
M,1955,55,0.0018759499,[std] INSEE-shaped generational proxy
M,1955,56,0.0020590774,[std] INSEE-shaped generational proxy
M,1955,57,0.0022626430,[std] INSEE-shaped generational proxy
M,1955,58,0.0024889230,[std] INSEE-shaped generational proxy
M,1955,59,0.0027404458,[std] INSEE-shaped generational proxy
M,1955,60,0.0030200199,[std] INSEE-shaped generational proxy
M,1955,61,0.0033307645,[std] INSEE-shaped generational proxy
M,1955,62,0.0036761435,[std] INSEE-shaped generational proxy
M,1955,63,0.0040600028,[std] INSEE-shaped generational proxy
M,1955,64,0.0044866124,[std] INSEE-shaped generational proxy
M,1955,65,0.0049607118,[std] INSEE-shaped generational proxy
M,1955,66,0.0054875607,[std] INSEE-shaped generational proxy
M,1955,67,0.0060729955,[std] INSEE-shaped generational proxy
M,1955,68,0.0067234901,[std] INSEE-shaped generational proxy
M,1955,69,0.0074462244,[std] INSEE-shaped generational proxy
M,1955,70,0.0082491588,[std] INSEE-shaped generational proxy
M,1955,71,0.0091411164,[std] INSEE-shaped generational proxy
M,1955,72,0.0101318726,[std] INSEE-shaped generational proxy
M,1955,73,0.0112322540,[std] INSEE-shaped generational proxy
M,1955,74,0.0124542461,[std] INSEE-shaped generational proxy
M,1955,75,0.0138111108,[std] INSEE-shaped generational proxy
M,1955,76,0.0153175142,[std] INSEE-shaped generational proxy
M,1955,77,0.0169896651,[std] INSEE-shaped generational proxy
M,1955,78,0.0188454657,[std] INSEE-shaped generational proxy
M,1955,79,0.0209046726,[std] INSEE-shaped generational proxy
M,1955,80,0.0231890705,[std] INSEE-shaped generational proxy
M,1955,81,0.0257226575,[std] INSEE-shaped generational proxy
M,1955,82,0.0285318408,[std] INSEE-shaped generational proxy
M,1955,83,0.0316456443,[std] INSEE-shaped generational proxy
M,1955,84,0.0350959234,[std] INSEE-shaped generational proxy
M,1955,85,0.0389175889,[std] INSEE-shaped generational proxy
M,1955,86,0.0431488329,[std] INSEE-shaped generational proxy
M,1955,87,0.0478313567,[std] INSEE-shaped generational proxy
M,1955,88,0.0530105925,[std] INSEE-shaped generational proxy
M,1955,89,0.0587359133,[std] INSEE-shaped generational proxy
M,1955,90,0.0650608228,[std] INSEE-shaped generational proxy
M,1955,91,0.0720431128,[std] INSEE-shaped generational proxy
M,1955,92,0.0797449752,[std] INSEE-shaped generational proxy
M,1955,93,0.0882330519,[std] INSEE-shaped generational proxy
M,1955,94,0.0975784007,[std] INSEE-shaped generational proxy
M,1955,95,0.1078563543,[std] INSEE-shaped generational proxy
M,1955,96,0.1191462414,[std] INSEE-shaped generational proxy
M,1955,97,0.1315309356,[std] INSEE-shaped generational proxy
M,1955,98,0.1450961942,[std] INSEE-shaped generational proxy
M,1955,99,0.1599297402,[std] INSEE-shaped generational proxy
M,1955,100,0.1761200385,[std] INSEE-shaped generational proxy
M,1955,101,0.1937547140,[std] INSEE-shaped generational proxy
M,1955,102,0.2129185548,[std] INSEE-shaped generational proxy
M,1955,103,0.2336910468,[std] INSEE-shaped generational proxy
M,1955,104,0.2561433887,[std] INSEE-shaped generational proxy
M,1955,105,0.2803349500,[std] INSEE-shaped generational proxy
M,1955,106,0.3063091484,[std] INSEE-shaped generational proxy
M,1955,107,0.3340887563,[std] INSEE-shaped generational proxy
M,1955,108,0.3636706823,[std] INSEE-shaped generational proxy
M,1955,109,0.3950203326,[std] INSEE-shaped generational proxy
M,1955,110,0.4280657253,[std] INSEE-shaped generational proxy
M,1955,111,0.4626916221,[std] INSEE-shaped generational proxy
M,1955,112,0.4987340431,[std] INSEE-shaped generational proxy
M,1955,113,0.5359756450,[std] INSEE-shaped generational proxy
M,1955,114,0.5741425590,[std] INSEE-shaped generational proxy
M,1955,115,0.6129033863,[std] INSEE-shaped generational proxy
M,1955,116,0.6518711132,[std] INSEE-shaped generational proxy
M,1955,117,0.6906087155,[std] INSEE-shaped generational proxy
M,1955,118,0.7286391238,[std] INSEE-shaped generational proxy
M,1955,119,0.7654599994,[std] INSEE-shaped generational proxy
M,1955,120,1.0000000000,[std] INSEE-shaped generational proxy
M,1956,50,0.0011899188,[std] INSEE-shaped generational proxy
M,1956,51,0.0012967080,[std] INSEE-shaped generational proxy
M,1956,52,0.0014154253,[std] INSEE-shaped generational proxy
M,1956,53,0.0015474011,[std] INSEE-shaped generational proxy
M,1956,54,0.0016941143,[std] INSEE-shaped generational proxy
M,1956,55,0.0018572079,[std] INSEE-shaped generational proxy
M,1956,56,0.0020385076,[std] INSEE-shaped generational proxy
M,1956,57,0.0022400420,[std] INSEE-shaped generational proxy
M,1956,58,0.0024640645,[std] INSEE-shaped generational proxy
M,1956,59,0.0027130786,[std] INSEE-shaped generational proxy
M,1956,60,0.0029898649,[std] INSEE-shaped generational proxy
M,1956,61,0.0032975119,[std] INSEE-shaped generational proxy
M,1956,62,0.0036394490,[std] INSEE-shaped generational proxy
M,1956,63,0.0040194845,[std] INSEE-shaped generational proxy
M,1956,64,0.0044418461,[std] INSEE-shaped generational proxy
M,1956,65,0.0049112267,[std] INSEE-shaped generational proxy
M,1956,66,0.0054328345,[std] INSEE-shaped generational proxy
M,1956,67,0.0060124485,[std] INSEE-shaped generational proxy
M,1956,68,0.0066564794,[std] INSEE-shaped generational proxy
M,1956,69,0.0073720373,[std] INSEE-shaped generational proxy
M,1956,70,0.0081670050,[std] INSEE-shaped generational proxy
M,1956,71,0.0090501201,[std] INSEE-shaped generational proxy
M,1956,72,0.0100310637,[std] INSEE-shaped generational proxy
M,1956,73,0.0111205583,[std] INSEE-shaped generational proxy
M,1956,74,0.0123304747,[std] INSEE-shaped generational proxy
M,1956,75,0.0136739484,[std] INSEE-shaped generational proxy
M,1956,76,0.0151655064,[std] INSEE-shaped generational proxy
M,1956,77,0.0168212055,[std] INSEE-shaped generational proxy
M,1956,78,0.0186587803,[std] INSEE-shaped generational proxy
M,1956,79,0.0206978044,[std] INSEE-shaped generational proxy
M,1956,80,0.0229598626,[std] INSEE-shaped generational proxy
M,1956,81,0.0254687348,[std] INSEE-shaped generational proxy
M,1956,82,0.0282505913,[std] INSEE-shaped generational proxy
M,1956,83,0.0313341987,[std] INSEE-shaped generational proxy
M,1956,84,0.0347511346,[std] INSEE-shaped generational proxy
M,1956,85,0.0385360104,[std] INSEE-shaped generational proxy
M,1956,86,0.0427266975,[std] INSEE-shaped generational proxy
M,1956,87,0.0473645549,[std] INSEE-shaped generational proxy
M,1956,88,0.0524946517,[std] INSEE-shaped generational proxy
M,1956,89,0.0581659792,[std] INSEE-shaped generational proxy
M,1956,90,0.0644316421,[std] INSEE-shaped generational proxy
M,1956,91,0.0713490199,[std] INSEE-shaped generational proxy
M,1956,92,0.0789798845,[std] INSEE-shaped generational proxy
M,1956,93,0.0873904558,[std] INSEE-shaped generational proxy
M,1956,94,0.0966513773,[std] INSEE-shaped generational proxy
M,1956,95,0.1068375863,[std] INSEE-shaped generational proxy
M,1956,96,0.1180280489,[std] INSEE-shaped generational proxy
M,1956,97,0.1303053277,[std] INSEE-shaped generational proxy
M,1956,98,0.1437549419,[std] INSEE-shaped generational proxy
M,1956,99,0.1584644754,[std] INSEE-shaped generational proxy
M,1956,100,0.1745223851,[std] INSEE-shaped generational proxy
M,1956,101,0.1920164545,[std] INSEE-shaped generational proxy
M,1956,102,0.2110318388,[std] INSEE-shaped generational proxy
M,1956,103,0.2316486464,[std] INSEE-shaped generational proxy
M,1956,104,0.2539390052,[std] INSEE-shaped generational proxy
M,1956,105,0.2779635739,[std] INSEE-shaped generational proxy
M,1956,106,0.3037674757,[std] INSEE-shaped generational proxy
M,1956,107,0.3313756566,[std] INSEE-shaped generational proxy
M,1956,108,0.3607877141,[std] INSEE-shaped generational proxy
M,1956,109,0.3919722915,[std] INSEE-shaped generational proxy
M,1956,110,0.4248612061,[std] INSEE-shaped generational proxy
M,1956,111,0.4593435654,[std] INSEE-shaped generational proxy
M,1956,112,0.4952602263,[std] INSEE-shaped generational proxy
M,1956,113,0.5323990681,[std] INSEE-shaped generational proxy
M,1956,114,0.5704916635,[std] INSEE-shaped generational proxy
M,1956,115,0.6092120368,[std] INSEE-shaped generational proxy
M,1956,116,0.6481782693,[std] INSEE-shaped generational proxy
M,1956,117,0.6869577224,[std] INSEE-shaped generational proxy
M,1956,118,0.7250765656,[std] INSEE-shaped generational proxy
M,1956,119,0.7620340864,[std] INSEE-shaped generational proxy
M,1956,120,1.0000000000,[std] INSEE-shaped generational proxy
M,1957,50,0.0011780266,[std] INSEE-shaped generational proxy
M,1957,51,0.0012837493,[std] INSEE-shaped generational proxy
M,1957,52,0.0014012809,[std] INSEE-shaped generational proxy
M,1957,53,0.0015319390,[std] INSEE-shaped generational proxy
M,1957,54,0.0016771874,[std] INSEE-shaped generational proxy
M,1957,55,0.0018386529,[std] INSEE-shaped generational proxy
M,1957,56,0.0020181431,[std] INSEE-shaped generational proxy
M,1957,57,0.0022176664,[std] INSEE-shaped generational proxy
M,1957,58,0.0024394539,[std] INSEE-shaped generational proxy
M,1957,59,0.0026859843,[std] INSEE-shaped generational proxy
M,1957,60,0.0029600106,[std] INSEE-shaped generational proxy
M,1957,61,0.0032645906,[std] INSEE-shaped generational proxy
M,1957,62,0.0036031202,[std] INSEE-shaped generational proxy
M,1957,63,0.0039793697,[std] INSEE-shaped generational proxy
M,1957,64,0.0043975254,[std] INSEE-shaped generational proxy
M,1957,65,0.0048622340,[std] INSEE-shaped generational proxy
M,1957,66,0.0053786525,[std] INSEE-shaped generational proxy
M,1957,67,0.0059525033,[std] INSEE-shaped generational proxy
M,1957,68,0.0065901345,[std] INSEE-shaped generational proxy
M,1957,69,0.0072985866,[std] INSEE-shaped generational proxy
M,1957,70,0.0080856660,[std] INSEE-shaped generational proxy
M,1957,71,0.0089600256,[std] INSEE-shaped generational proxy
M,1957,72,0.0099312528,[std] INSEE-shaped generational proxy
M,1957,73,0.0110099672,[std] INSEE-shaped generational proxy
M,1957,74,0.0122079257,[std] INSEE-shaped generational proxy
M,1957,75,0.0135381387,[std] INSEE-shaped generational proxy
M,1957,76,0.0150149957,[std] INSEE-shaped generational proxy
M,1957,77,0.0166544021,[std] INSEE-shaped generational proxy
M,1957,78,0.0184739267,[std] INSEE-shaped generational proxy
M,1957,79,0.0204929619,[std] INSEE-shaped generational proxy
M,1957,80,0.0227328938,[std] INSEE-shaped generational proxy
M,1957,81,0.0252172862,[std] INSEE-shaped generational proxy
M,1957,82,0.0279720741,[std] INSEE-shaped generational proxy
M,1957,83,0.0310257688,[std] INSEE-shaped generational proxy
M,1957,84,0.0344096722,[std] INSEE-shaped generational proxy
M,1957,85,0.0381580984,[std] INSEE-shaped generational proxy
M,1957,86,0.0423085999,[std] INSEE-shaped generational proxy
M,1957,87,0.0469021956,[std] INSEE-shaped generational proxy
M,1957,88,0.0519835935,[std] INSEE-shaped generational proxy
M,1957,89,0.0576014045,[std] INSEE-shaped generational proxy
M,1957,90,0.0638083360,[std] INSEE-shaped generational proxy
M,1957,91,0.0706613566,[std] INSEE-shaped generational proxy
M,1957,92,0.0782218181,[std] INSEE-shaped generational proxy
M,1957,93,0.0865555186,[std] INSEE-shaped generational proxy
M,1957,94,0.0957326862,[std] INSEE-shaped generational proxy
M,1957,95,0.1058278600,[std] INSEE-shaped generational proxy
M,1957,96,0.1169196401,[std] INSEE-shaped generational proxy
M,1957,97,0.1290902722,[std] INSEE-shaped generational proxy
M,1957,98,0.1424250293,[std] INSEE-shaped generational proxy
M,1957,99,0.1570113459,[std] INSEE-shaped generational proxy
M,1957,100,0.1729376565,[std] INSEE-shaped generational proxy
M,1957,101,0.1902918859,[std] INSEE-shaped generational proxy
M,1957,102,0.2091595349,[std] INSEE-shaped generational proxy
M,1957,103,0.2296213080,[std] INSEE-shaped generational proxy
M,1957,104,0.2517502306,[std] INSEE-shaped generational proxy
M,1957,105,0.2756082145,[std] INSEE-shaped generational proxy
M,1957,106,0.3012420464,[std] INSEE-shaped generational proxy
M,1957,107,0.3286787995,[std] INSEE-shaped generational proxy
M,1957,108,0.3579207094,[std] INSEE-shaped generational proxy
M,1957,109,0.3889396038,[std] INSEE-shaped generational proxy
M,1957,110,0.4216710460,[std] INSEE-shaped generational proxy
M,1957,111,0.4560084392,[std] INSEE-shaped generational proxy
M,1957,112,0.4917974342,[std] INSEE-shaped generational proxy
M,1957,113,0.5288311025,[std] INSEE-shaped generational proxy
M,1957,114,0.5668464464,[std] INSEE-shaped generational proxy
M,1957,115,0.6055229274,[std] INSEE-shaped generational proxy
M,1957,116,0.6444837682,[std] INSEE-shaped generational proxy
M,1957,117,0.6833008011,[std] INSEE-shaped generational proxy
M,1957,118,0.7215035632,[std] INSEE-shaped generational proxy
M,1957,119,0.7585931411,[std] INSEE-shaped generational proxy
M,1957,120,1.0000000000,[std] INSEE-shaped generational proxy
M,1958,50,0.0011662532,[std] INSEE-shaped generational proxy
M,1958,51,0.0012709200,[std] INSEE-shaped generational proxy
M,1958,52,0.0013872779,[std] INSEE-shaped generational proxy
M,1958,53,0.0015166312,[std] INSEE-shaped generational proxy
M,1958,54,0.0016604294,[std] INSEE-shaped generational proxy
M,1958,55,0.0018202831,[std] INSEE-shaped generational proxy
M,1958,56,0.0019979819,[std] INSEE-shaped generational proxy
M,1958,57,0.0021955141,[std] INSEE-shaped generational proxy
M,1958,58,0.0024150889,[std] INSEE-shaped generational proxy
M,1958,59,0.0026591602,[std] INSEE-shaped generational proxy
M,1958,60,0.0029304539,[std] INSEE-shaped generational proxy
M,1958,61,0.0032319975,[std] INSEE-shaped generational proxy
M,1958,62,0.0035671533,[std] INSEE-shaped generational proxy
M,1958,63,0.0039396545,[std] INSEE-shaped generational proxy
M,1958,64,0.0043536460,[std] INSEE-shaped generational proxy
M,1958,65,0.0048137289,[std] INSEE-shaped generational proxy
M,1958,66,0.0053250094,[std] INSEE-shaped generational proxy
M,1958,67,0.0058931540,[std] INSEE-shaped generational proxy
M,1958,68,0.0065244486,[std] INSEE-shaped generational proxy
M,1958,69,0.0072258650,[std] INSEE-shaped generational proxy
M,1958,70,0.0080051339,[std] INSEE-shaped generational proxy
M,1958,71,0.0088708239,[std] INSEE-shaped generational proxy
M,1958,72,0.0098324302,[std] INSEE-shaped generational proxy
M,1958,73,0.0109004698,[std] INSEE-shaped generational proxy
M,1958,74,0.0120865872,[std] INSEE-shaped generational proxy
M,1958,75,0.0134036687,[std] INSEE-shaped generational proxy
M,1958,76,0.0148659674,[std] INSEE-shaped generational proxy
M,1958,77,0.0164892388,[std] INSEE-shaped generational proxy
M,1958,78,0.0182908874,[std] INSEE-shaped generational proxy
M,1958,79,0.0202901255,[std] INSEE-shaped generational proxy
M,1958,80,0.0225081428,[std] INSEE-shaped generational proxy
M,1958,81,0.0249682882,[std] INSEE-shaped generational proxy
M,1958,82,0.0276962634,[std] INSEE-shaped generational proxy
M,1958,83,0.0307203266,[std] INSEE-shaped generational proxy
M,1958,84,0.0340715055,[std] INSEE-shaped generational proxy
M,1958,85,0.0377838192,[std] INSEE-shaped generational proxy
M,1958,86,0.0418945035,[std] INSEE-shaped generational proxy
M,1958,87,0.0464442388,[std] INSEE-shaped generational proxy
M,1958,88,0.0514773744,[std] INSEE-shaped generational proxy
M,1958,89,0.0570421423,[std] INSEE-shaped generational proxy
M,1958,90,0.0631908540,[std] INSEE-shaped generational proxy
M,1958,91,0.0699800683,[std] INSEE-shaped generational proxy
M,1958,92,0.0774707178,[std] INSEE-shaped generational proxy
M,1958,93,0.0857281784,[std] INSEE-shaped generational proxy
M,1958,94,0.0948222616,[std] INSEE-shaped generational proxy
M,1958,95,0.1048271065,[std] INSEE-shaped generational proxy
M,1958,96,0.1158209432,[std] INSEE-shaped generational proxy
M,1958,97,0.1278856951,[std] INSEE-shaped generational proxy
M,1958,98,0.1411063811,[std] INSEE-shaped generational proxy
M,1958,99,0.1555702759,[std] INSEE-shaped generational proxy
M,1958,100,0.1713657784,[std] INSEE-shaped generational proxy
M,1958,101,0.1885809372,[std] INSEE-shaped generational proxy
M,1958,102,0.2073015774,[std] INSEE-shaped generational proxy
M,1958,103,0.2276089737,[std] INSEE-shaped generational proxy
M,1958,104,0.2495770184,[std] INSEE-shaped generational proxy
M,1958,105,0.2732688403,[std] INSEE-shaped generational proxy
M,1958,106,0.2987328480,[std] INSEE-shaped generational proxy
M,1958,107,0.3259981960,[std] INSEE-shaped generational proxy
M,1958,108,0.3550697081,[std] INSEE-shaped generational proxy
M,1958,109,0.3859223431,[std] INSEE-shaped generational proxy
M,1958,110,0.4184953574,[std] INSEE-shaped generational proxy
M,1958,111,0.4526863989,[std] INSEE-shaped generational proxy
M,1958,112,0.4883458690,[std] INSEE-shaped generational proxy
M,1958,113,0.5252719994,[std] INSEE-shaped generational proxy
M,1958,114,0.5632072081,[std] INSEE-shaped generational proxy
M,1958,115,0.6018364050,[std] INSEE-shaped generational proxy
M,1958,116,0.6407879973,[std] INSEE-shaped generational proxy
M,1958,117,0.6796383697,[std] INSEE-shaped generational proxy
M,1958,118,0.7179205511,[std] INSEE-shaped generational proxy
M,1958,119,0.7551375959,[std] INSEE-shaped generational proxy
M,1958,120,1.0000000000,[std] INSEE-shaped generational proxy
M,1959,50,0.0011545974,[std] INSEE-shaped generational proxy
M,1959,51,0.0012582188,[std] INSEE-shaped generational proxy
M,1959,52,0.0013734146,[std] INSEE-shaped generational proxy
M,1959,53,0.0015014763,[std] INSEE-shaped generational proxy
M,1959,54,0.0016438388,[std] INSEE-shaped generational proxy
M,1959,55,0.0018020967,[std] INSEE-shaped generational proxy
M,1959,56,0.0019780218,[std] INSEE-shaped generational proxy
M,1959,57,0.0021735828,[std] INSEE-shaped generational proxy
M,1959,58,0.0023909669,[std] INSEE-shaped generational proxy
M,1959,59,0.0026326036,[std] INSEE-shaped generational proxy
M,1959,60,0.0029011919,[std] INSEE-shaped generational proxy
M,1959,61,0.0031997293,[std] INSEE-shaped generational proxy
M,1959,62,0.0035315448,[std] INSEE-shaped generational proxy
M,1959,63,0.0039003349,[std] INSEE-shaped generational proxy
M,1959,64,0.0043102035,[std] INSEE-shaped generational proxy
M,1959,65,0.0047657065,[std] INSEE-shaped generational proxy
M,1959,66,0.0052719000,[std] INSEE-shaped generational proxy
M,1959,67,0.0058343947,[std] INSEE-shaped generational proxy
M,1959,68,0.0064594153,[std] INSEE-shaped generational proxy
M,1959,69,0.0071538655,[std] INSEE-shaped generational proxy
M,1959,70,0.0079254006,[std] INSEE-shaped generational proxy
M,1959,71,0.0087825064,[std] INSEE-shaped generational proxy
M,1959,72,0.0097345860,[std] INSEE-shaped generational proxy
M,1959,73,0.0107920554,[std] INSEE-shaped generational proxy
M,1959,74,0.0119664474,[std] INSEE-shaped generational proxy
M,1959,75,0.0132705254,[std] INSEE-shaped generational proxy
M,1959,76,0.0147184072,[std] INSEE-shaped generational proxy
M,1959,77,0.0163256998,[std] INSEE-shaped generational proxy
M,1959,78,0.0181096449,[std] INSEE-shaped generational proxy
M,1959,79,0.0200892762,[std] INSEE-shaped generational proxy
M,1959,80,0.0222855883,[std] INSEE-shaped generational proxy
M,1959,81,0.0247217175,[std] INSEE-shaped generational proxy
M,1959,82,0.0274231338,[std] INSEE-shaped generational proxy
M,1959,83,0.0304178439,[std] INSEE-shaped generational proxy
M,1959,84,0.0337366038,[std] INSEE-shaped generational proxy
M,1959,85,0.0374131394,[std] INSEE-shaped generational proxy
M,1959,86,0.0414843716,[std] INSEE-shaped generational proxy
M,1959,87,0.0459906449,[std] INSEE-shaped generational proxy
M,1959,88,0.0509759511,[std] INSEE-shaped generational proxy
M,1959,89,0.0564881457,[std] INSEE-shaped generational proxy
M,1959,90,0.0625791456,[std] INSEE-shaped generational proxy
M,1959,91,0.0693051009,[std] INSEE-shaped generational proxy
M,1959,92,0.0767265256,[std] INSEE-shaped generational proxy
M,1959,93,0.0849083734,[std] INSEE-shaped generational proxy
M,1959,94,0.0939200384,[std] INSEE-shaped generational proxy
M,1959,95,0.1038352573,[std] INSEE-shaped generational proxy
M,1959,96,0.1147318868,[std] INSEE-shaped generational proxy
M,1959,97,0.1266915225,[std] INSEE-shaped generational proxy
M,1959,98,0.1397989221,[std] INSEE-shaped generational proxy
M,1959,99,0.1541411900,[std] INSEE-shaped generational proxy
M,1959,100,0.1698066763,[std] INSEE-shaped generational proxy
M,1959,101,0.1868835367,[std] INSEE-shaped generational proxy
M,1959,102,0.2054578997,[std] INSEE-shaped generational proxy
M,1959,103,0.2256115849,[std] INSEE-shaped generational proxy
M,1959,104,0.2474193210,[std] INSEE-shaped generational proxy
M,1959,105,0.2709454179,[std] INSEE-shaped generational proxy
M,1959,106,0.2962398660,[std] INSEE-shaped generational proxy
M,1959,107,0.3233338551,[std] INSEE-shaped generational proxy
M,1959,108,0.3522347470,[std] INSEE-shaped generational proxy
M,1959,109,0.3829205795,[std] INSEE-shaped generational proxy
M,1959,110,0.4153342485,[std] INSEE-shaped generational proxy
M,1959,111,0.4493775958,[std] INSEE-shaped generational proxy
M,1959,112,0.4849057285,[std] INSEE-shaped generational proxy
M,1959,113,0.5217220053,[std] INSEE-shaped generational proxy
M,1959,114,0.5595742443,[std] INSEE-shaped generational proxy
M,1959,115,0.5981528121,[std] INSEE-shaped generational proxy
M,1959,116,0.6370913404,[std] INSEE-shaped generational proxy
M,1959,117,0.6759708435,[std] INSEE-shaped generational proxy
M,1959,118,0.7143279627,[std] INSEE-shaped generational proxy
M,1959,119,0.7516678846,[std] INSEE-shaped generational proxy
M,1959,120,1.0000000000,[std] INSEE-shaped generational proxy
M,1960,50,0.0011430580,[std] INSEE-shaped generational proxy
M,1960,51,0.0012456444,[std] INSEE-shaped generational proxy
M,1960,52,0.0013596898,[std] INSEE-shaped generational proxy
M,1960,53,0.0014864727,[std] INSEE-shaped generational proxy
M,1960,54,0.0016274138,[std] INSEE-shaped generational proxy
M,1960,55,0.0017840918,[std] INSEE-shaped generational proxy
M,1960,56,0.0019582610,[std] INSEE-shaped generational proxy
M,1960,57,0.0021518704,[std] INSEE-shaped generational proxy
M,1960,58,0.0023670855,[std] INSEE-shaped generational proxy
M,1960,59,0.0026063119,[std] INSEE-shaped generational proxy
M,1960,60,0.0028722217,[std] INSEE-shaped generational proxy
M,1960,61,0.0031677828,[std] INSEE-shaped generational proxy
M,1960,62,0.0034962912,[std] INSEE-shaped generational proxy
M,1960,63,0.0038614070,[std] INSEE-shaped generational proxy
M,1960,64,0.0042671936,[std] INSEE-shaped generational proxy
M,1960,65,0.0047181620,[std] INSEE-shaped generational proxy
M,1960,66,0.0052193188,[std] INSEE-shaped generational proxy
M,1960,67,0.0057762196,[std] INSEE-shaped generational proxy
M,1960,68,0.0063950281,[std] INSEE-shaped generational proxy
M,1960,69,0.0070825808,[std] INSEE-shaped generational proxy
M,1960,70,0.0078464583,[std] INSEE-shaped generational proxy
M,1960,71,0.0086950643,[std] INSEE-shaped generational proxy
M,1960,72,0.0096377108,[std] INSEE-shaped generational proxy
M,1960,73,0.0106847135,[std] INSEE-shaped generational proxy
M,1960,74,0.0118474946,[std] INSEE-shaped generational proxy
M,1960,75,0.0131386958,[std] INSEE-shaped generational proxy
M,1960,76,0.0145723008,[std] INSEE-shaped generational proxy
M,1960,77,0.0161637694,[std] INSEE-shaped generational proxy
M,1960,78,0.0179301819,[std] INSEE-shaped generational proxy
M,1960,79,0.0198903948,[std] INSEE-shaped generational proxy
M,1960,80,0.0220652095,[std] INSEE-shaped generational proxy
M,1960,81,0.0244775511,[std] INSEE-shaped generational proxy
M,1960,82,0.0271526598,[std] INSEE-shaped generational proxy
M,1960,83,0.0301182930,[std] INSEE-shaped generational proxy
M,1960,84,0.0334049368,[std] INSEE-shaped generational proxy
M,1960,85,0.0370460257,[std] INSEE-shaped generational proxy
M,1960,86,0.0410781681,[std] INSEE-shaped generational proxy
M,1960,87,0.0455413743,[std] INSEE-shaped generational proxy
M,1960,88,0.0504792810,[std] INSEE-shaped generational proxy
M,1960,89,0.0559393684,[std] INSEE-shaped generational proxy
M,1960,90,0.0619731608,[std] INSEE-shaped generational proxy
M,1960,91,0.0686364006,[std] INSEE-shaped generational proxy
M,1960,92,0.0759891840,[std] INSEE-shaped generational proxy
M,1960,93,0.0840960424,[std] INSEE-shaped generational proxy
M,1960,94,0.0930259516,[std] INSEE-shaped generational proxy
M,1960,95,0.1028522440,[std] INSEE-shaped generational proxy
M,1960,96,0.1136523996,[std] INSEE-shaped generational proxy
M,1960,97,0.1255076810,[std] INSEE-shaped generational proxy
M,1960,98,0.1385025771,[std] INSEE-shaped generational proxy
M,1960,99,0.1527240126,[std] INSEE-shaped generational proxy
M,1960,100,0.1682602756,[std] INSEE-shaped generational proxy
M,1960,101,0.1851996126,[std] INSEE-shaped generational proxy
M,1960,102,0.2036284348,[std] INSEE-shaped generational proxy
M,1960,103,0.2236290821,[std] INSEE-shaped generational proxy
M,1960,104,0.2452770893,[std] INSEE-shaped generational proxy
M,1960,105,0.2686379128,[std] INSEE-shaped generational proxy
M,1960,106,0.2937630839,[std] INSEE-shaped generational proxy
M,1960,107,0.3206857829,[std] INSEE-shaped generational proxy
M,1960,108,0.3494158602,[std] INSEE-shaped generational proxy
M,1960,109,0.3799343798,[std] INSEE-shaped generational proxy
M,1960,110,0.4121878238,[std] INSEE-shaped generational proxy
M,1960,111,0.4460821767,[std] INSEE-shaped generational proxy
M,1960,112,0.4814772056,[std] INSEE-shaped generational proxy
M,1960,113,0.5181813619,[std] INSEE-shaped generational proxy
M,1960,114,0.5559478459,[std] INSEE-shaped generational proxy
M,1960,115,0.5944724871,[std] INSEE-shaped generational proxy
M,1960,116,0.6333941776,[std] INSEE-shaped generational proxy
M,1960,117,0.6722986358,[std] INSEE-shaped generational proxy
M,1960,118,0.7107262306,[std] INSEE-shaped generational proxy
M,1960,119,0.7481844417,[std] INSEE-shaped generational proxy
M,1960,120,1.0000000000,[std] INSEE-shaped generational proxy
M,1961,50,0.0011316339,[std] INSEE-shaped generational proxy
M,1961,51,0.0012331956,[std] INSEE-shaped generational proxy
M,1961,52,0.0013461021,[std] INSEE-shaped generational proxy
M,1961,53,0.0014716189,[std] INSEE-shaped generational proxy
M,1961,54,0.0016111527,[std] INSEE-shaped generational proxy
M,1961,55,0.0017662666,[std] INSEE-shaped generational proxy
M,1961,56,0.0019386974,[std] INSEE-shaped generational proxy
M,1961,57,0.0021303746,[std] INSEE-shaped generational proxy
M,1961,58,0.0023434424,[std] INSEE-shaped generational proxy
M,1961,59,0.0025802824,[std] INSEE-shaped generational proxy
M,1961,60,0.0028435403,[std] INSEE-shaped generational proxy
M,1961,61,0.0031361547,[std] INSEE-shaped generational proxy
M,1961,62,0.0034613889,[std] INSEE-shaped generational proxy
M,1961,63,0.0038228668,[std] INSEE-shaped generational proxy
M,1961,64,0.0042246119,[std] INSEE-shaped generational proxy
M,1961,65,0.0046710908,[std] INSEE-shaped generational proxy
M,1961,66,0.0051672607,[std] INSEE-shaped generational proxy
M,1961,67,0.0057186229,[std] INSEE-shaped generational proxy
M,1961,68,0.0063312807,[std] INSEE-shaped generational proxy
M,1961,69,0.0070120039,[std] INSEE-shaped generational proxy
M,1961,70,0.0077682993,[std] INSEE-shaped generational proxy
M,1961,71,0.0086084889,[std] INSEE-shaped generational proxy
M,1961,72,0.0095417950,[std] INSEE-shaped generational proxy
M,1961,73,0.0105784335,[std] INSEE-shaped generational proxy
M,1961,74,0.0117297173,[std] INSEE-shaped generational proxy
M,1961,75,0.0130081671,[std] INSEE-shaped generational proxy
M,1961,76,0.0144276341,[std] INSEE-shaped generational proxy
M,1961,77,0.0160034321,[std] INSEE-shaped generational proxy
M,1961,78,0.0177524811,[std] INSEE-shaped generational proxy
M,1961,79,0.0196934625,[std] INSEE-shaped generational proxy
M,1961,80,0.0218469855,[std] INSEE-shaped generational proxy
M,1961,81,0.0242357661,[std] INSEE-shaped generational proxy
M,1961,82,0.0268848165,[std] INSEE-shaped generational proxy
M,1961,83,0.0298216465,[std] INSEE-shaped generational proxy
M,1961,84,0.0330764743,[std] INSEE-shaped generational proxy
M,1961,85,0.0366824452,[std] INSEE-shaped generational proxy
M,1961,86,0.0406758571,[std] INSEE-shaped generational proxy
M,1961,87,0.0450963881,[std] INSEE-shaped generational proxy
M,1961,88,0.0499873215,[std] INSEE-shaped generational proxy
M,1961,89,0.0553957646,[std] INSEE-shaped generational proxy
M,1961,90,0.0613728501,[std] INSEE-shaped generational proxy
M,1961,91,0.0679739141,[std] INSEE-shaped generational proxy
M,1961,92,0.0752586357,[std] INSEE-shaped generational proxy
M,1961,93,0.0832911244,[std] INSEE-shaped generational proxy
M,1961,94,0.0921399365,[std] INSEE-shaped generational proxy
M,1961,95,0.1018779987,[std] INSEE-shaped generational proxy
M,1961,96,0.1125824107,[std] INSEE-shaped generational proxy
M,1961,97,0.1243340971,[std] INSEE-shaped generational proxy
M,1961,98,0.1372172712,[std] INSEE-shaped generational proxy
M,1961,99,0.1513186681,[std] INSEE-shaped generational proxy
M,1961,100,0.1667265015,[std] INSEE-shaped generational proxy
M,1961,101,0.1835290925,[std] INSEE-shaped generational proxy
M,1961,102,0.2018131152,[std] INSEE-shaped generational proxy
M,1961,103,0.2216614048,[std] INSEE-shaped generational proxy
M,1961,104,0.2431502732,[std] INSEE-shaped generational proxy
M,1961,105,0.2663462885,[std] INSEE-shaped generational proxy
M,1961,106,0.2913024834,[std] INSEE-shaped generational proxy
M,1961,107,0.3180539835,[std] INSEE-shaped generational proxy
M,1961,108,0.3466130789,[std] INSEE-shaped generational proxy
M,1961,109,0.3769638074,[std] INSEE-shaped generational proxy
M,1961,110,0.4090561841,[std] INSEE-shaped generational proxy
M,1961,111,0.4428002843,[std] INSEE-shaped generational proxy
M,1961,112,0.4780604891,[std] INSEE-shaped generational proxy
M,1961,113,0.5146503064,[std] INSEE-shaped generational proxy
M,1961,114,0.5523282996,[std] INSEE-shaped generational proxy
M,1961,115,0.5907957639,[std] INSEE-shaped generational proxy
M,1961,116,0.6296968858,[std] INSEE-shaped generational proxy
M,1961,117,0.6686221569,[std] INSEE-shaped generational proxy
M,1961,118,0.7071157862,[std] INSEE-shaped generational proxy
M,1961,119,0.7446877026,[std] INSEE-shaped generational proxy
M,1961,120,1.0000000000,[std] INSEE-shaped generational proxy
M,1962,50,0.0011203239,[std] INSEE-shaped generational proxy
M,1962,51,0.0012208712,[std] INSEE-shaped generational proxy
M,1962,52,0.0013326500,[std] INSEE-shaped generational proxy
M,1962,53,0.0014569134,[std] INSEE-shaped generational proxy
M,1962,54,0.0015950541,[std] INSEE-shaped generational proxy
M,1962,55,0.0017486194,[std] INSEE-shaped generational proxy
M,1962,56,0.0019193290,[std] INSEE-shaped generational proxy
M,1962,57,0.0021090934,[std] INSEE-shaped generational proxy
M,1962,58,0.0023200352,[std] INSEE-shaped generational proxy
M,1962,59,0.0025545126,[std] INSEE-shaped generational proxy
M,1962,60,0.0028151450,[std] INSEE-shaped generational proxy
M,1962,61,0.0031048419,[std] INSEE-shaped generational proxy
M,1962,62,0.0034268344,[std] INSEE-shaped generational proxy
M,1962,63,0.0037847106,[std] INSEE-shaped generational proxy
M,1962,64,0.0041824543,[std] INSEE-shaped generational proxy
M,1962,65,0.0046244880,[std] INSEE-shaped generational proxy
M,1962,66,0.0051157205,[std] INSEE-shaped generational proxy
M,1962,67,0.0056615988,[std] INSEE-shaped generational proxy
M,1962,68,0.0062681667,[std] INSEE-shaped generational proxy
M,1962,69,0.0069421278,[std] INSEE-shaped generational proxy
M,1962,70,0.0076909158,[std] INSEE-shaped generational proxy
M,1962,71,0.0085227720,[std] INSEE-shaped generational proxy
M,1962,72,0.0094468291,[std] INSEE-shaped generational proxy
M,1962,73,0.0104732051,[std] INSEE-shaped generational proxy
M,1962,74,0.0116131039,[std] INSEE-shaped generational proxy
M,1962,75,0.0128789267,[std] INSEE-shaped generational proxy
M,1962,76,0.0142843932,[std] INSEE-shaped generational proxy
M,1962,77,0.0158446724,[std] INSEE-shaped generational proxy
M,1962,78,0.0175765257,[std] INSEE-shaped generational proxy
M,1962,79,0.0194984605,[std] INSEE-shaped generational proxy
M,1962,80,0.0216308958,[std] INSEE-shaped generational proxy
M,1962,81,0.0239963399,[std] INSEE-shaped generational proxy
M,1962,82,0.0266195790,[std] INSEE-shaped generational proxy
M,1962,83,0.0295278771,[std] INSEE-shaped generational proxy
M,1962,84,0.0327511864,[std] INSEE-shaped generational proxy
M,1962,85,0.0363223652,[std] INSEE-shaped generational proxy
M,1962,86,0.0402774030,[std] INSEE-shaped generational proxy
M,1962,87,0.0446556473,[std] INSEE-shaped generational proxy
M,1962,88,0.0495000306,[std] INSEE-shaped generational proxy
M,1962,89,0.0548572884,[std] INSEE-shaped generational proxy
M,1962,90,0.0607781639,[std] INSEE-shaped generational proxy
M,1962,91,0.0673175882,[std] INSEE-shaped generational proxy
M,1962,92,0.0745348240,[std] INSEE-shaped generational proxy
M,1962,93,0.0824935587,[std] INSEE-shaped generational proxy
M,1962,94,0.0912619291,[std] INSEE-shaped generational proxy
M,1962,95,0.1009124537,[std] INSEE-shaped generational proxy
M,1962,96,0.1115218492,[std] INSEE-shaped generational proxy
M,1962,97,0.1231706977,[std] INSEE-shaped generational proxy
M,1962,98,0.1359429295,[std] INSEE-shaped generational proxy
M,1962,99,0.1499250809,[std] INSEE-shaped generational proxy
M,1962,100,0.1652052791,[std] INSEE-shaped generational proxy
M,1962,101,0.1818719039,[std] INSEE-shaped generational proxy
M,1962,102,0.2000118727,[std] INSEE-shaped generational proxy
M,1962,103,0.2197084919,[std] INSEE-shaped generational proxy
M,1962,104,0.2410388215,[std] INSEE-shaped generational proxy
M,1962,105,0.2640705074,[std] INSEE-shaped generational proxy
M,1962,106,0.2888580442,[std] INSEE-shaped generational proxy
M,1962,107,0.3154384586,[std] INSEE-shaped generational proxy
M,1962,108,0.3438264313,[std] INSEE-shaped generational proxy
M,1962,109,0.3740089225,[std] INSEE-shaped generational proxy
M,1962,110,0.4059394264,[std] INSEE-shaped generational proxy
M,1962,111,0.4395320571,[std] INSEE-shaped generational proxy
M,1962,112,0.4746557629,[std] INSEE-shaped generational proxy
M,1962,113,0.5111290713,[std] INSEE-shaped generational proxy
M,1962,114,0.5487158870,[std] INSEE-shaped generational proxy
M,1962,115,0.5871229722,[std] INSEE-shaped generational proxy
M,1962,116,0.6259998376,[std] INSEE-shaped generational proxy
M,1962,117,0.6649418146,[std] INSEE-shaped generational proxy
M,1962,118,0.7034970596,[std] INSEE-shaped generational proxy
M,1962,119,0.7411781028,[std] INSEE-shaped generational proxy
M,1962,120,1.0000000000,[std] INSEE-shaped generational proxy
M,1963,50,0.0011091269,[std] INSEE-shaped generational proxy
M,1963,51,0.0012086699,[std] INSEE-shaped generational proxy
M,1963,52,0.0013193323,[std] INSEE-shaped generational proxy
M,1963,53,0.0014423548,[std] INSEE-shaped generational proxy
M,1963,54,0.0015791161,[std] INSEE-shaped generational proxy
M,1963,55,0.0017311484,[std] INSEE-shaped generational proxy
M,1963,56,0.0019001540,[std] INSEE-shaped generational proxy
M,1963,57,0.0020880245,[std] INSEE-shaped generational proxy
M,1963,58,0.0022968615,[std] INSEE-shaped generational proxy
M,1963,59,0.0025289998,[std] INSEE-shaped generational proxy
M,1963,60,0.0027870328,[std] INSEE-shaped generational proxy
M,1963,61,0.0030738412,[std] INSEE-shaped generational proxy
M,1963,62,0.0033926242,[std] INSEE-shaped generational proxy
M,1963,63,0.0037469345,[std] INSEE-shaped generational proxy
M,1963,64,0.0041407165,[std] INSEE-shaped generational proxy
M,1963,65,0.0045783492,[std] INSEE-shaped generational proxy
M,1963,66,0.0050646930,[std] INSEE-shaped generational proxy
M,1963,67,0.0056051418,[std] INSEE-shaped generational proxy
M,1963,68,0.0062056800,[std] INSEE-shaped generational proxy
M,1963,69,0.0068729456,[std] INSEE-shaped generational proxy
M,1963,70,0.0076143002,[std] INSEE-shaped generational proxy
M,1963,71,0.0084379048,[std] INSEE-shaped generational proxy
M,1963,72,0.0093528040,[std] INSEE-shaped generational proxy
M,1963,73,0.0103690179,[std] INSEE-shaped generational proxy
M,1963,74,0.0114976430,[std] INSEE-shaped generational proxy
M,1963,75,0.0127509621,[std] INSEE-shaped generational proxy
M,1963,76,0.0141425642,[std] INSEE-shaped generational proxy
M,1963,77,0.0156874751,[std] INSEE-shaped generational proxy
M,1963,78,0.0174022988,[std] INSEE-shaped generational proxy
M,1963,79,0.0193053703,[std] INSEE-shaped generational proxy
M,1963,80,0.0214169200,[std] INSEE-shaped generational proxy
M,1963,81,0.0237592502,[std] INSEE-shaped generational proxy
M,1963,82,0.0263569226,[std] INSEE-shaped generational proxy
M,1963,83,0.0292369578,[std] INSEE-shaped generational proxy
M,1963,84,0.0324290436,[std] INSEE-shaped generational proxy
M,1963,85,0.0359657535,[std] INSEE-shaped generational proxy
M,1963,86,0.0398827703,[std] INSEE-shaped generational proxy
M,1963,87,0.0442191136,[std] INSEE-shaped generational proxy
M,1963,88,0.0490173663,[std] INSEE-shaped generational proxy
M,1963,89,0.0543238946,[std] INSEE-shaped generational proxy
M,1963,90,0.0601890535,[std] INSEE-shaped generational proxy
M,1963,91,0.0666673704,[std] INSEE-shaped generational proxy
M,1963,92,0.0738176923,[std] INSEE-shaped generational proxy
M,1963,93,0.0817032852,[std] INSEE-shaped generational proxy
M,1963,94,0.0903918652,[std] INSEE-shaped generational proxy
M,1963,95,0.0999555416,[std] INSEE-shaped generational proxy
M,1963,96,0.1104706449,[std] INSEE-shaped generational proxy
M,1963,97,0.1220174096,[std] INSEE-shaped generational proxy
M,1963,98,0.1346794771,[std] INSEE-shaped generational proxy
M,1963,99,0.1485431755,[std] INSEE-shaped generational proxy
M,1963,100,0.1636965333,[std] INSEE-shaped generational proxy
M,1963,101,0.1802279739,[std] INSEE-shaped generational proxy
M,1963,102,0.1982246387,[std] INSEE-shaped generational proxy
M,1963,103,0.2177702814,[std] INSEE-shaped generational proxy
M,1963,104,0.2389426820,[std] INSEE-shaped generational proxy
M,1963,105,0.2618105303,[std] INSEE-shaped generational proxy
M,1963,106,0.2864297442,[std] INSEE-shaped generational proxy
M,1963,107,0.3128392075,[std] INSEE-shaped generational proxy
M,1963,108,0.3410559433,[std] INSEE-shaped generational proxy
M,1963,109,0.3710697820,[std] INSEE-shaped generational proxy
M,1963,110,0.4028376438,[std] INSEE-shaped generational proxy
M,1963,111,0.4362776295,[std] INSEE-shaped generational proxy
M,1963,112,0.4712632066,[std] INSEE-shaped generational proxy
M,1963,113,0.5076178844,[std] INSEE-shaped generational proxy
M,1963,114,0.5451108853,[std] INSEE-shaped generational proxy
M,1963,115,0.5834544373,[std] INSEE-shaped generational proxy
M,1963,116,0.6223034021,[std] INSEE-shaped generational proxy
M,1963,117,0.6612580137,[std] INSEE-shaped generational proxy
M,1963,118,0.6998704794,[std] INSEE-shaped generational proxy
M,1963,119,0.7376560785,[std] INSEE-shaped generational proxy
M,1963,120,1.0000000000,[std] INSEE-shaped generational proxy
M,1964,50,0.0010980417,[std] INSEE-shaped generational proxy
M,1964,51,0.0011965904,[std] INSEE-shaped generational proxy
M,1964,52,0.0013061476,[std] INSEE-shaped generational proxy
M,1964,53,0.0014279416,[std] INSEE-shaped generational proxy
M,1964,54,0.0015633373,[std] INSEE-shaped generational proxy
M,1964,55,0.0017138517,[std] INSEE-shaped generational proxy
M,1964,56,0.0018811703,[std] INSEE-shaped generational proxy
M,1964,57,0.0020671658,[std] INSEE-shaped generational proxy
M,1964,58,0.0022739190,[std] INSEE-shaped generational proxy
M,1964,59,0.0025037415,[std] INSEE-shaped generational proxy
M,1964,60,0.0027592010,[std] INSEE-shaped generational proxy
M,1964,61,0.0030431496,[std] INSEE-shaped generational proxy
M,1964,62,0.0033587550,[std] INSEE-shaped generational proxy
M,1964,63,0.0037095347,[std] INSEE-shaped generational proxy
M,1964,64,0.0040993943,[std] INSEE-shaped generational proxy
M,1964,65,0.0045326696,[std] INSEE-shaped generational proxy
M,1964,66,0.0050141733,[std] INSEE-shaped generational proxy
M,1964,67,0.0055492462,[std] INSEE-shaped generational proxy
M,1964,68,0.0061438142,[std] INSEE-shaped generational proxy
M,1964,69,0.0068044505,[std] INSEE-shaped generational proxy
M,1964,70,0.0075384450,[std] INSEE-shaped generational proxy
M,1964,71,0.0083538792,[std] INSEE-shaped generational proxy
M,1964,72,0.0092597103,[std] INSEE-shaped generational proxy
M,1964,73,0.0102658618,[std] INSEE-shaped generational proxy
M,1964,74,0.0113833235,[std] INSEE-shaped generational proxy
M,1964,75,0.0126242608,[std] INSEE-shaped generational proxy
M,1964,76,0.0140021333,[std] INSEE-shaped generational proxy
M,1964,77,0.0155318250,[std] INSEE-shaped generational proxy
M,1964,78,0.0172297837,[std] INSEE-shaped generational proxy
M,1964,79,0.0191141735,[std] INSEE-shaped generational proxy
M,1964,80,0.0212050378,[std] INSEE-shaped generational proxy
M,1964,81,0.0235244746,[std] INSEE-shaped generational proxy
M,1964,82,0.0260968230,[std] INSEE-shaped generational proxy
M,1964,83,0.0289488617,[std] INSEE-shaped generational proxy
M,1964,84,0.0321100166,[std] INSEE-shaped generational proxy
M,1964,85,0.0356125780,[std] INSEE-shaped generational proxy
M,1964,86,0.0394919241,[std] INSEE-shaped generational proxy
M,1964,87,0.0437867487,[std] INSEE-shaped generational proxy
M,1964,88,0.0485392873,[std] INSEE-shaped generational proxy
M,1964,89,0.0537955382,[std] INSEE-shaped generational proxy
M,1964,90,0.0596054703,[std] INSEE-shaped generational proxy
M,1964,91,0.0660232082,[std] INSEE-shaped generational proxy
M,1964,92,0.0731071845,[std] INSEE-shaped generational proxy
M,1964,93,0.0809202438,[std] INSEE-shaped generational proxy
M,1964,94,0.0895296814,[std] INSEE-shaped generational proxy
M,1964,95,0.0990071955,[std] INSEE-shaped generational proxy
M,1964,96,0.1094287275,[std] INSEE-shaped generational proxy
M,1964,97,0.1208741602,[std] INSEE-shaped generational proxy
M,1964,98,0.1334268393,[std] INSEE-shaped generational proxy
M,1964,99,0.1471728762,[std] INSEE-shaped generational proxy
M,1964,100,0.1622001889,[std] INSEE-shaped generational proxy
M,1964,101,0.1785972294,[std] INSEE-shaped generational proxy
M,1964,102,0.1964513438,[std] INSEE-shaped generational proxy
M,1964,103,0.2158467105,[std] INSEE-shaped generational proxy
M,1964,104,0.2368618012,[std] INSEE-shaped generational proxy
M,1964,105,0.2595663166,[std] INSEE-shaped generational proxy
M,1964,106,0.2840175594,[std] INSEE-shaped generational proxy
M,1964,107,0.3102562273,[std] INSEE-shaped generational proxy
M,1964,108,0.3383016377,[std] INSEE-shaped generational proxy
M,1964,109,0.3681464396,[std] INSEE-shaped generational proxy
M,1964,110,0.3997509260,[std] INSEE-shaped generational proxy
M,1964,111,0.4330371318,[std] INSEE-shaped generational proxy
M,1964,112,0.4678829956,[std] INSEE-shaped generational proxy
M,1964,113,0.5041169687,[std] INSEE-shaped generational proxy
M,1964,114,0.5415135670,[std] INSEE-shaped generational proxy
M,1964,115,0.5797904799,[std] INSEE-shaped generational proxy
M,1964,116,0.6186079446,[std] INSEE-shaped generational proxy
M,1964,117,0.6575711561,[std] INSEE-shaped generational proxy
M,1964,118,0.6962364726,[std] INSEE-shaped generational proxy
M,1964,119,0.7341220656,[std] INSEE-shaped generational proxy
M,1964,120,1.0000000000,[std] INSEE-shaped generational proxy
M,1965,50,0.0010870673,[std] INSEE-shaped generational proxy
M,1965,51,0.0011846316,[std] INSEE-shaped generational proxy
M,1965,52,0.0012930946,[std] INSEE-shaped generational proxy
M,1965,53,0.0014136723,[std] INSEE-shaped generational proxy
M,1965,54,0.0015477161,[std] INSEE-shaped generational proxy
M,1965,55,0.0016967278,[std] INSEE-shaped generational proxy
M,1965,56,0.0018623761,[std] INSEE-shaped generational proxy
M,1965,57,0.0020465153,[std] INSEE-shaped generational proxy
M,1965,58,0.0022512055,[std] INSEE-shaped generational proxy
M,1965,59,0.0024787351,[std] INSEE-shaped generational proxy
M,1965,60,0.0027316467,[std] INSEE-shaped generational proxy
M,1965,61,0.0030127640,[std] INSEE-shaped generational proxy
M,1965,62,0.0033252234,[std] INSEE-shaped generational proxy
M,1965,63,0.0036725075,[std] INSEE-shaped generational proxy
M,1965,64,0.0040584836,[std] INSEE-shaped generational proxy
M,1965,65,0.0044874448,[std] INSEE-shaped generational proxy
M,1965,66,0.0049641562,[std] INSEE-shaped generational proxy
M,1965,67,0.0054939065,[std] INSEE-shaped generational proxy
M,1965,68,0.0060825633,[std] INSEE-shaped generational proxy
M,1965,69,0.0067366357,[std] INSEE-shaped generational proxy
M,1965,70,0.0074633425,[std] INSEE-shaped generational proxy
M,1965,71,0.0082706868,[std] INSEE-shaped generational proxy
M,1965,72,0.0091675390,[std] INSEE-shaped generational proxy
M,1965,73,0.0101637267,[std] INSEE-shaped generational proxy
M,1965,74,0.0112701342,[std] INSEE-shaped generational proxy
M,1965,75,0.0124988104,[std] INSEE-shaped generational proxy
M,1965,76,0.0138630871,[std] INSEE-shaped generational proxy
M,1965,77,0.0153777072,[std] INSEE-shaped generational proxy
M,1965,78,0.0170589640,[std] INSEE-shaped generational proxy
M,1965,79,0.0189248520,[std] INSEE-shaped generational proxy
M,1965,80,0.0209952293,[std] INSEE-shaped generational proxy
M,1965,81,0.0232919911,[std] INSEE-shaped generational proxy
M,1965,82,0.0258392560,[std] INSEE-shaped generational proxy
M,1965,83,0.0286635624,[std] INSEE-shaped generational proxy
M,1965,84,0.0317940762,[std] INSEE-shaped generational proxy
M,1965,85,0.0352628067,[std] INSEE-shaped generational proxy
M,1965,86,0.0391048297,[std] INSEE-shaped generational proxy
M,1965,87,0.0433585148,[std] INSEE-shaped generational proxy
M,1965,88,0.0480657523,[std] INSEE-shaped generational proxy
M,1965,89,0.0532721746,[std] INSEE-shaped generational proxy
M,1965,90,0.0590273659,[std] INSEE-shaped generational proxy
M,1965,91,0.0653850496,[std] INSEE-shaped generational proxy
M,1965,92,0.0724032449,[std] INSEE-shaped generational proxy
M,1965,93,0.0801443752,[std] INSEE-shaped generational proxy
M,1965,94,0.0886753145,[std] INSEE-shaped generational proxy
M,1965,95,0.0980673485,[std] INSEE-shaped generational proxy
M,1965,96,0.1083960270,[std] INSEE-shaped generational proxy
M,1965,97,0.1197408770,[std] INSEE-shaped generational proxy
M,1965,98,0.1321849418,[std] INSEE-shaped generational proxy
M,1965,99,0.1458141076,[std] INSEE-shaped generational proxy
M,1965,100,0.1607161707,[std] INSEE-shaped generational proxy
M,1965,101,0.1769795968,[std] INSEE-shaped generational proxy
M,1965,102,0.1946919186,[std] INSEE-shaped generational proxy
M,1965,103,0.2139377160,[std] INSEE-shaped generational proxy
M,1965,104,0.2347961248,[std] INSEE-shaped generational proxy
M,1965,105,0.2573378243,[std] INSEE-shaped generational proxy
M,1965,106,0.2816214642,[std] INSEE-shaped generational proxy
M,1965,107,0.3076895130,[std] INSEE-shaped generational proxy
M,1965,108,0.3355635347,[std] INSEE-shaped generational proxy
M,1965,109,0.3652389459,[std] INSEE-shaped generational proxy
M,1965,110,0.3966793591,[std] INSEE-shaped generational proxy
M,1965,111,0.4298106902,[std] INSEE-shaped generational proxy
M,1965,112,0.4645153006,[std] INSEE-shaped generational proxy
M,1965,113,0.5006265429,[std] INSEE-shaped generational proxy
M,1965,114,0.5379242000,[std] INSEE-shaped generational proxy
M,1965,115,0.5761314165,[std] INSEE-shaped generational proxy
M,1965,116,0.6149138263,[std] INSEE-shaped generational proxy
M,1965,117,0.6538816409,[std] INSEE-shaped generational proxy
M,1965,118,0.6925954643,[std] INSEE-shaped generational proxy
M,1965,119,0.7305765003,[std] INSEE-shaped generational proxy
M,1965,120,1.0000000000,[std] INSEE-shaped generational proxy
M,1966,50,0.0010762025,[std] INSEE-shaped generational proxy
M,1966,51,0.0011727922,[std] INSEE-shaped generational proxy
M,1966,52,0.0012801719,[std] INSEE-shaped generational proxy
M,1966,53,0.0013995454,[std] INSEE-shaped generational proxy
M,1966,54,0.0015322508,[std] INSEE-shaped generational proxy
M,1966,55,0.0016797747,[std] INSEE-shaped generational proxy
M,1966,56,0.0018437696,[std] INSEE-shaped generational proxy
M,1966,57,0.0020260709,[std] INSEE-shaped generational proxy
M,1966,58,0.0022287185,[std] INSEE-shaped generational proxy
M,1966,59,0.0024539782,[std] INSEE-shaped generational proxy
M,1966,60,0.0027043672,[std] INSEE-shaped generational proxy
M,1966,61,0.0029826813,[std] INSEE-shaped generational proxy
M,1966,62,0.0032920259,[std] INSEE-shaped generational proxy
M,1966,63,0.0036358493,[std] INSEE-shaped generational proxy
M,1966,64,0.0040179804,[std] INSEE-shaped generational proxy
M,1966,65,0.0044426701,[std] INSEE-shaped generational proxy
M,1966,66,0.0049146368,[std] INSEE-shaped generational proxy
M,1966,67,0.0054391171,[std] INSEE-shaped generational proxy
M,1966,68,0.0060219212,[std] INSEE-shaped generational proxy
M,1966,69,0.0066694945,[std] INSEE-shaped generational proxy
M,1966,70,0.0073889855,[std] INSEE-shaped generational proxy
M,1966,71,0.0081883195,[std] INSEE-shaped generational proxy
M,1966,72,0.0090762809,[std] INSEE-shaped generational proxy
M,1966,73,0.0100626025,[std] INSEE-shaped generational proxy
M,1966,74,0.0111580640,[std] INSEE-shaped generational proxy
M,1966,75,0.0123745989,[std] INSEE-shaped generational proxy
M,1966,76,0.0137254120,[std] INSEE-shaped generational proxy
M,1966,77,0.0152251068,[std] INSEE-shaped generational proxy
M,1966,78,0.0168898232,[std] INSEE-shaped generational proxy
M,1966,79,0.0187373878,[std] INSEE-shaped generational proxy
M,1966,80,0.0207874746,[std] INSEE-shaped generational proxy
M,1966,81,0.0230617780,[std] INSEE-shaped generational proxy
M,1966,82,0.0255841975,[std] INSEE-shaped generational proxy
M,1966,83,0.0283810336,[std] INSEE-shaped generational proxy
M,1966,84,0.0314811937,[std] INSEE-shaped generational proxy
M,1966,85,0.0349164082,[std] INSEE-shaped generational proxy
M,1966,86,0.0387214526,[std] INSEE-shaped generational proxy
M,1966,87,0.0429343744,[std] INSEE-shaped generational proxy
M,1966,88,0.0475967205,[std] INSEE-shaped generational proxy
M,1966,89,0.0527537595,[std] INSEE-shaped generational proxy
M,1966,90,0.0584546924,[std] INSEE-shaped generational proxy
M,1966,91,0.0647528432,[std] INSEE-shaped generational proxy
M,1966,92,0.0717058181,[std] INSEE-shaped generational proxy
M,1966,93,0.0793756201,[std] INSEE-shaped generational proxy
M,1966,94,0.0878287015,[std] INSEE-shaped generational proxy
M,1966,95,0.0971359343,[std] INSEE-shaped generational proxy
M,1966,96,0.1073724740,[std] INSEE-shaped generational proxy
M,1966,97,0.1186174874,[std] INSEE-shaped generational proxy
M,1966,98,0.1309537100,[std] INSEE-shaped generational proxy
M,1966,99,0.1444667942,[std] INSEE-shaped generational proxy
M,1966,100,0.1592444033,[std] INSEE-shaped generational proxy
M,1966,101,0.1753750025,[std] INSEE-shaped generational proxy
M,1966,102,0.1929462928,[std] INSEE-shaped generational proxy
M,1966,103,0.2120432335,[std] INSEE-shaped generational proxy
M,1966,104,0.2327455975,[std] INSEE-shaped generational proxy
M,1966,105,0.2551250102,[std] INSEE-shaped generational proxy
M,1966,106,0.2792414312,[std] INSEE-shaped generational proxy
M,1966,107,0.3051390573,[std] INSEE-shaped generational proxy
M,1966,108,0.3328416520,[std] INSEE-shaped generational proxy
M,1966,109,0.3623473485,[std] INSEE-shaped generational proxy
M,1966,110,0.3936230253,[std] INSEE-shaped generational proxy
M,1966,111,0.4265984271,[std] INSEE-shaped generational proxy
M,1966,112,0.4611602879,[std] INSEE-shaped generational proxy
M,1966,113,0.4971468207,[std] INSEE-shaped generational proxy
M,1966,114,0.5343430472,[std] INSEE-shaped generational proxy
M,1966,115,0.5724775589,[std] INSEE-shaped generational proxy
M,1966,116,0.6112214045,[std] INSEE-shaped generational proxy
M,1966,117,0.6501898636,[std] INSEE-shaped generational proxy
M,1966,118,0.6889478780,[std] INSEE-shaped generational proxy
M,1966,119,0.7270198184,[std] INSEE-shaped generational proxy
M,1966,120,1.0000000000,[std] INSEE-shaped generational proxy
M,1967,50,0.0010654462,[std] INSEE-shaped generational proxy
M,1967,51,0.0011610711,[std] INSEE-shaped generational proxy
M,1967,52,0.0012673783,[std] INSEE-shaped generational proxy
M,1967,53,0.0013855597,[std] INSEE-shaped generational proxy
M,1967,54,0.0015169399,[std] INSEE-shaped generational proxy
M,1967,55,0.0016629910,[std] INSEE-shaped generational proxy
M,1967,56,0.0018253487,[std] INSEE-shaped generational proxy
M,1967,57,0.0020058306,[std] INSEE-shaped generational proxy
M,1967,58,0.0022064559,[std] INSEE-shaped generational proxy
M,1967,59,0.0024294683,[std] INSEE-shaped generational proxy
M,1967,60,0.0026773598,[std] INSEE-shaped generational proxy
M,1967,61,0.0029528986,[std] INSEE-shaped generational proxy
M,1967,62,0.0032591594,[std] INSEE-shaped generational proxy
M,1967,63,0.0035995563,[std] INSEE-shaped generational proxy
M,1967,64,0.0039778807,[std] INSEE-shaped generational proxy
M,1967,65,0.0043983413,[std] INSEE-shaped generational proxy
M,1967,66,0.0048656102,[std] INSEE-shaped generational proxy
M,1967,67,0.0053848726,[std] INSEE-shaped generational proxy
M,1967,68,0.0059618818,[std] INSEE-shaped generational proxy
M,1967,69,0.0066030203,[std] INSEE-shaped generational proxy
M,1967,70,0.0073153666,[std] INSEE-shaped generational proxy
M,1967,71,0.0081067691,[std] INSEE-shaped generational proxy
M,1967,72,0.0089859271,[std] INSEE-shaped generational proxy
M,1967,73,0.0099624794,[std] INSEE-shaped generational proxy
M,1967,74,0.0110471019,[std] INSEE-shaped generational proxy
M,1967,75,0.0122516141,[std] INSEE-shaped generational proxy
M,1967,76,0.0135890948,[std] INSEE-shaped generational proxy
M,1967,77,0.0150740090,[std] INSEE-shaped generational proxy
M,1967,78,0.0167223451,[std] INSEE-shaped generational proxy
M,1967,79,0.0185517629,[std] INSEE-shaped generational proxy
M,1967,80,0.0205817539,[std] INSEE-shaped generational proxy
M,1967,81,0.0228338135,[std] INSEE-shaped generational proxy
M,1967,82,0.0253316238,[std] INSEE-shaped generational proxy
M,1967,83,0.0281012490,[std] INSEE-shaped generational proxy
M,1967,84,0.0311713404,[std] INSEE-shaped generational proxy
M,1967,85,0.0345733511,[std] INSEE-shaped generational proxy
M,1967,86,0.0383417585,[std] INSEE-shaped generational proxy
M,1967,87,0.0425142901,[std] INSEE-shaped generational proxy
M,1967,88,0.0471321514,[std] INSEE-shaped generational proxy
M,1967,89,0.0522402489,[std] INSEE-shaped generational proxy
M,1967,90,0.0578874024,[std] INSEE-shaped generational proxy
M,1967,91,0.0641265375,[std] INSEE-shaped generational proxy
M,1967,92,0.0710148490,[std] INSEE-shaped generational proxy
M,1967,93,0.0786139197,[std] INSEE-shaped generational proxy
M,1967,94,0.0869897798,[std] INSEE-shaped generational proxy
M,1967,95,0.0962128867,[std] INSEE-shaped generational proxy
M,1967,96,0.1063579990,[std] INSEE-shaped generational proxy
M,1967,97,0.1175039196,[std] INSEE-shaped generational proxy
M,1967,98,0.1297330699,[std] INSEE-shaped generational proxy
M,1967,99,0.1431308606,[std] INSEE-shaped generational proxy
M,1967,100,0.1577848113,[std] INSEE-shaped generational proxy
M,1967,101,0.1737833726,[std] INSEE-shaped generational proxy
M,1967,102,0.1912143960,[std] INSEE-shaped generational proxy
M,1967,103,0.2101631982,[std] INSEE-shaped generational proxy
M,1967,104,0.2307101627,[std] INSEE-shaped generational proxy
M,1967,105,0.2529278296,[std] INSEE-shaped generational proxy
M,1967,106,0.2768774314,[std] INSEE-shaped generational proxy
M,1967,107,0.3026048510,[std] INSEE-shaped generational proxy
M,1967,108,0.3301360048,[std] INSEE-shaped generational proxy
M,1967,109,0.3594716917,[std] INSEE-shaped generational proxy
M,1967,110,0.3905820037,[std] INSEE-shaped generational proxy
M,1967,111,0.4234004606,[std] INSEE-shaped generational proxy
M,1967,112,0.4578181195,[std] INSEE-shaped generational proxy
M,1967,113,0.4936780115,[std] INSEE-shaped generational proxy
M,1967,114,0.5307703671,[std] INSEE-shaped generational proxy
M,1967,115,0.5688292145,[std] INSEE-shaped generational proxy
M,1967,116,0.6075310323,[std] INSEE-shaped generational proxy
M,1967,117,0.6464962169,[std] INSEE-shaped generational proxy
M,1967,118,0.6852941350,[std] INSEE-shaped generational proxy
M,1967,119,0.7234524552,[std] INSEE-shaped generational proxy
M,1967,120,1.0000000000,[std] INSEE-shaped generational proxy
M,1968,50,0.0010547973,[std] INSEE-shaped generational proxy
M,1968,51,0.0011494671,[std] INSEE-shaped generational proxy
M,1968,52,0.0012547125,[std] INSEE-shaped generational proxy
M,1968,53,0.0013717136,[std] INSEE-shaped generational proxy
M,1968,54,0.0015017819,[std] INSEE-shaped generational proxy
M,1968,55,0.0016463748,[std] INSEE-shaped generational proxy
M,1968,56,0.0018071117,[std] INSEE-shaped generational proxy
M,1968,57,0.0019857922,[std] INSEE-shaped generational proxy
M,1968,58,0.0021844155,[std] INSEE-shaped generational proxy
M,1968,59,0.0024052028,[std] INSEE-shaped generational proxy
M,1968,60,0.0026506217,[std] INSEE-shaped generational proxy
M,1968,61,0.0029234128,[std] INSEE-shaped generational proxy
M,1968,62,0.0032266204,[std] INSEE-shaped generational proxy
M,1968,63,0.0035636250,[std] INSEE-shaped generational proxy
M,1968,64,0.0039381803,[std] INSEE-shaped generational proxy
M,1968,65,0.0043544538,[std] INSEE-shaped generational proxy
M,1968,66,0.0048170715,[std] INSEE-shaped generational proxy
M,1968,67,0.0053311677,[std] INSEE-shaped generational proxy
M,1968,68,0.0059024393,[std] INSEE-shaped generational proxy
M,1968,69,0.0065372064,[std] INSEE-shaped generational proxy
M,1968,70,0.0072424785,[std] INSEE-shaped generational proxy
M,1968,71,0.0080260276,[std] INSEE-shaped generational proxy
M,1968,72,0.0088964688,[std] INSEE-shaped generational proxy
M,1968,73,0.0098633476,[std] INSEE-shaped generational proxy
M,1968,74,0.0109372373,[std] INSEE-shaped generational proxy
M,1968,75,0.0121298440,[std] INSEE-shaped generational proxy
M,1968,76,0.0134541221,[std] INSEE-shaped generational proxy
M,1968,77,0.0149243995,[std] INSEE-shaped generational proxy
M,1968,78,0.0165565137,[std] INSEE-shaped generational proxy
M,1968,79,0.0183679596,[std] INSEE-shaped generational proxy
M,1968,80,0.0203780479,[std] INSEE-shaped generational proxy
M,1968,81,0.0226080763,[std] INSEE-shaped generational proxy
M,1968,82,0.0250815114,[std] INSEE-shaped generational proxy
M,1968,83,0.0278241830,[std] INSEE-shaped generational proxy
M,1968,84,0.0308644879,[std] INSEE-shaped generational proxy
M,1968,85,0.0342336045,[std] INSEE-shaped generational proxy
M,1968,86,0.0379657136,[std] INSEE-shaped generational proxy
M,1968,87,0.0420982250,[std] INSEE-shaped generational proxy
M,1968,88,0.0466720048,[std] INSEE-shaped generational proxy
M,1968,89,0.0517315993,[std] INSEE-shaped generational proxy
M,1968,90,0.0573254486,[std] INSEE-shaped generational proxy
M,1968,91,0.0635060818,[std] INSEE-shaped generational proxy
M,1968,92,0.0703302830,[std] INSEE-shaped generational proxy
M,1968,93,0.0778592154,[std] INSEE-shaped generational proxy
M,1968,94,0.0861584874,[std] INSEE-shaped generational proxy
M,1968,95,0.0952981400,[std] INSEE-shaped generational proxy
M,1968,96,0.1053525331,[std] INSEE-shaped generational proxy
M,1968,97,0.1164001015,[std] INSEE-shaped generational proxy
M,1968,98,0.1285229473,[std] INSEE-shaped generational proxy
M,1968,99,0.1418062314,[std] INSEE-shaped generational proxy
M,1968,100,0.1563373192,[std] INSEE-shaped generational proxy
M,1968,101,0.1722046329,[std] INSEE-shaped generational proxy
M,1968,102,0.1894961572,[std] INSEE-shaped generational proxy
M,1968,103,0.2082975447,[std] INSEE-shaped generational proxy
M,1968,104,0.2286897633,[std] INSEE-shaped generational proxy
M,1968,105,0.2507462367,[std] INSEE-shaped generational proxy
M,1968,106,0.2745294338,[std] INSEE-shaped generational proxy
M,1968,107,0.3000868825,[std] INSEE-shaped generational proxy
M,1968,108,0.3274466055,[std] INSEE-shaped generational proxy
M,1968,109,0.3566120171,[std] INSEE-shaped generational proxy
M,1968,110,0.3875563697,[std] INSEE-shaped generational proxy
M,1968,111,0.4202169050,[std] INSEE-shaped generational proxy
M,1968,112,0.4544889534,[std] INSEE-shaped generational proxy
M,1968,113,0.4902203199,[std] INSEE-shaped generational proxy
M,1968,114,0.5272064135,[std] INSEE-shaped generational proxy
M,1968,115,0.5651866860,[std] INSEE-shaped generational proxy
M,1968,116,0.6038430587,[std] INSEE-shaped generational proxy
M,1968,117,0.6428010898,[std] INSEE-shaped generational proxy
M,1968,118,0.6816346543,[std] INSEE-shaped generational proxy
M,1968,119,0.7198748455,[std] INSEE-shaped generational proxy
M,1968,120,1.0000000000,[std] INSEE-shaped generational proxy
M,1969,50,0.0010442549,[std] INSEE-shaped generational proxy
M,1969,51,0.0011379790,[std] INSEE-shaped generational proxy
M,1969,52,0.0012421732,[std] INSEE-shaped generational proxy
M,1969,53,0.0013580058,[std] INSEE-shaped generational proxy
M,1969,54,0.0014867752,[std] INSEE-shaped generational proxy
M,1969,55,0.0016299244,[std] INSEE-shaped generational proxy
M,1969,56,0.0017890568,[std] INSEE-shaped generational proxy
M,1969,57,0.0019659538,[std] INSEE-shaped generational proxy
M,1969,58,0.0021625950,[std] INSEE-shaped generational proxy
M,1969,59,0.0023811795,[std] INSEE-shaped generational proxy
M,1969,60,0.0026241503,[std] INSEE-shaped generational proxy
M,1969,61,0.0028942211,[std] INSEE-shaped generational proxy
M,1969,62,0.0031944058,[std] INSEE-shaped generational proxy
M,1969,63,0.0035280517,[std] INSEE-shaped generational proxy
M,1969,64,0.0038988754,[std] INSEE-shaped generational proxy
M,1969,65,0.0043110032,[std] INSEE-shaped generational proxy
M,1969,66,0.0047690158,[std] INSEE-shaped generational proxy
M,1969,67,0.0052779969,[std] INSEE-shaped generational proxy
M,1969,68,0.0058435877,[std] INSEE-shaped generational proxy
M,1969,69,0.0064720463,[std] INSEE-shaped generational proxy
M,1969,70,0.0071703140,[std] INSEE-shaped generational proxy
M,1969,71,0.0079460871,[std] INSEE-shaped generational proxy
M,1969,72,0.0088078970,[std] INSEE-shaped generational proxy
M,1969,73,0.0097651973,[std] INSEE-shaped generational proxy
M,1969,74,0.0108284592,[std] INSEE-shaped generational proxy
M,1969,75,0.0120092769,[std] INSEE-shaped generational proxy
M,1969,76,0.0133204810,[std] INSEE-shaped generational proxy
M,1969,77,0.0147762636,[std] INSEE-shaped generational proxy
M,1969,78,0.0163923131,[std] INSEE-shaped generational proxy
M,1969,79,0.0181859605,[std] INSEE-shaped generational proxy
M,1969,80,0.0201763373,[std] INSEE-shaped generational proxy
M,1969,81,0.0223845451,[std] INSEE-shaped generational proxy
M,1969,82,0.0248338369,[std] INSEE-shaped generational proxy
M,1969,83,0.0275498097,[std] INSEE-shaped generational proxy
M,1969,84,0.0305606083,[std] INSEE-shaped generational proxy
M,1969,85,0.0338971376,[std] INSEE-shaped generational proxy
M,1969,86,0.0375932844,[std] INSEE-shaped generational proxy
M,1969,87,0.0416861425,[std] INSEE-shaped generational proxy
M,1969,88,0.0462162407,[std] INSEE-shaped generational proxy
M,1969,89,0.0512277671,[std] INSEE-shaped generational proxy
M,1969,90,0.0567687841,[std] INSEE-shaped generational proxy
M,1969,91,0.0628914254,[std] INSEE-shaped generational proxy
M,1969,92,0.0696520657,[std] INSEE-shaped generational proxy
M,1969,93,0.0771114493,[std] INSEE-shaped generational proxy
M,1969,94,0.0853347624,[std] INSEE-shaped generational proxy
M,1969,95,0.0943916288,[std] INSEE-shaped generational proxy
M,1969,96,0.1043560075,[std] INSEE-shaped generational proxy
M,1969,97,0.1153059616,[std] INSEE-shaped generational proxy
M,1969,98,0.1273232684,[std] INSEE-shaped generational proxy
M,1969,99,0.1404928315,[std] INSEE-shaped generational proxy
M,1969,100,0.1549018515,[std] INSEE-shaped generational proxy
M,1969,101,0.1706387090,[std] INSEE-shaped generational proxy
M,1969,102,0.1877915051,[std] INSEE-shaped generational proxy
M,1969,103,0.2064462069,[std] INSEE-shaped generational proxy
M,1969,104,0.2266843411,[std] INSEE-shaped generational proxy
M,1969,105,0.2485801843,[std] INSEE-shaped generational proxy
M,1969,106,0.2721974063,[std] INSEE-shaped generational proxy
M,1969,107,0.2975851386,[std] INSEE-shaped generational proxy
M,1969,108,0.3247734642,[std] INSEE-shaped generational proxy
M,1969,109,0.3537683631,[std] INSEE-shaped generational proxy
M,1969,110,0.3845461951,[std] INSEE-shaped generational proxy
M,1969,111,0.4170478710,[std] INSEE-shaped generational proxy
M,1969,112,0.4511729427,[std] INSEE-shaped generational proxy
M,1969,113,0.4867739461,[std] INSEE-shaped generational proxy
M,1969,114,0.5236514354,[std] INSEE-shaped generational proxy
M,1969,115,0.5615502716,[std] INSEE-shaped generational proxy
M,1969,116,0.6001578288,[std] INSEE-shaped generational proxy
M,1969,117,0.6391048681,[std] INSEE-shaped generational proxy
M,1969,118,0.6779698529,[std] INSEE-shaped generational proxy
M,1969,119,0.7162874233,[std] INSEE-shaped generational proxy
M,1969,120,1.0000000000,[std] INSEE-shaped generational proxy
M,1970,50,0.0010338177,[std] INSEE-shaped generational proxy
M,1970,51,0.0011266056,[std] INSEE-shaped generational proxy
M,1970,52,0.0012297591,[std] INSEE-shaped generational proxy
M,1970,53,0.0013444348,[std] INSEE-shaped generational proxy
M,1970,54,0.0014719184,[std] INSEE-shaped generational proxy
M,1970,55,0.0016136383,[std] INSEE-shaped generational proxy
M,1970,56,0.0017711821,[std] INSEE-shaped generational proxy
M,1970,57,0.0019463134,[std] INSEE-shaped generational proxy
M,1970,58,0.0021409922,[std] INSEE-shaped generational proxy
M,1970,59,0.0023573958,[std] INSEE-shaped generational proxy
M,1970,60,0.0025979429,[std] INSEE-shaped generational proxy
M,1970,61,0.0028653203,[std] INSEE-shaped generational proxy
M,1970,62,0.0031625123,[std] INSEE-shaped generational proxy
M,1970,63,0.0034928328,[std] INSEE-shaped generational proxy
M,1970,64,0.0038599619,[std] INSEE-shaped generational proxy
M,1970,65,0.0042679853,[std] INSEE-shaped generational proxy
M,1970,66,0.0047214384,[std] INSEE-shaped generational proxy
M,1970,67,0.0052253551,[std] INSEE-shaped generational proxy
M,1970,68,0.0057853212,[std] INSEE-shaped generational proxy
M,1970,69,0.0064075336,[std] INSEE-shaped generational proxy
M,1970,70,0.0070988659,[std] INSEE-shaped generational proxy
M,1970,71,0.0078669396,[std] INSEE-shaped generational proxy
M,1970,72,0.0087202032,[std] INSEE-shaped generational proxy
M,1970,73,0.0096680189,[std] INSEE-shaped generational proxy
M,1970,74,0.0107207572,[std] INSEE-shaped generational proxy
M,1970,75,0.0118899009,[std] INSEE-shaped generational proxy
M,1970,76,0.0131881585,[std] INSEE-shaped generational proxy
M,1970,77,0.0146295872,[std] INSEE-shaped generational proxy
M,1970,78,0.0162297275,[std] INSEE-shaped generational proxy
M,1970,79,0.0180057481,[std] INSEE-shaped generational proxy
M,1970,80,0.0199766028,[std] INSEE-shaped generational proxy
M,1970,81,0.0221631988,[std] INSEE-shaped generational proxy
M,1970,82,0.0245885771,[std] INSEE-shaped generational proxy
M,1970,83,0.0272781040,[std] INSEE-shaped generational proxy
M,1970,84,0.0302596735,[std] INSEE-shaped generational proxy
M,1970,85,0.0335639199,[std] INSEE-shaped generational proxy
M,1970,86,0.0372244374,[std] INSEE-shaped generational proxy
M,1970,87,0.0412780062,[std] INSEE-shaped generational proxy
M,1970,88,0.0457648196,[std] INSEE-shaped generational proxy
M,1970,89,0.0507287097,[std] INSEE-shaped generational proxy
M,1970,90,0.0562173625,[std] INSEE-shaped generational proxy
M,1970,91,0.0622825183,[std] INSEE-shaped generational proxy
M,1970,92,0.0689801433,[std] INSEE-shaped generational proxy
M,1970,93,0.0763705636,[std] INSEE-shaped generational proxy
M,1970,94,0.0845185431,[std] INSEE-shaped generational proxy
M,1970,95,0.0934932880,[std] INSEE-shaped generational proxy
M,1970,96,0.1033683537,[std] INSEE-shaped generational proxy
M,1970,97,0.1142214285,[std] INSEE-shaped generational proxy
M,1970,98,0.1261339595,[std] INSEE-shaped generational proxy
M,1970,99,0.1391905855,[std] INSEE-shaped generational proxy
M,1970,100,0.1534783326,[std] INSEE-shaped generational proxy
M,1970,101,0.1690855264,[std] INSEE-shaped generational proxy
M,1970,102,0.1861003678,[std] INSEE-shaped generational proxy
M,1970,103,0.2046091179,[std] INSEE-shaped generational proxy
M,1970,104,0.2246938369,[std] INSEE-shaped generational proxy
M,1970,105,0.2464296242,[std] INSEE-shaped generational proxy
M,1970,106,0.2698813150,[std] INSEE-shaped generational proxy
M,1970,107,0.2950996038,[std] INSEE-shaped generational proxy
M,1970,108,0.3221165887,[std] INSEE-shaped generational proxy
M,1970,109,0.3509407653,[std] INSEE-shaped generational proxy
M,1970,110,0.3815515487,[std] INSEE-shaped generational proxy
M,1970,111,0.4138934649,[std] INSEE-shaped generational proxy
M,1970,112,0.4478702369,[std] INSEE-shaped generational proxy
M,1970,113,0.4833390856,[std] INSEE-shaped generational proxy
M,1970,114,0.5201056771,[std] INSEE-shaped generational proxy
M,1970,115,0.5579202649,[std] INSEE-shaped generational proxy
M,1970,116,0.5964756830,[std] INSEE-shaped generational proxy
M,1970,117,0.6354079339,[std] INSEE-shaped generational proxy
M,1970,118,0.6743001450,[std] INSEE-shaped generational proxy
M,1970,119,0.7126906219,[std] INSEE-shaped generational proxy
M,1970,120,1.0000000000,[std] INSEE-shaped generational proxy
M,1971,50,0.0010234848,[std] INSEE-shaped generational proxy
M,1971,51,0.0011153458,[std] INSEE-shaped generational proxy
M,1971,52,0.0012174690,[std] INSEE-shaped generational proxy
M,1971,53,0.0013309994,[std] INSEE-shaped generational proxy
M,1971,54,0.0014572100,[std] INSEE-shaped generational proxy
M,1971,55,0.0015975149,[std] INSEE-shaped generational proxy
M,1971,56,0.0017534858,[std] INSEE-shaped generational proxy
M,1971,57,0.0019268690,[std] INSEE-shaped generational proxy
M,1971,58,0.0021196050,[std] INSEE-shaped generational proxy
M,1971,59,0.0023338493,[std] INSEE-shaped generational proxy
M,1971,60,0.0025719969,[std] INSEE-shaped generational proxy
M,1971,61,0.0028367078,[std] INSEE-shaped generational proxy
M,1971,62,0.0031309367,[std] INSEE-shaped generational proxy
M,1971,63,0.0034579650,[std] INSEE-shaped generational proxy
M,1971,64,0.0038214362,[std] INSEE-shaped generational proxy
M,1971,65,0.0042253958,[std] INSEE-shaped generational proxy
M,1971,66,0.0046743346,[std] INSEE-shaped generational proxy
M,1971,67,0.0051732370,[std] INSEE-shaped generational proxy
M,1971,68,0.0057276340,[std] INSEE-shaped generational proxy
M,1971,69,0.0063436620,[std] INSEE-shaped generational proxy
M,1971,70,0.0070281273,[std] INSEE-shaped generational proxy
M,1971,71,0.0077885774,[std] INSEE-shaped generational proxy
M,1971,72,0.0086333787,[std] INSEE-shaped generational proxy
M,1971,73,0.0095718029,[std] INSEE-shaped generational proxy
M,1971,74,0.0106141206,[std] INSEE-shaped generational proxy
M,1971,75,0.0117717045,[std] INSEE-shaped generational proxy
M,1971,76,0.0130571417,[std] INSEE-shaped generational proxy
M,1971,77,0.0144843560,[std] INSEE-shaped generational proxy
M,1971,78,0.0160687412,[std] INSEE-shaped generational proxy
M,1971,79,0.0178273052,[std] INSEE-shaped generational proxy
M,1971,80,0.0197788255,[std] INSEE-shaped generational proxy
M,1971,81,0.0219440167,[std] INSEE-shaped generational proxy
M,1971,82,0.0243457092,[std] INSEE-shaped generational proxy
M,1971,83,0.0270090405,[std] INSEE-shaped generational proxy
M,1971,84,0.0299616562,[std] INSEE-shaped generational proxy
M,1971,85,0.0332339212,[std] INSEE-shaped generational proxy
M,1971,86,0.0368591397,[std] INSEE-shaped generational proxy
M,1971,87,0.0408737800,[std] INSEE-shaped generational proxy
M,1971,88,0.0453177023,[std] INSEE-shaped generational proxy
M,1971,89,0.0502343842,[std] INSEE-shaped generational proxy
M,1971,90,0.0556711376,[std] INSEE-shaped generational proxy
M,1971,91,0.0616793104,[std] INSEE-shaped generational proxy
M,1971,92,0.0683144620,[std] INSEE-shaped generational proxy
M,1971,93,0.0756365008,[std] INSEE-shaped generational proxy
M,1971,94,0.0837097686,[std] INSEE-shaped generational proxy
M,1971,95,0.0926030528,[std] INSEE-shaped generational proxy
M,1971,96,0.1023895037,[std] INSEE-shaped generational proxy
M,1971,97,0.1131464311,[std] INSEE-shaped generational proxy
M,1971,98,0.1249549472,[std] INSEE-shaped generational proxy
M,1971,99,0.1378994184,[std] INSEE-shaped generational proxy
M,1971,100,0.1520666869,[std] INSEE-shaped generational proxy
M,1971,101,0.1675450104,[std] INSEE-shaped generational proxy
M,1971,102,0.1844226734,[std] INSEE-shaped generational proxy
M,1971,103,0.2027862106,[std] INSEE-shaped generational proxy
M,1971,104,0.2227181909,[std] INSEE-shaped generational proxy
M,1971,105,0.2442945069,[std] INSEE-shaped generational proxy
M,1971,106,0.2675811243,[std] INSEE-shaped generational proxy
M,1971,107,0.2926302606,[std] INSEE-shaped generational proxy
M,1971,108,0.3194759840,[std] INSEE-shaped generational proxy
M,1971,109,0.3481292565,[std] INSEE-shaped generational proxy
M,1971,110,0.3785724956,[std] INSEE-shaped generational proxy
M,1971,111,0.4107537895,[std] INSEE-shaped generational proxy
M,1971,112,0.4445809807,[std] INSEE-shaped generational proxy
M,1971,113,0.4799159294,[std] INSEE-shaped generational proxy
M,1971,114,0.5165693784,[std] INSEE-shaped generational proxy
M,1971,115,0.5542969548,[std] INSEE-shaped generational proxy
M,1971,116,0.5927969577,[std] INSEE-shaped generational proxy
M,1971,117,0.6317106659,[std] INSEE-shaped generational proxy
M,1971,118,0.6706259427,[std] INSEE-shaped generational proxy
M,1971,119,0.7090848731,[std] INSEE-shaped generational proxy
M,1971,120,1.0000000000,[std] INSEE-shaped generational proxy
M,1972,50,0.0010132552,[std] INSEE-shaped generational proxy
M,1972,51,0.0011041985,[std] INSEE-shaped generational proxy
M,1972,52,0.0012053016,[std] INSEE-shaped generational proxy
M,1972,53,0.0013176982,[std] INSEE-shaped generational proxy
M,1972,54,0.0014426484,[std] INSEE-shaped generational proxy
M,1972,55,0.0015815524,[std] INSEE-shaped generational proxy
M,1972,56,0.0017359661,[std] INSEE-shaped generational proxy
M,1972,57,0.0019076187,[std] INSEE-shaped generational proxy
M,1972,58,0.0020984312,[std] INSEE-shaped generational proxy
M,1972,59,0.0023105378,[std] INSEE-shaped generational proxy
M,1972,60,0.0025463097,[std] INSEE-shaped generational proxy
M,1972,61,0.0028083806,[std] INSEE-shaped generational proxy
M,1972,62,0.0030996760,[std] INSEE-shaped generational proxy
M,1972,63,0.0034234446,[std] INSEE-shaped generational proxy
M,1972,64,0.0037832942,[std] INSEE-shaped generational proxy
M,1972,65,0.0041832303,[std] INSEE-shaped generational proxy
M,1972,66,0.0046276996,[std] INSEE-shaped generational proxy
M,1972,67,0.0051216373,[std] INSEE-shaped generational proxy
M,1972,68,0.0056705203,[std] INSEE-shaped generational proxy
M,1972,69,0.0062804250,[std] INSEE-shaped generational proxy
M,1972,70,0.0069580911,[std] INSEE-shaped generational proxy
M,1972,71,0.0077109927,[std] INSEE-shaped generational proxy
M,1972,72,0.0085474149,[std] INSEE-shaped generational proxy
M,1972,73,0.0094765398,[std] INSEE-shaped generational proxy
M,1972,74,0.0105085391,[std] INSEE-shaped generational proxy
M,1972,75,0.0116546761,[std] INSEE-shaped generational proxy
M,1972,76,0.0129274179,[std] INSEE-shaped generational proxy
M,1972,77,0.0143405560,[std] INSEE-shaped generational proxy
M,1972,78,0.0159093389,[std] INSEE-shaped generational proxy
M,1972,79,0.0176506149,[std] INSEE-shaped generational proxy
M,1972,80,0.0195829868,[std] INSEE-shaped generational proxy
M,1972,81,0.0217269779,[std] INSEE-shaped generational proxy
M,1972,82,0.0241052104,[std] INSEE-shaped generational proxy
M,1972,83,0.0267425944,[std] INSEE-shaped generational proxy
M,1972,84,0.0296665287,[std] INSEE-shaped generational proxy
M,1972,85,0.0329071114,[std] INSEE-shaped generational proxy
M,1972,86,0.0364973583,[std] INSEE-shaped generational proxy
M,1972,87,0.0404734282,[std] INSEE-shaped generational proxy
M,1972,88,0.0448748498,[std] INSEE-shaped generational proxy
M,1972,89,0.0497447484,[std] INSEE-shaped generational proxy
M,1972,90,0.0551300635,[std] INSEE-shaped generational proxy
M,1972,91,0.0610817524,[std] INSEE-shaped generational proxy
M,1972,92,0.0676549687,[std] INSEE-shaped generational proxy
M,1972,93,0.0749092040,[std] INSEE-shaped generational proxy
M,1972,94,0.0829083781,[std] INSEE-shaped generational proxy
M,1972,95,0.0917208587,[std] INSEE-shaped generational proxy
M,1972,96,0.1014193895,[std] INSEE-shaped generational proxy
M,1972,97,0.1120808986,[std] INSEE-shaped generational proxy
M,1972,98,0.1237861580,[std] INSEE-shaped generational proxy
M,1972,99,0.1366192553,[std] INSEE-shaped generational proxy
M,1972,100,0.1506668388,[std] INSEE-shaped generational proxy
M,1972,101,0.1660170862,[std] INSEE-shaped generational proxy
M,1972,102,0.1827583494,[std] INSEE-shaped generational proxy
M,1972,103,0.2009774170,[std] INSEE-shaped generational proxy
M,1972,104,0.2207573423,[std] INSEE-shaped generational proxy
M,1972,105,0.2421747817,[std] INSEE-shaped generational proxy
M,1972,106,0.2652967973,[std] INSEE-shaped generational proxy
M,1972,107,0.2901770900,[std] INSEE-shaped generational proxy
M,1972,108,0.3168516532,[std] INSEE-shaped generational proxy
M,1972,109,0.3453338664,[std] INSEE-shaped generational proxy
M,1972,110,0.3756090977,[std] INSEE-shaped generational proxy
M,1972,111,0.4076289440,[std] INSEE-shaped generational proxy
M,1972,112,0.4413053150,[std] INSEE-shaped generational proxy
M,1972,113,0.4765046641,[std] INSEE-shaped generational proxy
M,1972,114,0.5130427742,[std] INSEE-shaped generational proxy
M,1972,115,0.5506806258,[std] INSEE-shaped generational proxy
M,1972,116,0.5891219850,[std] INSEE-shaped generational proxy
M,1972,117,0.6280134390,[std] INSEE-shaped generational proxy
M,1972,118,0.6669476552,[std] INSEE-shaped generational proxy
M,1972,119,0.7054706079,[std] INSEE-shaped generational proxy
M,1972,120,1.0000000000,[std] INSEE-shaped generational proxy
M,1973,50,0.0010031277,[std] INSEE-shaped generational proxy
M,1973,51,0.0010931626,[std] INSEE-shaped generational proxy
M,1973,52,0.0011932558,[std] INSEE-shaped generational proxy
M,1973,53,0.0013045298,[std] INSEE-shaped generational proxy
M,1973,54,0.0014282322,[std] INSEE-shaped generational proxy
M,1973,55,0.0015657492,[std] INSEE-shaped generational proxy
M,1973,56,0.0017186214,[std] INSEE-shaped generational proxy
M,1973,57,0.0018885606,[std] INSEE-shaped generational proxy
M,1973,58,0.0020774687,[std] INSEE-shaped generational proxy
M,1973,59,0.0022874589,[std] INSEE-shaped generational proxy
M,1973,60,0.0025208787,[std] INSEE-shaped generational proxy
M,1973,61,0.0027803359,[std] INSEE-shaped generational proxy
M,1973,62,0.0030687268,[std] INSEE-shaped generational proxy
M,1973,63,0.0033892682,[std] INSEE-shaped generational proxy
M,1973,64,0.0037455322,[std] INSEE-shaped generational proxy
M,1973,65,0.0041414848,[std] INSEE-shaped generational proxy
M,1973,66,0.0045815287,[std] INSEE-shaped generational proxy
M,1973,67,0.0050705510,[std] INSEE-shaped generational proxy
M,1973,68,0.0056139746,[std] INSEE-shaped generational proxy
M,1973,69,0.0062178164,[std] INSEE-shaped generational proxy
M,1973,70,0.0068887504,[std] INSEE-shaped generational proxy
M,1973,71,0.0076341778,[std] INSEE-shaped generational proxy
M,1973,72,0.0084623035,[std] INSEE-shaped generational proxy
M,1973,73,0.0093822204,[std] INSEE-shaped generational proxy
M,1973,74,0.0104040022,[std] INSEE-shaped generational proxy
M,1973,75,0.0115388044,[std] INSEE-shaped generational proxy
M,1973,76,0.0127989746,[std] INSEE-shaped generational proxy
M,1973,77,0.0141981734,[std] INSEE-shaped generational proxy
M,1973,78,0.0157515051,[std] INSEE-shaped generational proxy
M,1973,79,0.0174756601,[std] INSEE-shaped generational proxy
M,1973,80,0.0193890678,[std] INSEE-shaped generational proxy
M,1973,81,0.0215120621,[std] INSEE-shaped generational proxy
M,1973,82,0.0238670582,[std] INSEE-shaped generational proxy
M,1973,83,0.0264787408,[std] INSEE-shaped generational proxy
M,1973,84,0.0293742641,[std] INSEE-shaped generational proxy
M,1973,85,0.0325834609,[std] INSEE-shaped generational proxy
M,1973,86,0.0361390610,[std] INSEE-shaped generational proxy
M,1973,87,0.0400769153,[std] INSEE-shaped generational proxy
M,1973,88,0.0444362235,[std] INSEE-shaped generational proxy
M,1973,89,0.0492597603,[std] INSEE-shaped generational proxy
M,1973,90,0.0545940947,[std] INSEE-shaped generational proxy
M,1973,91,0.0604897951,[std] INSEE-shaped generational proxy
M,1973,92,0.0670016105,[std] INSEE-shaped generational proxy
M,1973,93,0.0741886165,[std] INSEE-shaped generational proxy
M,1973,94,0.0821143110,[std] INSEE-shaped generational proxy
M,1973,95,0.0908466417,[std] INSEE-shaped generational proxy
M,1973,96,0.1004579436,[std] INSEE-shaped generational proxy
M,1973,97,0.1110247603,[std] INSEE-shaped generational proxy
M,1973,98,0.1226275189,[std] INSEE-shaped generational proxy
M,1973,99,0.1353500213,[std] INSEE-shaped generational proxy
M,1973,100,0.1492787127,[std] INSEE-shaped generational proxy
M,1973,101,0.1645016788,[std] INSEE-shaped generational proxy
M,1973,102,0.1811073232,[std] INSEE-shaped generational proxy
M,1973,103,0.1991826688,[std] INSEE-shaped generational proxy
M,1973,104,0.2188112296,[std] INSEE-shaped generational proxy
M,1973,105,0.2400703970,[std] INSEE-shaped generational proxy
M,1973,106,0.2630282956,[std] INSEE-shaped generational proxy
M,1973,107,0.2877400707,[std] INSEE-shaped generational proxy
M,1973,108,0.3142435968,[std] INSEE-shaped generational proxy
M,1973,109,0.3425546223,[std] INSEE-shaped generational proxy
M,1973,110,0.3726614138,[std] INSEE-shaped generational proxy
M,1973,111,0.4045190234,[std] INSEE-shaped generational proxy
M,1973,112,0.4380433765,[std] INSEE-shaped generational proxy
M,1973,113,0.4731054717,[std] INSEE-shaped generational proxy
M,1973,114,0.5095260948,[std] INSEE-shaped generational proxy
M,1973,115,0.5470715575,[std] INSEE-shaped generational proxy
M,1973,116,0.5854510926,[std] INSEE-shaped generational proxy
M,1973,117,0.6243166242,[std] INSEE-shaped generational proxy
M,1973,118,0.6632656888,[std] INSEE-shaped generational proxy
M,1973,119,0.7018482556,[std] INSEE-shaped generational proxy
M,1973,120,1.0000000000,[std] INSEE-shaped generational proxy
M,1974,50,0.0009931014,[std] INSEE-shaped generational proxy
M,1974,51,0.0010822369,[std] INSEE-shaped generational proxy
M,1974,52,0.0011813303,[std] INSEE-shaped generational proxy
M,1974,53,0.0012914930,[std] INSEE-shaped generational proxy
M,1974,54,0.0014139600,[std] INSEE-shaped generational proxy
M,1974,55,0.0015501039,[std] INSEE-shaped generational proxy
M,1974,56,0.0017014498,[std] INSEE-shaped generational proxy
M,1974,57,0.0018696926,[std] INSEE-shaped generational proxy
M,1974,58,0.0020567154,[std] INSEE-shaped generational proxy
M,1974,59,0.0022646102,[std] INSEE-shaped generational proxy
M,1974,60,0.0024957014,[std] INSEE-shaped generational proxy
M,1974,61,0.0027525708,[std] INSEE-shaped generational proxy
M,1974,62,0.0030380862,[std] INSEE-shaped generational proxy
M,1974,63,0.0033554325,[std] INSEE-shaped generational proxy
M,1974,64,0.0037081464,[std] INSEE-shaped generational proxy
M,1974,65,0.0041001549,[std] INSEE-shaped generational proxy
M,1974,66,0.0045358175,[std] INSEE-shaped generational proxy
M,1974,67,0.0050199730,[std] INSEE-shaped generational proxy
M,1974,68,0.0055579912,[std] INSEE-shaped generational proxy
M,1974,69,0.0061558300,[std] INSEE-shaped generational proxy
M,1974,70,0.0068200984,[std] INSEE-shaped generational proxy
M,1974,71,0.0075581253,[std] INSEE-shaped generational proxy
M,1974,72,0.0083780359,[std] INSEE-shaped generational proxy
M,1974,73,0.0092888353,[std] INSEE-shaped generational proxy
M,1974,74,0.0103004999,[std] INSEE-shaped generational proxy
M,1974,75,0.0114240780,[std] INSEE-shaped generational proxy
M,1974,76,0.0126717992,[std] INSEE-shaped generational proxy
M,1974,77,0.0140571943,[std] INSEE-shaped generational proxy
M,1974,78,0.0155952248,[std] INSEE-shaped generational proxy
M,1974,79,0.0173024242,[std] INSEE-shaped generational proxy
M,1974,80,0.0191970503,[std] INSEE-shaped generational proxy
M,1974,81,0.0212992490,[std] INSEE-shaped generational proxy
M,1974,82,0.0236312302,[std] INSEE-shaped generational proxy
M,1974,83,0.0262174553,[std] INSEE-shaped generational proxy
M,1974,84,0.0290848354,[std] INSEE-shaped generational proxy
M,1974,85,0.0322629403,[std] INSEE-shaped generational proxy
M,1974,86,0.0357842153,[std] INSEE-shaped generational proxy
M,1974,87,0.0396842061,[std] INSEE-shaped generational proxy
M,1974,88,0.0440017850,[std] INSEE-shaped generational proxy
M,1974,89,0.0487793783,[std] INSEE-shaped generational proxy
M,1974,90,0.0540631862,[std] INSEE-shaped generational proxy
M,1974,91,0.0599033898,[std] INSEE-shaped generational proxy
M,1974,92,0.0663543348,[std] INSEE-shaped generational proxy
M,1974,93,0.0734746819,[std] INSEE-shaped generational proxy
M,1974,94,0.0813275073,[std] INSEE-shaped generational proxy
M,1974,95,0.0899803381,[std] INSEE-shaped generational proxy
M,1974,96,0.0995050989,[std] INSEE-shaped generational proxy
M,1974,97,0.1099779460,[std] INSEE-shaped generational proxy
M,1974,98,0.1214789570,[std] INSEE-shaped generational proxy
M,1974,99,0.1340916417,[std] INSEE-shaped generational proxy
M,1974,100,0.1479022331,[std] INSEE-shaped generational proxy
M,1974,101,0.1629987130,[std] INSEE-shaped generational proxy
M,1974,102,0.1794695216,[std] INSEE-shaped generational proxy
M,1974,103,0.1974018970,[std] INSEE-shaped generational proxy
M,1974,104,0.2168797903,[std] INSEE-shaped generational proxy
M,1974,105,0.2379813000,[std] INSEE-shaped generational proxy
M,1974,106,0.2607755794,[std] INSEE-shaped generational proxy
M,1974,107,0.2853191798,[std] INSEE-shaped generational proxy
M,1974,108,0.3116518132,[std] INSEE-shaped generational proxy
M,1974,109,0.3397915484,[std] INSEE-shaped generational proxy
M,1974,110,0.3697294992,[std] INSEE-shaped generational proxy
M,1974,111,0.4014241196,[std] INSEE-shaped generational proxy
M,1974,112,0.4347952976,[std] INSEE-shaped generational proxy
M,1974,113,0.4697185299,[std] INSEE-shaped generational proxy
M,1974,114,0.5060195660,[std] INSEE-shaped generational proxy
M,1974,115,0.5434700250,[std] INSEE-shaped generational proxy
M,1974,116,0.5817846036,[std] INSEE-shaped generational proxy
M,1974,117,0.6206205890,[std] INSEE-shaped generational proxy
M,1974,118,0.6595804471,[std] INSEE-shaped generational proxy
M,1974,119,0.6982182441,[std] INSEE-shaped generational proxy
M,1974,120,1.0000000000,[std] INSEE-shaped generational proxy
M,1975,50,0.0009831753,[std] INSEE-shaped generational proxy
M,1975,51,0.0010714203,[std] INSEE-shaped generational proxy
M,1975,52,0.0011695239,[std] INSEE-shaped generational proxy
M,1975,53,0.0012785863,[std] INSEE-shaped generational proxy
M,1975,54,0.0013998303,[std] INSEE-shaped generational proxy
M,1975,55,0.0015346147,[std] INSEE-shaped generational proxy
M,1975,56,0.0016844497,[std] INSEE-shaped generational proxy
M,1975,57,0.0018510130,[std] INSEE-shaped generational proxy
M,1975,58,0.0020361692,[std] INSEE-shaped generational proxy
M,1975,59,0.0022419895,[std] INSEE-shaped generational proxy
M,1975,60,0.0024707753,[std] INSEE-shaped generational proxy
M,1975,61,0.0027250827,[std] INSEE-shaped generational proxy
M,1975,62,0.0030077511,[std] INSEE-shaped generational proxy
M,1975,63,0.0033219339,[std] INSEE-shaped generational proxy
M,1975,64,0.0036711331,[std] INSEE-shaped generational proxy
M,1975,65,0.0040592367,[std] INSEE-shaped generational proxy
M,1975,66,0.0044905613,[std] INSEE-shaped generational proxy
M,1975,67,0.0049698982,[std] INSEE-shaped generational proxy
M,1975,68,0.0055025644,[std] INSEE-shaped generational proxy
M,1975,69,0.0060944597,[std] INSEE-shaped generational proxy
M,1975,70,0.0067521282,[std] INSEE-shaped generational proxy
M,1975,71,0.0074828275,[std] INSEE-shaped generational proxy
M,1975,72,0.0082946040,[std] INSEE-shaped generational proxy
M,1975,73,0.0091963754,[std] INSEE-shaped generational proxy
M,1975,74,0.0101980219,[std] INSEE-shaped generational proxy
M,1975,75,0.0113104857,[std] INSEE-shaped generational proxy
M,1975,76,0.0125458795,[std] INSEE-shaped generational proxy
M,1975,77,0.0139176052,[std] INSEE-shaped generational proxy
M,1975,78,0.0154404828,[std] INSEE-shaped generational proxy
M,1975,79,0.0171308906,[std] INSEE-shaped generational proxy
M,1975,80,0.0190069159,[std] INSEE-shaped generational proxy
M,1975,81,0.0210885184,[std] INSEE-shaped generational proxy
M,1975,82,0.0233977044,[std] INSEE-shaped generational proxy
M,1975,83,0.0259587136,[std] INSEE-shaped generational proxy
M,1975,84,0.0287982160,[std] INSEE-shaped generational proxy
M,1975,85,0.0319455202,[std] INSEE-shaped generational proxy
M,1975,86,0.0354327895,[std] INSEE-shaped generational proxy
M,1975,87,0.0392952657,[std] INSEE-shaped generational proxy
M,1975,88,0.0435714963,[std] INSEE-shaped generational proxy
M,1975,89,0.0483035610,[std] INSEE-shaped generational proxy
M,1975,90,0.0535372931,[std] INSEE-shaped generational proxy
M,1975,91,0.0593224880,[std] INSEE-shaped generational proxy
M,1975,92,0.0657130896,[std] INSEE-shaped generational proxy
M,1975,93,0.0727673444,[std] INSEE-shaped generational proxy
M,1975,94,0.0805479073,[std] INSEE-shaped generational proxy
M,1975,95,0.0891218843,[std] INSEE-shaped generational proxy
M,1975,96,0.0985607884,[std] INSEE-shaped generational proxy
M,1975,97,0.1089403856,[std] INSEE-shaped generational proxy
M,1975,98,0.1203403997,[std] INSEE-shaped generational proxy
M,1975,99,0.1328440419,[std] INSEE-shaped generational proxy
M,1975,100,0.1465373245,[std] INSEE-shaped generational proxy
M,1975,101,0.1615081137,[std] INSEE-shaped generational proxy
M,1975,102,0.1778448714,[std] INSEE-shaped generational proxy
M,1975,103,0.1956350323,[std] INSEE-shaped generational proxy
M,1975,104,0.2149629616,[std] INSEE-shaped generational proxy
M,1975,105,0.2359074368,[std] INSEE-shaped generational proxy
M,1975,106,0.2585386074,[std] INSEE-shaped generational proxy
M,1975,107,0.2829143926,[std] INSEE-shaped generational proxy
M,1975,108,0.3090762985,[std] INSEE-shaped generational proxy
M,1975,109,0.3370446666,[std] INSEE-shaped generational proxy
M,1975,110,0.3668134063,[std] INSEE-shaped generational proxy
M,1975,111,0.3983443203,[std] INSEE-shaped generational proxy
M,1975,112,0.4315612067,[std] INSEE-shaped generational proxy
M,1975,113,0.4663440117,[std] INSEE-shaped generational proxy
M,1975,114,0.5025234087,[std] INSEE-shaped generational proxy
M,1975,115,0.5398762984,[std] INSEE-shaped generational proxy
M,1975,116,0.5781228369,[std] INSEE-shaped generational proxy
M,1975,117,0.6169256968,[std] INSEE-shaped generational proxy
M,1975,118,0.6558923308,[std] INSEE-shaped generational proxy
M,1975,119,0.6945809997,[std] INSEE-shaped generational proxy
M,1975,120,1.0000000000,[std] INSEE-shaped generational proxy
M,1976,50,0.0009733483,[std] INSEE-shaped generational proxy
M,1976,51,0.0010607118,[std] INSEE-shaped generational proxy
M,1976,52,0.0011578354,[std] INSEE-shaped generational proxy
M,1976,53,0.0012658085,[std] INSEE-shaped generational proxy
M,1976,54,0.0013858417,[std] INSEE-shaped generational proxy
M,1976,55,0.0015192802,[std] INSEE-shaped generational proxy
M,1976,56,0.0016676192,[std] INSEE-shaped generational proxy
M,1976,57,0.0018325199,[std] INSEE-shaped generational proxy
M,1976,58,0.0020158280,[std] INSEE-shaped generational proxy
M,1976,59,0.0022195945,[std] INSEE-shaped generational proxy
M,1976,60,0.0024460978,[std] INSEE-shaped generational proxy
M,1976,61,0.0026978686,[std] INSEE-shaped generational proxy
M,1976,62,0.0029777184,[std] INSEE-shaped generational proxy
M,1976,63,0.0032887693,[std] INSEE-shaped generational proxy
M,1976,64,0.0036344886,[std] INSEE-shaped generational proxy
M,1976,65,0.0040187260,[std] INSEE-shaped generational proxy
M,1976,66,0.0044457557,[std] INSEE-shaped generational proxy
M,1976,67,0.0049203217,[std] INSEE-shaped generational proxy
M,1976,68,0.0054476890,[std] INSEE-shaped generational proxy
M,1976,69,0.0060336993,[std] INSEE-shaped generational proxy
M,1976,70,0.0066848331,[std] INSEE-shaped generational proxy
M,1976,71,0.0074082771,[std] INSEE-shaped generational proxy
M,1976,72,0.0082119995,[std] INSEE-shaped generational proxy
M,1976,73,0.0091048316,[std] INSEE-shaped generational proxy
M,1976,74,0.0100965583,[std] INSEE-shaped generational proxy
M,1976,75,0.0111980165,[std] INSEE-shaped generational proxy
M,1976,76,0.0124212031,[std] INSEE-shaped generational proxy
M,1976,77,0.0137793925,[std] INSEE-shaped generational proxy
M,1976,78,0.0152872643,[std] INSEE-shaped generational proxy
M,1976,79,0.0169610428,[std] INSEE-shaped generational proxy
M,1976,80,0.0188186466,[std] INSEE-shaped generational proxy
M,1976,81,0.0208798504,[std] INSEE-shaped generational proxy
M,1976,82,0.0231664589,[std] INSEE-shaped generational proxy
M,1976,83,0.0257024916,[std] INSEE-shaped generational proxy
M,1976,84,0.0285143795,[std] INSEE-shaped generational proxy
M,1976,85,0.0316311718,[std] INSEE-shaped generational proxy
M,1976,86,0.0350847517,[std] INSEE-shaped generational proxy
M,1976,87,0.0389100596,[std] INSEE-shaped generational proxy
M,1976,88,0.0431453197,[std] INSEE-shaped generational proxy
M,1976,89,0.0478322674,[std] INSEE-shaped generational proxy
M,1976,90,0.0530163709,[std] INSEE-shaped generational proxy
M,1976,91,0.0587470416,[std] INSEE-shaped generational proxy
M,1976,92,0.0650778230,[std] INSEE-shaped generational proxy
M,1976,93,0.0720665483,[std] INSEE-shaped generational proxy
M,1976,94,0.0797754516,[std] INSEE-shaped generational proxy
M,1976,95,0.0882712174,[std] INSEE-shaped generational proxy
M,1976,96,0.0976249456,[std] INSEE-shaped generational proxy
M,1976,97,0.1079120093,[std] INSEE-shaped generational proxy
M,1976,98,0.1192117744,[std] INSEE-shaped generational proxy
M,1976,99,0.1316071474,[std] INSEE-shaped generational proxy
M,1976,100,0.1451839113,[std] INSEE-shaped generational proxy
M,1976,101,0.1600298054,[std] INSEE-shaped generational proxy
M,1976,102,0.1762332989,[std] INSEE-shaped generational proxy
M,1976,103,0.1938820048,[std] INSEE-shaped generational proxy
M,1976,104,0.2130606795,[std] INSEE-shaped generational proxy
M,1976,105,0.2338487525,[std] INSEE-shaped generational proxy
M,1976,106,0.2563173372,[std] INSEE-shaped generational proxy
M,1976,107,0.2805256826,[std] INSEE-shaped generational proxy
M,1976,108,0.3065170466,[std] INSEE-shaped generational proxy
M,1976,109,0.3343139959,[std] INSEE-shaped generational proxy
M,1976,110,0.3639131843,[std] INSEE-shaped generational proxy
M,1976,111,0.3952797099,[std] INSEE-shaped generational proxy
M,1976,112,0.4283412284,[std] INSEE-shaped generational proxy
M,1976,113,0.4629820860,[std] INSEE-shaped generational proxy
M,1976,114,0.4990378393,[std] INSEE-shaped generational proxy
M,1976,115,0.5362906436,[std] INSEE-shaped generational proxy
M,1976,116,0.5744661068,[std] INSEE-shaped generational proxy
M,1976,117,0.6132323069,[std] INSEE-shaped generational proxy
M,1976,118,0.6522017372,[std] INSEE-shaped generational proxy
M,1976,119,0.6909369467,[std] INSEE-shaped generational proxy
M,1976,120,1.0000000000,[std] INSEE-shaped generational proxy
M,1977,50,0.0009636195,[std] INSEE-shaped generational proxy
M,1977,51,0.0010501102,[std] INSEE-shaped generational proxy
M,1977,52,0.0011462637,[std] INSEE-shaped generational proxy
M,1977,53,0.0012531584,[std] INSEE-shaped generational proxy
M,1977,54,0.0013719928,[std] INSEE-shaped generational proxy
M,1977,55,0.0015040989,[std] INSEE-shaped generational proxy
M,1977,56,0.0016509568,[std] INSEE-shaped generational proxy
M,1977,57,0.0018142113,[std] INSEE-shaped generational proxy
M,1977,58,0.0019956899,[std] INSEE-shaped generational proxy
M,1977,59,0.0021974230,[std] INSEE-shaped generational proxy
M,1977,60,0.0024216664,[std] INSEE-shaped generational proxy
M,1977,61,0.0026709260,[std] INSEE-shaped generational proxy
M,1977,62,0.0029479851,[std] INSEE-shaped generational proxy
M,1977,63,0.0032559352,[std] INSEE-shaped generational proxy
M,1977,64,0.0035982091,[std] INSEE-shaped generational proxy
M,1977,65,0.0039786188,[std] INSEE-shaped generational proxy
M,1977,66,0.0044013961,[std] INSEE-shaped generational proxy
M,1977,67,0.0048712385,[std] INSEE-shaped generational proxy
M,1977,68,0.0053933592,[std] INSEE-shaped generational proxy
M,1977,69,0.0059735429,[std] INSEE-shaped generational proxy
M,1977,70,0.0066182065,[std] INSEE-shaped generational proxy
M,1977,71,0.0073344667,[std] INSEE-shaped generational proxy
M,1977,72,0.0081302142,[std] INSEE-shaped generational proxy
M,1977,73,0.0090141949,[std] INSEE-shaped generational proxy
M,1977,74,0.0099960990,[std] INSEE-shaped generational proxy
M,1977,75,0.0110866594,[std] INSEE-shaped generational proxy
M,1977,76,0.0122977580,[std] INSEE-shaped generational proxy
M,1977,77,0.0136425428,[std] INSEE-shaped generational proxy
M,1977,78,0.0151355545,[std] INSEE-shaped generational proxy
M,1977,79,0.0167928646,[std] INSEE-shaped generational proxy
M,1977,80,0.0186322243,[std] INSEE-shaped generational proxy
M,1977,81,0.0206732253,[std] INSEE-shaped generational proxy
M,1977,82,0.0229374718,[std] INSEE-shaped generational proxy
M,1977,83,0.0254487654,[std] INSEE-shaped generational proxy
M,1977,84,0.0282332996,[std] INSEE-shaped generational proxy
M,1977,85,0.0313198663,[std] INSEE-shaped generational proxy
M,1977,86,0.0347400706,[std] INSEE-shaped generational proxy
M,1977,87,0.0385285534,[std] INSEE-shaped generational proxy
M,1977,88,0.0427232179,[std] INSEE-shaped generational proxy
M,1977,89,0.0473654568,[std] INSEE-shaped generational proxy
M,1977,90,0.0525003755,[std] INSEE-shaped generational proxy
M,1977,91,0.0581770029,[std] INSEE-shaped generational proxy
M,1977,92,0.0644484836,[std] INSEE-shaped generational proxy
M,1977,93,0.0713722384,[std] INSEE-shaped generational proxy
M,1977,94,0.0790100812,[std] INSEE-shaped generational proxy
M,1977,95,0.0874282746,[std] INSEE-shaped generational proxy
M,1977,96,0.0966975042,[std] INSEE-shaped generational proxy
M,1977,97,0.1068927477,[std] INSEE-shaped generational proxy
M,1977,98,0.1180930090,[std] INSEE-shaped generational proxy
M,1977,99,0.1303808839,[std] INSEE-shaped generational proxy
M,1977,100,0.1438419181,[std] INSEE-shaped generational proxy
M,1977,101,0.1585637129,[std] INSEE-shaped generational proxy
M,1977,102,0.1746347305,[std] INSEE-shaped generational proxy
M,1977,103,0.1921427442,[std] INSEE-shaped generational proxy
M,1977,104,0.2111728796,[std] INSEE-shaped generational proxy
M,1977,105,0.2318051913,[std] INSEE-shaped generational proxy
M,1977,106,0.2541117246,[std] INSEE-shaped generational proxy
M,1977,107,0.2781530217,[std] INSEE-shaped generational proxy
M,1977,108,0.3039740493,[std] INSEE-shaped generational proxy
M,1977,109,0.3315995527,[std] INSEE-shaped generational proxy
M,1977,110,0.3610288793,[std] INSEE-shaped generational proxy
M,1977,111,0.3922303693,[std] INSEE-shaped generational proxy
M,1977,112,0.4251354830,[std] INSEE-shaped generational proxy
M,1977,113,0.4596329172,[std] INSEE-shaped generational proxy
M,1977,114,0.4955630697,[std] INSEE-shaped generational proxy
M,1977,115,0.5327133215,[std] INSEE-shaped generational proxy
M,1977,116,0.5708147231,[std] INSEE-shaped generational proxy
M,1977,117,0.6095407748,[std] INSEE-shaped generational proxy
M,1977,118,0.6485090606,[std] INSEE-shaped generational proxy
M,1977,119,0.6872865075,[std] INSEE-shaped generational proxy
M,1977,120,1.0000000000,[std] INSEE-shaped generational proxy
M,1978,50,0.0009539879,[std] INSEE-shaped generational proxy
M,1978,51,0.0010396146,[std] INSEE-shaped generational proxy
M,1978,52,0.0011348076,[std] INSEE-shaped generational proxy
M,1978,53,0.0012406346,[std] INSEE-shaped generational proxy
M,1978,54,0.0013582822,[std] INSEE-shaped generational proxy
M,1978,55,0.0014890691,[std] INSEE-shaped generational proxy
M,1978,56,0.0016344607,[std] INSEE-shaped generational proxy
M,1978,57,0.0017960855,[std] INSEE-shaped generational proxy
M,1978,58,0.0019757527,[std] INSEE-shaped generational proxy
M,1978,59,0.0021754727,[std] INSEE-shaped generational proxy
M,1978,60,0.0023974788,[std] INSEE-shaped generational proxy
M,1978,61,0.0026442521,[std] INSEE-shaped generational proxy
M,1978,62,0.0029185483,[std] INSEE-shaped generational proxy
M,1978,63,0.0032234284,[std] INSEE-shaped generational proxy
M,1978,64,0.0035622912,[std] INSEE-shaped generational proxy
M,1978,65,0.0039389111,[std] INSEE-shaped generational proxy
M,1978,66,0.0043574782,[std] INSEE-shaped generational proxy
M,1978,67,0.0048226438,[std] INSEE-shaped generational proxy
M,1978,68,0.0053395699,[std] INSEE-shaped generational proxy
M,1978,69,0.0059139845,[std] INSEE-shaped generational proxy
M,1978,70,0.0065522417,[std] INSEE-shaped generational proxy
M,1978,71,0.0072613890,[std] INSEE-shaped generational proxy
M,1978,72,0.0080492402,[std] INSEE-shaped generational proxy
M,1978,73,0.0089244564,[std] INSEE-shaped generational proxy
M,1978,74,0.0098966343,[std] INSEE-shaped generational proxy
M,1978,75,0.0109764035,[std] INSEE-shaped generational proxy
M,1978,76,0.0121755322,[std] INSEE-shaped generational proxy
M,1978,77,0.0135070429,[std] INSEE-shaped generational proxy
M,1978,78,0.0149853387,[std] INSEE-shaped generational proxy
M,1978,79,0.0166263398,[std] INSEE-shaped generational proxy
M,1978,80,0.0184476314,[std] INSEE-shaped generational proxy
M,1978,81,0.0204686234,[std] INSEE-shaped generational proxy
M,1978,82,0.0227107218,[std] INSEE-shaped generational proxy
M,1978,83,0.0251975114,[std] INSEE-shaped generational proxy
M,1978,84,0.0279549504,[std] INSEE-shaped generational proxy
M,1978,85,0.0310115753,[std] INSEE-shaped generational proxy
M,1978,86,0.0343987150,[std] INSEE-shaped generational proxy
M,1978,87,0.0381507131,[std] INSEE-shaped generational proxy
M,1978,88,0.0423051536,[std] INSEE-shaped generational proxy
M,1978,89,0.0469030890,[std] INSEE-shaped generational proxy
M,1978,90,0.0519892631,[std] INSEE-shaped generational proxy
M,1978,91,0.0576123245,[std] INSEE-shaped generational proxy
M,1978,92,0.0638250202,[std] INSEE-shaped generational proxy
M,1978,93,0.0706843599,[std] INSEE-shaped generational proxy
M,1978,94,0.0782517375,[std] INSEE-shaped generational proxy
M,1978,95,0.0865929935,[std] INSEE-shaped generational proxy
M,1978,96,0.0957783982,[std] INSEE-shaped generational proxy
M,1978,97,0.1058825315,[std] INSEE-shaped generational proxy
M,1978,98,0.1169840314,[std] INSEE-shaped generational proxy
M,1978,99,0.1291651774,[std] INSEE-shaped generational proxy
M,1978,100,0.1425112695,[std] INSEE-shaped generational proxy
M,1978,101,0.1571097607,[std] INSEE-shaped generational proxy
M,1978,102,0.1730490921,[std] INSEE-shaped generational proxy
M,1978,103,0.1904171797,[std] INSEE-shaped generational proxy
M,1978,104,0.2092994968,[std] INSEE-shaped generational proxy
M,1978,105,0.2297766965,[std] INSEE-shaped generational proxy
M,1978,106,0.2519217247,[std] INSEE-shaped generational proxy
M,1978,107,0.2757963799,[std] INSEE-shaped generational proxy
M,1978,108,0.3014472963,[std] INSEE-shaped generational proxy
M,1978,109,0.3289013510,[std] INSEE-shaped generational proxy
M,1978,110,0.3581605342,[std] INSEE-shaped generational proxy
M,1978,111,0.3891963758,[std] INSEE-shaped generational proxy
M,1978,112,0.4219440870,[std] INSEE-shaped generational proxy
M,1978,113,0.4562966653,[std] INSEE-shaped generational proxy
M,1978,114,0.4920993070,[std] INSEE-shaped generational proxy
M,1978,115,0.5291445883,[std] INSEE-shaped generational proxy
M,1978,116,0.5671689910,[std] INSEE-shaped generational proxy
M,1978,117,0.6058514517,[std] INSEE-shaped generational proxy
M,1978,118,0.6448146921,[std] INSEE-shaped generational proxy
M,1978,119,0.6836301026,[std] INSEE-shaped generational proxy
M,1978,120,1.0000000000,[std] INSEE-shaped generational proxy
M,1979,50,0.0009444526,[std] INSEE-shaped generational proxy
M,1979,51,0.0010292238,[std] INSEE-shaped generational proxy
M,1979,52,0.0011234659,[std] INSEE-shaped generational proxy
M,1979,53,0.0012282358,[std] INSEE-shaped generational proxy
M,1979,54,0.0013447085,[std] INSEE-shaped generational proxy
M,1979,55,0.0014741894,[std] INSEE-shaped generational proxy
M,1979,56,0.0016181294,[std] INSEE-shaped generational proxy
M,1979,57,0.0017781406,[std] INSEE-shaped generational proxy
M,1979,58,0.0019560145,[std] INSEE-shaped generational proxy
M,1979,59,0.0021537414,[std] INSEE-shaped generational proxy
M,1979,60,0.0023735325,[std] INSEE-shaped generational proxy
M,1979,61,0.0026178442,[std] INSEE-shaped generational proxy
M,1979,62,0.0028894051,[std] INSEE-shaped generational proxy
M,1979,63,0.0031912456,[std] INSEE-shaped generational proxy
M,1979,64,0.0035267312,[std] INSEE-shaped generational proxy
M,1979,65,0.0038995989,[std] INSEE-shaped generational proxy
M,1979,66,0.0043139975,[std] INSEE-shaped generational proxy
M,1979,67,0.0047745326,[std] INSEE-shaped generational proxy
M,1979,68,0.0052863156,[std] INSEE-shaped generational proxy
M,1979,69,0.0058550181,[std] INSEE-shaped generational proxy
M,1979,70,0.0064869323,[std] INSEE-shaped generational proxy
M,1979,71,0.0071890367,[std] INSEE-shaped generational proxy
M,1979,72,0.0079690694,[std] INSEE-shaped generational proxy
M,1979,73,0.0088356072,[std] INSEE-shaped generational proxy
M,1979,74,0.0097981544,[std] INSEE-shaped generational proxy
M,1979,75,0.0108672381,[std] INSEE-shaped generational proxy
M,1979,76,0.0120545137,[std] INSEE-shaped generational proxy
M,1979,77,0.0133728797,[std] INSEE-shaped generational proxy
M,1979,78,0.0148366026,[std] INSEE-shaped generational proxy
M,1979,79,0.0164614525,[std] INSEE-shaped generational proxy
M,1979,80,0.0182648502,[std] INSEE-shaped generational proxy
M,1979,81,0.0202660255,[std] INSEE-shaped generational proxy
M,1979,82,0.0224861874,[std] INSEE-shaped generational proxy
M,1979,83,0.0249487061,[std] INSEE-shaped generational proxy
M,1979,84,0.0276793061,[std] INSEE-shaped generational proxy
M,1979,85,0.0307062705,[std] INSEE-shaped generational proxy
M,1979,86,0.0340606541,[std] INSEE-shaped generational proxy
M,1979,87,0.0377765050,[std] INSEE-shaped generational proxy
M,1979,88,0.0418910902,[std] INSEE-shaped generational proxy
M,1979,89,0.0464451237,[std] INSEE-shaped generational proxy
M,1979,90,0.0514829902,[std] INSEE-shaped generational proxy
M,1979,91,0.0570529595,[std] INSEE-shaped generational proxy
M,1979,92,0.0632073823,[std] INSEE-shaped generational proxy
M,1979,93,0.0700028583,[std] INSEE-shaped generational proxy
M,1979,94,0.0775003621,[std] INSEE-shaped generational proxy
M,1979,95,0.0857653121,[std] INSEE-shaped generational proxy
M,1979,96,0.0948675621,[std] INSEE-shaped generational proxy
M,1979,97,0.1048812919,[std] INSEE-shaped generational proxy
M,1979,98,0.1158847700,[std] INSEE-shaped generational proxy
M,1979,99,0.1279599538,[std] INSEE-shaped generational proxy
M,1979,100,0.1411918902,[std] INSEE-shaped generational proxy
M,1979,101,0.1556678732,[std] INSEE-shaped generational proxy
M,1979,102,0.1714763093,[std] INSEE-shaped generational proxy
M,1979,103,0.1887052403,[std] INSEE-shaped generational proxy
M,1979,104,0.2074404653,[std] INSEE-shaped generational proxy
M,1979,105,0.2277632104,[std] INSEE-shaped generational proxy
M,1979,106,0.2497472909,[std] INSEE-shaped generational proxy
M,1979,107,0.2734557258,[std] INSEE-shaped generational proxy
M,1979,108,0.2989367754,[std] INSEE-shaped generational proxy
M,1979,109,0.3262194022,[std] INSEE-shaped generational proxy
M,1979,110,0.3553081893,[std] INSEE-shaped generational proxy
M,1979,111,0.3861778031,[std] INSEE-shaped generational proxy
M,1979,112,0.4187671529,[std] INSEE-shaped generational proxy
M,1979,113,0.4529734862,[std] INSEE-shaped generational proxy
M,1979,114,0.4886467537,[std] INSEE-shaped generational proxy
M,1979,115,0.5255846957,[std] INSEE-shaped generational proxy
M,1979,116,0.5635292113,[std] INSEE-shaped generational proxy
M,1979,117,0.6021646849,[std] INSEE-shaped generational proxy
M,1979,118,0.6411190192,[std] INSEE-shaped generational proxy
M,1979,119,0.6799681499,[std] INSEE-shaped generational proxy
M,1979,120,1.0000000000,[std] INSEE-shaped generational proxy
M,1980,50,0.0009350124,[std] INSEE-shaped generational proxy
M,1980,51,0.0010189368,[std] INSEE-shaped generational proxy
M,1980,52,0.0011122375,[std] INSEE-shaped generational proxy
M,1980,53,0.0012159610,[std] INSEE-shaped generational proxy
M,1980,54,0.0013312704,[std] INSEE-shaped generational proxy
M,1980,55,0.0014594582,[std] INSEE-shaped generational proxy
M,1980,56,0.0016019610,[std] INSEE-shaped generational proxy
M,1980,57,0.0017603749,[std] INSEE-shaped generational proxy
M,1980,58,0.0019364733,[std] INSEE-shaped generational proxy
M,1980,59,0.0021322270,[std] INSEE-shaped generational proxy
M,1980,60,0.0023498251,[std] INSEE-shaped generational proxy
M,1980,61,0.0025916997,[std] INSEE-shaped generational proxy
M,1980,62,0.0028605524,[std] INSEE-shaped generational proxy
M,1980,63,0.0031593836,[std] INSEE-shaped generational proxy
M,1980,64,0.0034915255,[std] INSEE-shaped generational proxy
M,1980,65,0.0038606783,[std] INSEE-shaped generational proxy
M,1980,66,0.0042709498,[std] INSEE-shaped generational proxy
M,1980,67,0.0047269003,[std] INSEE-shaped generational proxy
M,1980,68,0.0052335910,[std] INSEE-shaped generational proxy
M,1980,69,0.0057966379,[std] INSEE-shaped generational proxy
M,1980,70,0.0064222717,[std] INSEE-shaped generational proxy
M,1980,71,0.0071174028,[std] INSEE-shaped generational proxy
M,1980,72,0.0078896939,[std] INSEE-shaped generational proxy
M,1980,73,0.0087476388,[std] INSEE-shaped generational proxy
M,1980,74,0.0097006497,[std] INSEE-shaped generational proxy
M,1980,75,0.0107591524,[std] INSEE-shaped generational proxy
M,1980,76,0.0119346908,[std] INSEE-shaped generational proxy
M,1980,77,0.0132400401,[std] INSEE-shaped generational proxy
M,1980,78,0.0146893316,[std] INSEE-shaped generational proxy
M,1980,79,0.0162981868,[std] INSEE-shaped generational proxy
M,1980,80,0.0180838633,[std] INSEE-shaped generational proxy
M,1980,81,0.0200654123,[std] INSEE-shaped generational proxy
M,1980,82,0.0222638476,[std] INSEE-shaped generational proxy
M,1980,83,0.0247023263,[std] INSEE-shaped generational proxy
M,1980,84,0.0274063413,[std] INSEE-shaped generational proxy
M,1980,85,0.0304039240,[std] INSEE-shaped generational proxy
M,1980,86,0.0337258572,[std] INSEE-shaped generational proxy
M,1980,87,0.0374058955,[std] INSEE-shaped generational proxy
M,1980,88,0.0414809910,[std] INSEE-shaped generational proxy
M,1980,89,0.0459915213,[std] INSEE-shaped generational proxy
M,1980,90,0.0509815138,[std] INSEE-shaped generational proxy
M,1980,91,0.0564988610,[std] INSEE-shaped generational proxy
M,1980,92,0.0625955193,[std] INSEE-shaped generational proxy
M,1980,93,0.0693276793,[std] INSEE-shaped generational proxy
M,1980,94,0.0767558971,[std] INSEE-shaped generational proxy
M,1980,95,0.0849451688,[std] INSEE-shaped generational proxy
M,1980,96,0.0939649305,[std] INSEE-shaped generational proxy
M,1980,97,0.1038889602,[std] INSEE-shaped generational proxy
M,1980,98,0.1147951532,[std] INSEE-shaped generational proxy
M,1980,99,0.1267651394,[std] INSEE-shaped generational proxy
M,1980,100,0.1398837050,[std] INSEE-shaped generational proxy
M,1980,101,0.1542379749,[std] INSEE-shaped generational proxy
M,1980,102,0.1699163079,[std] INSEE-shaped generational proxy
M,1980,103,0.1870068543,[std] INSEE-shaped generational proxy
M,1980,104,0.2055957186,[std] INSEE-shaped generational proxy
M,1980,105,0.2257646742,[std] INSEE-shaped generational proxy
M,1980,106,0.2475883756,[std] INSEE-shaped generational proxy
M,1980,107,0.2711310264,[std] INSEE-shaped generational proxy
M,1980,108,0.2964424721,[std] INSEE-shaped generational proxy
M,1980,109,0.3235537152,[std] INSEE-shaped generational proxy
M,1980,110,0.3524718817,[std] INSEE-shaped generational proxy
M,1980,111,0.3831747217,[std] INSEE-shaped generational proxy
M,1980,112,0.4156047894,[std] INSEE-shaped generational proxy
M,1980,113,0.4496635312,[std] INSEE-shaped generational proxy
M,1980,114,0.4852056080,[std] INSEE-shaped generational proxy
M,1980,115,0.5220338906,[std] INSEE-shaped generational proxy
M,1980,116,0.5598956800,[std] INSEE-shaped generational proxy
M,1980,117,0.5984808173,[std] INSEE-shaped generational proxy
M,1980,118,0.6374224261,[std] INSEE-shaped generational proxy
M,1980,119,0.6763010653,[std] INSEE-shaped generational proxy
M,1980,120,1.0000000000,[std] INSEE-shaped generational proxy
F,1940,50,0.0009170277,[std] INSEE-shaped generational proxy
F,1940,51,0.0009877222,[std] INSEE-shaped generational proxy
F,1940,52,0.0010667888,[std] INSEE-shaped generational proxy
F,1940,53,0.0011552185,[std] INSEE-shaped generational proxy
F,1940,54,0.0012541190,[std] INSEE-shaped generational proxy
F,1940,55,0.0013647288,[std] INSEE-shaped generational proxy
F,1940,56,0.0014884328,[std] INSEE-shaped generational proxy
F,1940,57,0.0016267792,[std] INSEE-shaped generational proxy
F,1940,58,0.0017814987,[std] INSEE-shaped generational proxy
F,1940,59,0.0019545260,[std] INSEE-shaped generational proxy
F,1940,60,0.0021480238,[std] INSEE-shaped generational proxy
F,1940,61,0.0023644091,[std] INSEE-shaped generational proxy
F,1940,62,0.0026063832,[std] INSEE-shaped generational proxy
F,1940,63,0.0028769649,[std] INSEE-shaped generational proxy
F,1940,64,0.0031795270,[std] INSEE-shaped generational proxy
F,1940,65,0.0035178378,[std] INSEE-shaped generational proxy
F,1940,66,0.0038961067,[std] INSEE-shaped generational proxy
F,1940,67,0.0043190353,[std] INSEE-shaped generational proxy
F,1940,68,0.0047918736,[std] INSEE-shaped generational proxy
F,1940,69,0.0053204832,[std] INSEE-shaped generational proxy
F,1940,70,0.0059114073,[std] INSEE-shaped generational proxy
F,1940,71,0.0065719476,[std] INSEE-shaped generational proxy
F,1940,72,0.0073102503,[std] INSEE-shaped generational proxy
F,1940,73,0.0081354014,[std] INSEE-shaped generational proxy
F,1940,74,0.0090575309,[std] INSEE-shaped generational proxy
F,1940,75,0.0100879288,[std] INSEE-shaped generational proxy
F,1940,76,0.0112391729,[std] INSEE-shaped generational proxy
F,1940,77,0.0125252679,[std] INSEE-shaped generational proxy
F,1940,78,0.0139617999,[std] INSEE-shaped generational proxy
F,1940,79,0.0155661036,[std] INSEE-shaped generational proxy
F,1940,80,0.0173574455,[std] INSEE-shaped generational proxy
F,1940,81,0.0193572227,[std] INSEE-shaped generational proxy
F,1940,82,0.0215891778,[std] INSEE-shaped generational proxy
F,1940,83,0.0240796302,[std] INSEE-shaped generational proxy
F,1940,84,0.0268577233,[std] INSEE-shaped generational proxy
F,1940,85,0.0299556876,[std] INSEE-shaped generational proxy
F,1940,86,0.0334091173,[std] INSEE-shaped generational proxy
F,1940,87,0.0372572585,[std] INSEE-shaped generational proxy
F,1940,88,0.0415433057,[std] INSEE-shaped generational proxy
F,1940,89,0.0463147015,[std] INSEE-shaped generational proxy
F,1940,90,0.0516234322,[std] INSEE-shaped generational proxy
F,1940,91,0.0575263113,[std] INSEE-shaped generational proxy
F,1940,92,0.0640852382,[std] INSEE-shaped generational proxy
F,1940,93,0.0713674170,[std] INSEE-shaped generational proxy
F,1940,94,0.0794455165,[std] INSEE-shaped generational proxy
F,1940,95,0.0883977472,[std] INSEE-shaped generational proxy
F,1940,96,0.0983078253,[std] INSEE-shaped generational proxy
F,1940,97,0.1092647889,[std] INSEE-shaped generational proxy
F,1940,98,0.1213626214,[std] INSEE-shaped generational proxy
F,1940,99,0.1346996332,[std] INSEE-shaped generational proxy
F,1940,100,0.1493775412,[std] INSEE-shaped generational proxy
F,1940,101,0.1655001811,[std] INSEE-shaped generational proxy
F,1940,102,0.1831717759,[std] INSEE-shaped generational proxy
F,1940,103,0.2024946836,[std] INSEE-shaped generational proxy
F,1940,104,0.2235665409,[std] INSEE-shaped generational proxy
F,1940,105,0.2464767261,[std] INSEE-shaped generational proxy
F,1940,106,0.2713020717,[std] INSEE-shaped generational proxy
F,1940,107,0.2981017831,[std] INSEE-shaped generational proxy
F,1940,108,0.3269115524,[std] INSEE-shaped generational proxy
F,1940,109,0.3577369122,[std] INSEE-shaped generational proxy
F,1940,110,0.3905459530,[std] INSEE-shaped generational proxy
F,1940,111,0.4252616286,[std] INSEE-shaped generational proxy
F,1940,112,0.4617540055,[std] INSEE-shaped generational proxy
F,1940,113,0.4998329688,[std] INSEE-shaped generational proxy
F,1940,114,0.5392420727,[std] INSEE-shaped generational proxy
F,1940,115,0.5796544000,[std] INSEE-shaped generational proxy
F,1940,116,0.6206714550,[std] INSEE-shaped generational proxy
F,1940,117,0.6618262138,[std] INSEE-shaped generational proxy
F,1940,118,0.7025914453,[std] INSEE-shaped generational proxy
F,1940,119,0.7423942474,[std] INSEE-shaped generational proxy
F,1940,120,1.0000000000,[std] INSEE-shaped generational proxy
F,1941,50,0.0009078616,[std] INSEE-shaped generational proxy
F,1941,51,0.0009778498,[std] INSEE-shaped generational proxy
F,1941,52,0.0010561266,[std] INSEE-shaped generational proxy
F,1941,53,0.0011436729,[std] INSEE-shaped generational proxy
F,1941,54,0.0012415856,[std] INSEE-shaped generational proxy
F,1941,55,0.0013510908,[std] INSEE-shaped generational proxy
F,1941,56,0.0014735595,[std] INSEE-shaped generational proxy
F,1941,57,0.0016105245,[std] INSEE-shaped generational proxy
F,1941,58,0.0017636994,[std] INSEE-shaped generational proxy
F,1941,59,0.0019349997,[std] INSEE-shaped generational proxy
F,1941,60,0.0021265664,[std] INSEE-shaped generational proxy
F,1941,61,0.0023407927,[std] INSEE-shaped generational proxy
F,1941,62,0.0025803530,[std] INSEE-shaped generational proxy
F,1941,63,0.0028482362,[std] INSEE-shaped generational proxy
F,1941,64,0.0031477818,[std] INSEE-shaped generational proxy
F,1941,65,0.0034827207,[std] INSEE-shaped generational proxy
F,1941,66,0.0038572209,[std] INSEE-shaped generational proxy
F,1941,67,0.0042759374,[std] INSEE-shaped generational proxy
F,1941,68,0.0047440687,[std] INSEE-shaped generational proxy
F,1941,69,0.0052674188,[std] INSEE-shaped generational proxy
F,1941,70,0.0058524666,[std] INSEE-shaped generational proxy
F,1941,71,0.0065064424,[std] INSEE-shaped generational proxy
F,1941,72,0.0072374130,[std] INSEE-shaped generational proxy
F,1941,73,0.0080543759,[std] INSEE-shaped generational proxy
F,1941,74,0.0089673629,[std] INSEE-shaped generational proxy
F,1941,75,0.0099875550,[std] INSEE-shaped generational proxy
F,1941,76,0.0111274088,[std] INSEE-shaped generational proxy
F,1941,77,0.0124007951,[std] INSEE-shaped generational proxy
F,1941,78,0.0138231514,[std] INSEE-shaped generational proxy
F,1941,79,0.0154116483,[std] INSEE-shaped generational proxy
F,1941,80,0.0171853712,[std] INSEE-shaped generational proxy
F,1941,81,0.0191655175,[std] INSEE-shaped generational proxy
F,1941,82,0.0213756102,[std] INSEE-shaped generational proxy
F,1941,83,0.0238417276,[std] INSEE-shaped generational proxy
F,1941,84,0.0265927494,[std] INSEE-shaped generational proxy
F,1941,85,0.0296606181,[std] INSEE-shaped generational proxy
F,1941,86,0.0330806144,[std] INSEE-shaped generational proxy
F,1941,87,0.0368916448,[std] INSEE-shaped generational proxy
F,1941,88,0.0411365376,[std] INSEE-shaped generational proxy
F,1941,89,0.0458623420,[std] INSEE-shaped generational proxy
F,1941,90,0.0511206249,[std] INSEE-shaped generational proxy
F,1941,91,0.0569677559,[std] INSEE-shaped generational proxy
F,1941,92,0.0634651684,[std] INSEE-shaped generational proxy
F,1941,93,0.0706795832,[std] INSEE-shaped generational proxy
F,1941,94,0.0786831744,[std] INSEE-shaped generational proxy
F,1941,95,0.0875536550,[std] INSEE-shaped generational proxy
F,1941,96,0.0973742525,[std] INSEE-shaped generational proxy
F,1941,97,0.1082335398,[std] INSEE-shaped generational proxy
F,1941,98,0.1202250783,[std] INSEE-shaped generational proxy
F,1941,99,0.1334468228,[std] INSEE-shaped generational proxy
F,1941,100,0.1480002317,[std] INSEE-shaped generational proxy
F,1941,101,0.1639890145,[std] INSEE-shaped generational proxy
F,1941,102,0.1815174433,[std] INSEE-shaped generational proxy
F,1941,103,0.2006881510,[std] INSEE-shaped generational proxy
F,1941,104,0.2215993322,[std] INSEE-shaped generational proxy
F,1941,105,0.2443412699,[std] INSEE-shaped generational proxy
F,1941,106,0.2689921184,[std] INSEE-shaped generational proxy
F,1941,107,0.2956128936,[std] INSEE-shaped generational proxy
F,1941,108,0.3242416584,[std] INSEE-shaped generational proxy
F,1941,109,0.3548869411,[std] INSEE-shaped generational proxy
F,1941,110,0.3875205023,[std] INSEE-shaped generational proxy
F,1941,111,0.4220696646,[std] INSEE-shaped generational proxy
F,1941,112,0.4584095490,[std] INSEE-shaped generational proxy
F,1941,113,0.4963557142,[std] INSEE-shaped generational proxy
F,1941,114,0.5356578715,[std] INSEE-shaped generational proxy
F,1941,115,0.5759955245,[std] INSEE-shaped generational proxy
F,1941,116,0.6169765445,[std] INSEE-shaped generational proxy
F,1941,117,0.6581398014,[std] INSEE-shaped generational proxy
F,1941,118,0.6989629692,[std] INSEE-shaped generational proxy
F,1941,119,0.7388764740,[std] INSEE-shaped generational proxy
F,1941,120,1.0000000000,[std] INSEE-shaped generational proxy
F,1942,50,0.0008987871,[std] INSEE-shaped generational proxy
F,1942,51,0.0009680760,[std] INSEE-shaped generational proxy
F,1942,52,0.0010455708,[std] INSEE-shaped generational proxy
F,1942,53,0.0011322427,[std] INSEE-shaped generational proxy
F,1942,54,0.0012291774,[std] INSEE-shaped generational proxy
F,1942,55,0.0013375889,[std] INSEE-shaped generational proxy
F,1942,56,0.0014588346,[std] INSEE-shaped generational proxy
F,1942,57,0.0015944321,[std] INSEE-shaped generational proxy
F,1942,58,0.0017460778,[std] INSEE-shaped generational proxy
F,1942,59,0.0019156682,[std] INSEE-shaped generational proxy
F,1942,60,0.0021053232,[std] INSEE-shaped generational proxy
F,1942,61,0.0023174119,[std] INSEE-shaped generational proxy
F,1942,62,0.0025545825,[std] INSEE-shaped generational proxy
F,1942,63,0.0028197941,[std] INSEE-shaped generational proxy
F,1942,64,0.0031163531,[std] INSEE-shaped generational proxy
F,1942,65,0.0034479536,[std] INSEE-shaped generational proxy
F,1942,66,0.0038187224,[std] INSEE-shaped generational proxy
F,1942,67,0.0042332687,[std] INSEE-shaped generational proxy
F,1942,68,0.0046967396,[std] INSEE-shaped generational proxy
F,1942,69,0.0052148822,[std] INSEE-shaped generational proxy
F,1942,70,0.0057941118,[std] INSEE-shaped generational proxy
F,1942,71,0.0064415879,[std] INSEE-shaped generational proxy
F,1942,72,0.0071652988,[std] INSEE-shaped generational proxy
F,1942,73,0.0079741541,[std] INSEE-shaped generational proxy
F,1942,74,0.0088780885,[std] INSEE-shaped generational proxy
F,1942,75,0.0098881749,[std] INSEE-shaped generational proxy
F,1942,76,0.0110167499,[std] INSEE-shaped generational proxy
F,1942,77,0.0122775516,[std] INSEE-shaped generational proxy
F,1942,78,0.0136858702,[std] INSEE-shaped generational proxy
F,1942,79,0.0152587137,[std] INSEE-shaped generational proxy
F,1942,80,0.0170149879,[std] INSEE-shaped generational proxy
F,1942,81,0.0189756924,[std] INSEE-shaped generational proxy
F,1942,82,0.0211641323,[std] INSEE-shaped generational proxy
F,1942,83,0.0236061469,[std] INSEE-shaped generational proxy
F,1942,84,0.0263303542,[std] INSEE-shaped generational proxy
F,1942,85,0.0293684108,[std] INSEE-shaped generational proxy
F,1942,86,0.0327552865,[std] INSEE-shaped generational proxy
F,1942,87,0.0365295506,[std] INSEE-shaped generational proxy
F,1942,88,0.0407336672,[std] INSEE-shaped generational proxy
F,1942,89,0.0454142947,[std] INSEE-shaped generational proxy
F,1942,90,0.0506225831,[std] INSEE-shaped generational proxy
F,1942,91,0.0564144599,[std] INSEE-shaped generational proxy
F,1942,92,0.0628508946,[std] INSEE-shaped generational proxy
F,1942,93,0.0699981259,[std] INSEE-shaped generational proxy
F,1942,94,0.0779278338,[std] INSEE-shaped generational proxy
F,1942,95,0.0867172338,[std] INSEE-shaped generational proxy
F,1942,96,0.0964490632,[std] INSEE-shaped generational proxy
F,1942,97,0.1072114272,[std] INSEE-shaped generational proxy
F,1942,98,0.1190974598,[std] INSEE-shaped generational proxy
F,1942,99,0.1322047537,[std] INSEE-shaped generational proxy
F,1942,100,0.1466344986,[std] INSEE-shaped generational proxy
F,1942,101,0.1624902639,[std] INSEE-shaped generational proxy
F,1942,102,0.1798763536,[std] INSEE-shaped generational proxy
F,1942,103,0.1988956527,[std] INSEE-shaped generational proxy
F,1942,104,0.2196468858,[std] INSEE-shaped generational proxy
F,1942,105,0.2422212070,[std] INSEE-shaped generational proxy
F,1942,106,0.2666980517,[std] INSEE-shaped generational proxy
F,1942,107,0.2931401996,[std] INSEE-shaped generational proxy
F,1942,108,0.3215880314,[std] INSEE-shaped generational proxy
F,1942,109,0.3520530126,[std] INSEE-shaped generational proxy
F,1942,110,0.3845105119,[std] INSEE-shaped generational proxy
F,1942,111,0.4188921581,[std] INSEE-shaped generational proxy
F,1942,112,0.4550780670,[std] INSEE-shaped generational proxy
F,1942,113,0.4928894195,[std] INSEE-shaped generational proxy
F,1942,114,0.5320820487,[std] INSEE-shaped generational proxy
F,1942,115,0.5723418663,[std] INSEE-shaped generational proxy
F,1942,116,0.6132831315,[std] INSEE-shaped generational proxy
F,1942,117,0.6544506701,[std] INSEE-shaped generational proxy
F,1942,118,0.6953271728,[std] INSEE-shaped generational proxy
F,1942,119,0.7353465611,[std] INSEE-shaped generational proxy
F,1942,120,1.0000000000,[std] INSEE-shaped generational proxy
F,1943,50,0.0008898032,[std] INSEE-shaped generational proxy
F,1943,51,0.0009583999,[std] INSEE-shaped generational proxy
F,1943,52,0.0010351205,[std] INSEE-shaped generational proxy
F,1943,53,0.0011209266,[std] INSEE-shaped generational proxy
F,1943,54,0.0012168931,[std] INSEE-shaped generational proxy
F,1943,55,0.0013242219,[std] INSEE-shaped generational proxy
F,1943,56,0.0014442568,[std] INSEE-shaped generational proxy
F,1943,57,0.0015785004,[std] INSEE-shaped generational proxy
F,1943,58,0.0017286322,[std] INSEE-shaped generational proxy
F,1943,59,0.0018965297,[std] INSEE-shaped generational proxy
F,1943,60,0.0020842919,[std] INSEE-shaped generational proxy
F,1943,61,0.0022942644,[std] INSEE-shaped generational proxy
F,1943,62,0.0025290690,[std] INSEE-shaped generational proxy
F,1943,63,0.0027916355,[std] INSEE-shaped generational proxy
F,1943,64,0.0030852377,[std] INSEE-shaped generational proxy
F,1943,65,0.0034135330,[std] INSEE-shaped generational proxy
F,1943,66,0.0037806075,[std] INSEE-shaped generational proxy
F,1943,67,0.0041910248,[std] INSEE-shaped generational proxy
F,1943,68,0.0046498815,[std] INSEE-shaped generational proxy
F,1943,69,0.0051628682,[std] INSEE-shaped generational proxy
F,1943,70,0.0057363372,[std] INSEE-shaped generational proxy
F,1943,71,0.0063773779,[std] INSEE-shaped generational proxy
F,1943,72,0.0070939006,[std] INSEE-shaped generational proxy
F,1943,73,0.0078947282,[std] INSEE-shaped generational proxy
F,1943,74,0.0087896990,[std] INSEE-shaped generational proxy
F,1943,75,0.0097897788,[std] INSEE-shaped generational proxy
F,1943,76,0.0109071854,[std] INSEE-shaped generational proxy
F,1943,77,0.0121555253,[std] INSEE-shaped generational proxy
F,1943,78,0.0135499429,[std] INSEE-shaped generational proxy
F,1943,79,0.0151072850,[std] INSEE-shaped generational proxy
F,1943,80,0.0168462794,[std] INSEE-shaped generational proxy
F,1943,81,0.0187877293,[std] INSEE-shaped generational proxy
F,1943,82,0.0209547241,[std] INSEE-shaped generational proxy
F,1943,83,0.0233728660,[std] INSEE-shaped generational proxy
F,1943,84,0.0260705133,[std] INSEE-shaped generational proxy
F,1943,85,0.0290790390,[std] INSEE-shaped generational proxy
F,1943,86,0.0324331041,[std] INSEE-shaped generational proxy
F,1943,87,0.0361709431,[std] INSEE-shaped generational proxy
F,1943,88,0.0403346587,[std] INSEE-shaped generational proxy
F,1943,89,0.0449705207,[std] INSEE-shaped generational proxy
F,1943,90,0.0501292642,[std] INSEE-shaped generational proxy
F,1943,91,0.0558663771,[std] INSEE-shaped generational proxy
F,1943,92,0.0622423667,[std] INSEE-shaped generational proxy
F,1943,93,0.0693229909,[std] INSEE-shaped generational proxy
F,1943,94,0.0771794366,[std] INSEE-shaped generational proxy
F,1943,95,0.0858884215,[std] INSEE-shaped generational proxy
F,1943,96,0.0955321918,[std] INSEE-shaped generational proxy
F,1943,97,0.1061983816,[std] INSEE-shaped generational proxy
F,1943,98,0.1179796938,[std] INSEE-shaped generational proxy
F,1943,99,0.1309733517,[std] INSEE-shaped generational proxy
F,1943,100,0.1452802662,[std] INSEE-shaped generational proxy
F,1943,101,0.1610038541,[std] INSEE-shaped generational proxy
F,1943,102,0.1782484335,[std] INSEE-shaped generational proxy
F,1943,103,0.1971171198,[std] INSEE-shaped generational proxy
F,1943,104,0.2177091399,[std] INSEE-shaped generational proxy
F,1943,105,0.2401164857,[std] INSEE-shaped generational proxy
F,1943,106,0.2644198341,[std] INSEE-shaped generational proxy
F,1943,107,0.2906836822,[std] INSEE-shaped generational proxy
F,1943,108,0.3189506760,[std] INSEE-shaped generational proxy
F,1943,109,0.3492351604,[std] INSEE-shaped generational proxy
F,1943,110,0.3815160504,[std] INSEE-shaped generational proxy
F,1943,111,0.4157292181,[std] INSEE-shaped generational proxy
F,1943,112,0.4517597136,[std] INSEE-shaped generational proxy
F,1943,113,0.4894342885,[std] INSEE-shaped generational proxy
F,1943,114,0.5285148596,[std] INSEE-shaped generational proxy
F,1943,115,0.5686937326,[std] INSEE-shaped generational proxy
F,1943,116,0.6095915715,[std] INSEE-shaped generational proxy
F,1943,117,0.6507592159,[std] INSEE-shaped generational proxy
F,1943,118,0.6916844810,[std] INSEE-shaped generational proxy
F,1943,119,0.7318049450,[std] INSEE-shaped generational proxy
F,1943,120,1.0000000000,[std] INSEE-shaped generational proxy
F,1944,50,0.0008809091,[std] INSEE-shaped generational proxy
F,1944,51,0.0009488204,[std] INSEE-shaped generational proxy
F,1944,52,0.0010247746,[std] INSEE-shaped generational proxy
F,1944,53,0.0011097236,[std] INSEE-shaped generational proxy
F,1944,54,0.0012047315,[std] INSEE-shaped generational proxy
F,1944,55,0.0013109883,[std] INSEE-shaped generational proxy
F,1944,56,0.0014298246,[std] INSEE-shaped generational proxy
F,1944,57,0.0015627277,[std] INSEE-shaped generational proxy
F,1944,58,0.0017113606,[std] INSEE-shaped generational proxy
F,1944,59,0.0018775823,[std] INSEE-shaped generational proxy
F,1944,60,0.0020634705,[std] INSEE-shaped generational proxy
F,1944,61,0.0022713478,[std] INSEE-shaped generational proxy
F,1944,62,0.0025038100,[std] INSEE-shaped generational proxy
F,1944,63,0.0027637578,[std] INSEE-shaped generational proxy
F,1944,64,0.0030544324,[std] INSEE-shaped generational proxy
F,1944,65,0.0033794554,[std] INSEE-shaped generational proxy
F,1944,66,0.0037428722,[std] INSEE-shaped generational proxy
F,1944,67,0.0041492016,[std] INSEE-shaped generational proxy
F,1944,68,0.0046034899,[std] INSEE-shaped generational proxy
F,1944,69,0.0051113717,[std] INSEE-shaped generational proxy
F,1944,70,0.0056791370,[std] INSEE-shaped generational proxy
F,1944,71,0.0063138059,[std] INSEE-shaped generational proxy
F,1944,72,0.0070232112,[std] INSEE-shaped generational proxy
F,1944,73,0.0078160902,[std] INSEE-shaped generational proxy
F,1944,74,0.0087021855,[std] INSEE-shaped generational proxy
F,1944,75,0.0096923570,[std] INSEE-shaped generational proxy
F,1944,76,0.0107987047,[std] INSEE-shaped generational proxy
F,1944,77,0.0120347045,[std] INSEE-shaped generational proxy
F,1944,78,0.0134153565,[std] INSEE-shaped generational proxy
F,1944,79,0.0149573477,[std] INSEE-shaped generational proxy
F,1944,80,0.0166792294,[std] INSEE-shaped generational proxy
F,1944,81,0.0186016104,[std] INSEE-shaped generational proxy
F,1944,82,0.0207473659,[std] INSEE-shaped generational proxy
F,1944,83,0.0231418630,[std] INSEE-shaped generational proxy
F,1944,84,0.0258132024,[std] INSEE-shaped generational proxy
F,1944,85,0.0287924758,[std] INSEE-shaped generational proxy
F,1944,86,0.0321140378,[std] INSEE-shaped generational proxy
F,1944,87,0.0358157903,[std] INSEE-shaped generational proxy
F,1944,88,0.0399394768,[std] INSEE-shaped generational proxy
F,1944,89,0.0445309812,[std] INSEE-shaped generational proxy
F,1944,90,0.0496406260,[std] INSEE-shaped generational proxy
F,1944,91,0.0553234616,[std] INSEE-shaped generational proxy
F,1944,92,0.0616395348,[std] INSEE-shaped generational proxy
F,1944,93,0.0686541244,[std] INSEE-shaped generational proxy
F,1944,94,0.0764379251,[std] INSEE-shaped generational proxy
F,1944,95,0.0850671565,[std] INSEE-shaped generational proxy
F,1944,96,0.0946235725,[std] INSEE-shaped generational proxy
F,1944,97,0.1051943342,[std] INSEE-shaped generational proxy
F,1944,98,0.1168717084,[std] INSEE-shaped generational proxy
F,1944,99,0.1297525425,[std] INSEE-shaped generational proxy
F,1944,100,0.1439374593,[std] INSEE-shaped generational proxy
F,1944,101,0.1595297098,[std] INSEE-shaped generational proxy
F,1944,102,0.1766336096,[std] INSEE-shaped generational proxy
F,1944,103,0.1953524827,[std] INSEE-shaped generational proxy
F,1944,104,0.2157860317,[std] INSEE-shaped generational proxy
F,1944,105,0.2380270532,[std] INSEE-shaped generational proxy
F,1944,106,0.2621574265,[std] INSEE-shaped generational proxy
F,1944,107,0.2882433207,[std] INSEE-shaped generational proxy
F,1944,108,0.3163295948,[std] INSEE-shaped generational proxy
F,1944,109,0.3464334156,[std] INSEE-shaped generational proxy
F,1944,110,0.3785371830,[std] INSEE-shaped generational proxy
F,1944,111,0.4125809493,[std] INSEE-shaped generational proxy
F,1944,112,0.4484546389,[std] INSEE-shaped generational proxy
F,1944,113,0.4859905202,[std] INSEE-shaped generational proxy
F,1944,114,0.5249565550,[std] INSEE-shaped generational proxy
F,1944,115,0.5650514260,[std] INSEE-shaped generational proxy
F,1944,116,0.6059022156,[std] INSEE-shaped generational proxy
F,1944,117,0.6470658320,[std] INSEE-shaped generational proxy
F,1944,118,0.6880353166,[std] INSEE-shaped generational proxy
F,1944,119,0.7282520613,[std] INSEE-shaped generational proxy
F,1944,120,1.0000000000,[std] INSEE-shaped generational proxy
F,1945,50,0.0008721039,[std] INSEE-shaped generational proxy
F,1945,51,0.0009393367,[std] INSEE-shaped generational proxy
F,1945,52,0.0010145321,[std] INSEE-shaped generational proxy
F,1945,53,0.0010986324,[std] INSEE-shaped generational proxy
F,1945,54,0.0011926913,[std] INSEE-shaped generational proxy
F,1945,55,0.0012978870,[std] INSEE-shaped generational proxy
F,1945,56,0.0014155365,[std] INSEE-shaped generational proxy
F,1945,57,0.0015471126,[std] INSEE-shaped generational proxy
F,1945,58,0.0016942615,[std] INSEE-shaped generational proxy
F,1945,59,0.0018588239,[std] INSEE-shaped generational proxy
F,1945,60,0.0020428569,[std] INSEE-shaped generational proxy
F,1945,61,0.0022486599,[std] INSEE-shaped generational proxy
F,1945,62,0.0024788030,[std] INSEE-shaped generational proxy
F,1945,63,0.0027361580,[std] INSEE-shaped generational proxy
F,1945,64,0.0030239343,[std] INSEE-shaped generational proxy
F,1945,65,0.0033457175,[std] INSEE-shaped generational proxy
F,1945,66,0.0037055129,[std] INSEE-shaped generational proxy
F,1945,67,0.0041077949,[std] INSEE-shaped generational proxy
F,1945,68,0.0045575601,[std] INSEE-shaped generational proxy
F,1945,69,0.0050603875,[std] INSEE-shaped generational proxy
F,1945,70,0.0056225056,[std] INSEE-shaped generational proxy
F,1945,71,0.0062508656,[std] INSEE-shaped generational proxy
F,1945,72,0.0069532239,[std] INSEE-shaped generational proxy
F,1945,73,0.0077382325,[std] INSEE-shaped generational proxy
F,1945,74,0.0086155396,[std] INSEE-shaped generational proxy
F,1945,75,0.0095958999,[std] INSEE-shaped generational proxy
F,1945,76,0.0106912969,[std] INSEE-shaped generational proxy
F,1945,77,0.0119150773,[std] INSEE-shaped generational proxy
F,1945,78,0.0132820978,[std] INSEE-shaped generational proxy
F,1945,79,0.0148088872,[std] INSEE-shaped generational proxy
F,1945,80,0.0165138220,[std] INSEE-shaped generational proxy
F,1945,81,0.0184173179,[std] INSEE-shaped generational proxy
F,1945,82,0.0205420380,[std] INSEE-shaped generational proxy
F,1945,83,0.0229131162,[std] INSEE-shaped generational proxy
F,1945,84,0.0255583977,[std] INSEE-shaped generational proxy
F,1945,85,0.0285086950,[std] INSEE-shaped generational proxy
F,1945,86,0.0317980585,[std] INSEE-shaped generational proxy
F,1945,87,0.0354640601,[std] INSEE-shaped generational proxy
F,1945,88,0.0395480864,[std] INSEE-shaped generational proxy
F,1945,89,0.0440956378,[std] INSEE-shaped generational proxy
F,1945,90,0.0491566266,[std] INSEE-shaped generational proxy
F,1945,91,0.0547856677,[std] INSEE-shaped generational proxy
F,1945,92,0.0610423494,[std] INSEE-shaped generational proxy
F,1945,93,0.0679914731,[std] INSEE-shaped generational proxy
F,1945,94,0.0757032417,[std] INSEE-shaped generational proxy
F,1945,95,0.0842533774,[std] INSEE-shaped generational proxy
F,1945,96,0.0937231403,[std] INSEE-shaped generational proxy
F,1945,97,0.1041992163,[std] INSEE-shaped generational proxy
F,1945,98,0.1157734319,[std] INSEE-shaped generational proxy
F,1945,99,0.1285422520,[std] INSEE-shaped generational proxy
F,1945,100,0.1426060024,[std] INSEE-shaped generational proxy
F,1945,101,0.1580677556,[std] INSEE-shaped generational proxy
F,1945,102,0.1750318081,[std] INSEE-shaped generational proxy
F,1945,103,0.1936016715,[std] INSEE-shaped generational proxy
F,1945,104,0.2138774977,[std] INSEE-shaped generational proxy
F,1945,105,0.2359528557,[std] INSEE-shaped generational proxy
F,1945,106,0.2599107887,[std] INSEE-shaped generational proxy
F,1945,107,0.2858190924,[std] INSEE-shaped generational proxy
F,1945,108,0.3137247879,[std] INSEE-shaped generational proxy
F,1945,109,0.3436478064,[std] INSEE-shaped generational proxy
F,1945,110,0.3755739715,[std] INSEE-shaped generational proxy
F,1945,111,0.4094474531,[std] INSEE-shaped generational proxy
F,1945,112,0.4451629885,[std] INSEE-shaped generational proxy
F,1945,113,0.4825583091,[std] INSEE-shaped generational proxy
F,1945,114,0.5214073811,[std] INSEE-shaped generational proxy
F,1945,115,0.5614152446,[std] INSEE-shaped generational proxy
F,1945,116,0.6022154113,[std] INSEE-shaped generational proxy
F,1945,117,0.6433709079,[std] INSEE-shaped generational proxy
F,1945,118,0.6843801005,[std] INSEE-shaped generational proxy
F,1945,119,0.7246883458,[std] INSEE-shaped generational proxy
F,1945,120,1.0000000000,[std] INSEE-shaped generational proxy
F,1946,50,0.0008633866,[std] INSEE-shaped generational proxy
F,1946,51,0.0009299477,[std] INSEE-shaped generational proxy
F,1946,52,0.0010043919,[std] INSEE-shaped generational proxy
F,1946,53,0.0010876521,[std] INSEE-shaped generational proxy
F,1946,54,0.0011807715,[std] INSEE-shaped generational proxy
F,1946,55,0.0012849164,[std] INSEE-shaped generational proxy
F,1946,56,0.0014013910,[std] INSEE-shaped generational proxy
F,1946,57,0.0015316533,[std] INSEE-shaped generational proxy
F,1946,58,0.0016773332,[std] INSEE-shaped generational proxy
F,1946,59,0.0018402528,[std] INSEE-shaped generational proxy
F,1946,60,0.0020224490,[std] INSEE-shaped generational proxy
F,1946,61,0.0022261984,[std] INSEE-shaped generational proxy
F,1946,62,0.0024540454,[std] INSEE-shaped generational proxy
F,1946,63,0.0027088336,[std] INSEE-shaped generational proxy
F,1946,64,0.0029937403,[std] INSEE-shaped generational proxy
F,1946,65,0.0033123157,[std] INSEE-shaped generational proxy
F,1946,66,0.0036685259,[std] INSEE-shaped generational proxy
F,1946,67,0.0040668006,[std] INSEE-shaped generational proxy
F,1946,68,0.0045120875,[std] INSEE-shaped generational proxy
F,1946,69,0.0050099106,[std] INSEE-shaped generational proxy
F,1946,70,0.0055664373,[std] INSEE-shaped generational proxy
F,1946,71,0.0061885507,[std] INSEE-shaped generational proxy
F,1946,72,0.0068839315,[std] INSEE-shaped generational proxy
F,1946,73,0.0076611474,[std] INSEE-shaped generational proxy
F,1946,74,0.0085297527,[std] INSEE-shaped generational proxy
F,1946,75,0.0095003982,[std] INSEE-shaped generational proxy
F,1946,76,0.0105849518,[std] INSEE-shaped generational proxy
F,1946,77,0.0117966321,[std] INSEE-shaped generational proxy
F,1946,78,0.0131501540,[std] INSEE-shaped generational proxy
F,1946,79,0.0146618894,[std] INSEE-shaped generational proxy
F,1946,80,0.0163500412,[std] INSEE-shaped generational proxy
F,1946,81,0.0182348343,[std] INSEE-shaped generational proxy
F,1946,82,0.0203387210,[std] INSEE-shaped generational proxy
F,1946,83,0.0226866042,[std] INSEE-shaped generational proxy
F,1946,84,0.0253060754,[std] INSEE-shaped generational proxy
F,1946,85,0.0282276703,[std] INSEE-shaped generational proxy
F,1946,86,0.0314851374,[std] INSEE-shaped generational proxy
F,1946,87,0.0351157208,[std] INSEE-shaped generational proxy
F,1946,88,0.0391604528,[std] INSEE-shaped generational proxy
F,1946,89,0.0436644525,[std] INSEE-shaped generational proxy
F,1946,90,0.0486772244,[std] INSEE-shaped generational proxy
F,1946,91,0.0542529501,[std] INSEE-shaped generational proxy
F,1946,92,0.0604507616,[std] INSEE-shaped generational proxy
F,1946,93,0.0673349839,[std] INSEE-shaped generational proxy
F,1946,94,0.0749753295,[std] INSEE-shaped generational proxy
F,1946,95,0.0834470230,[std] INSEE-shaped generational proxy
F,1946,96,0.0928308303,[std] INSEE-shaped generational proxy
F,1946,97,0.1032129594,[std] INSEE-shaped generational proxy
F,1946,98,0.1146847927,[std] INSEE-shaped generational proxy
F,1946,99,0.1273424063,[std] INSEE-shaped generational proxy
F,1946,100,0.1412858201,[std] INSEE-shaped generational proxy
F,1946,101,0.1566179160,[std] INSEE-shaped generational proxy
F,1946,102,0.1734429550,[std] INSEE-shaped generational proxy
F,1946,103,0.1918646159,[std] INSEE-shaped generational proxy
F,1946,104,0.2119834737,[std] INSEE-shaped generational proxy
F,1946,105,0.2338938384,[std] INSEE-shaped generational proxy
F,1946,106,0.2576798789,[std] INSEE-shaped generational proxy
F,1946,107,0.2834109732,[std] INSEE-shaped generational proxy
F,1946,108,0.3111362531,[std] INSEE-shaped generational proxy
F,1946,109,0.3408783582,[std] INSEE-shaped generational proxy
F,1946,110,0.3726264747,[std] INSEE-shaped generational proxy
F,1946,111,0.4063288270,[std] INSEE-shaped generational proxy
F,1946,112,0.4418849039,[std] INSEE-shaped generational proxy
F,1946,113,0.4791378453,[std] INSEE-shaped generational proxy
F,1946,114,0.5178675792,[std] INSEE-shaped generational proxy
F,1946,115,0.5577854816,[std] INSEE-shaped generational proxy
F,1946,116,0.5985315015,[std] INSEE-shaped generational proxy
F,1946,117,0.6396748299,[std] INSEE-shaped generational proxy
F,1946,118,0.6807192511,[std] INSEE-shaped generational proxy
F,1946,119,0.7211142334,[std] INSEE-shaped generational proxy
F,1946,120,1.0000000000,[std] INSEE-shaped generational proxy
F,1947,50,0.0008547564,[std] INSEE-shaped generational proxy
F,1947,51,0.0009206525,[std] INSEE-shaped generational proxy
F,1947,52,0.0009943529,[std] INSEE-shaped generational proxy
F,1947,53,0.0010767814,[std] INSEE-shaped generational proxy
F,1947,54,0.0011689707,[std] INSEE-shaped generational proxy
F,1947,55,0.0012720754,[std] INSEE-shaped generational proxy
F,1947,56,0.0013873868,[std] INSEE-shaped generational proxy
F,1947,57,0.0015163484,[std] INSEE-shaped generational proxy
F,1947,58,0.0016605738,[std] INSEE-shaped generational proxy
F,1947,59,0.0018218670,[std] INSEE-shaped generational proxy
F,1947,60,0.0020022447,[std] INSEE-shaped generational proxy
F,1947,61,0.0022039609,[std] INSEE-shaped generational proxy
F,1947,62,0.0024295348,[std] INSEE-shaped generational proxy
F,1947,63,0.0026817816,[std] INSEE-shaped generational proxy
F,1947,64,0.0029638473,[std] INSEE-shaped generational proxy
F,1947,65,0.0032792470,[std] INSEE-shaped generational proxy
F,1947,66,0.0036319073,[std] INSEE-shaped generational proxy
F,1947,67,0.0040262146,[std] INSEE-shaped generational proxy
F,1947,68,0.0044670675,[std] INSEE-shaped generational proxy
F,1947,69,0.0049599360,[std] INSEE-shaped generational proxy
F,1947,70,0.0055109266,[std] INSEE-shaped generational proxy
F,1947,71,0.0061268552,[std] INSEE-shaped generational proxy
F,1947,72,0.0068153273,[std] INSEE-shaped generational proxy
F,1947,73,0.0075848272,[std] INSEE-shaped generational proxy
F,1947,74,0.0084448164,[std] INSEE-shaped generational proxy
F,1947,75,0.0094058424,[std] INSEE-shaped generational proxy
F,1947,76,0.0104796589,[std] INSEE-shaped generational proxy
F,1947,77,0.0116793574,[std] INSEE-shaped generational proxy
F,1947,78,0.0130195123,[std] INSEE-shaped generational proxy
F,1947,79,0.0145163399,[std] INSEE-shaped generational proxy
F,1947,80,0.0161878714,[std] INSEE-shaped generational proxy
F,1947,81,0.0180541421,[std] INSEE-shaped generational proxy
F,1947,82,0.0201373956,[std] INSEE-shaped generational proxy
F,1947,83,0.0224623055,[std] INSEE-shaped generational proxy
F,1947,84,0.0250562120,[std] INSEE-shaped generational proxy
F,1947,85,0.0279493758,[std] INSEE-shaped generational proxy
F,1947,86,0.0311752459,[std] INSEE-shaped generational proxy
F,1947,87,0.0347707410,[std] INSEE-shaped generational proxy
F,1947,88,0.0387765414,[std] INSEE-shaped generational proxy
F,1947,89,0.0432373874,[std] INSEE-shaped generational proxy
F,1947,90,0.0482023781,[std] INSEE-shaped generational proxy
F,1947,91,0.0537252640,[std] INSEE-shaped generational proxy
F,1947,92,0.0598647225,[std] INSEE-shaped generational proxy
F,1947,93,0.0666846041,[std] INSEE-shaped generational proxy
F,1947,94,0.0742541317,[std] INSEE-shaped generational proxy
F,1947,95,0.0826480327,[std] INSEE-shaped generational proxy
F,1947,96,0.0919465780,[std] INSEE-shaped generational proxy
F,1947,97,0.1022354954,[std] INSEE-shaped generational proxy
F,1947,98,0.1136057196,[std] INSEE-shaped generational proxy
F,1947,99,0.1261529319,[std] INSEE-shaped generational proxy
F,1947,100,0.1399768373,[std] INSEE-shaped generational proxy
F,1947,101,0.1551801154,[std] INSEE-shaped generational proxy
F,1947,102,0.1718669762,[std] INSEE-shaped generational proxy
F,1947,103,0.1901412451,[std] INSEE-shaped generational proxy
F,1947,104,0.2101038949,[std] INSEE-shaped generational proxy
F,1947,105,0.2318499455,[std] INSEE-shaped generational proxy
F,1947,106,0.2554646540,[std] INSEE-shaped generational proxy
F,1947,107,0.2810189367,[std] INSEE-shaped generational proxy
F,1947,108,0.3085639861,[std] INSEE-shaped generational proxy
F,1947,109,0.3381250938,[std] INSEE-shaped generational proxy
F,1947,110,0.3696947479,[std] INSEE-shaped generational proxy
F,1947,111,0.4032251645,[std] INSEE-shaped generational proxy
F,1947,112,0.4386205226,[std] INSEE-shaped generational proxy
F,1947,113,0.4757293142,[std] INSEE-shaped generational proxy
F,1947,114,0.5143373859,[std] INSEE-shaped generational proxy
F,1947,115,0.5541624260,[std] INSEE-shaped generational proxy
F,1947,116,0.5948508249,[std] INSEE-shaped generational proxy
F,1947,117,0.6359779808,[std] INSEE-shaped generational proxy
F,1947,118,0.6770531847,[std] INSEE-shaped generational proxy
F,1947,119,0.7175301584,[std] INSEE-shaped generational proxy
F,1947,120,1.0000000000,[std] INSEE-shaped generational proxy
F,1948,50,0.0008462125,[std] INSEE-shaped generational proxy
F,1948,51,0.0009114502,[std] INSEE-shaped generational proxy
F,1948,52,0.0009844143,[std] INSEE-shaped generational proxy
F,1948,53,0.0010660193,[std] INSEE-shaped generational proxy
F,1948,54,0.0011572877,[std] INSEE-shaped generational proxy
F,1948,55,0.0012593627,[std] INSEE-shaped generational proxy
F,1948,56,0.0013735225,[std] INSEE-shaped generational proxy
F,1948,57,0.0015011963,[std] INSEE-shaped generational proxy
F,1948,58,0.0016439817,[std] INSEE-shaped generational proxy
F,1948,59,0.0018036648,[std] INSEE-shaped generational proxy
F,1948,60,0.0019822422,[std] INSEE-shaped generational proxy
F,1948,61,0.0021819454,[std] INSEE-shaped generational proxy
F,1948,62,0.0024052687,[std] INSEE-shaped generational proxy
F,1948,63,0.0026549994,[std] INSEE-shaped generational proxy
F,1948,64,0.0029342524,[std] INSEE-shaped generational proxy
F,1948,65,0.0032465078,[std] INSEE-shaped generational proxy
F,1948,66,0.0035956536,[std] INSEE-shaped generational proxy
F,1948,67,0.0039860328,[std] INSEE-shaped generational proxy
F,1948,68,0.0044224958,[std] INSEE-shaped generational proxy
F,1948,69,0.0049104586,[std] INSEE-shaped generational proxy
F,1948,70,0.0054559679,[std] INSEE-shaped generational proxy
F,1948,71,0.0060657729,[std] INSEE-shaped generational proxy
F,1948,72,0.0067474045,[std] INSEE-shaped generational proxy
F,1948,73,0.0075092644,[std] INSEE-shaped generational proxy
F,1948,74,0.0083607222,[std] INSEE-shaped generational proxy
F,1948,75,0.0093122233,[std] INSEE-shaped generational proxy
F,1948,76,0.0103754079,[std] INSEE-shaped generational proxy
F,1948,77,0.0115632417,[std] INSEE-shaped generational proxy
F,1948,78,0.0128901599,[std] INSEE-shaped generational proxy
F,1948,79,0.0143722247,[std] INSEE-shaped generational proxy
F,1948,80,0.0160272970,[std] INSEE-shaped generational proxy
F,1948,81,0.0178752240,[std] INSEE-shaped generational proxy
F,1948,82,0.0199380427,[std] INSEE-shaped generational proxy
F,1948,83,0.0222401991,[std] INSEE-shaped generational proxy
F,1948,84,0.0248087841,[std] INSEE-shaped generational proxy
F,1948,85,0.0276737857,[std] INSEE-shaped generational proxy
F,1948,86,0.0308683556,[std] INSEE-shaped generational proxy
F,1948,87,0.0344290894,[std] INSEE-shaped generational proxy
F,1948,88,0.0383963180,[std] INSEE-shaped generational proxy
F,1948,89,0.0428144051,[std] INSEE-shaped generational proxy
F,1948,90,0.0477320468,[std] INSEE-shaped generational proxy
F,1948,91,0.0532025647,[std] INSEE-shaped generational proxy
F,1948,92,0.0592841837,[std] INSEE-shaped generational proxy
F,1948,93,0.0660402814,[std] INSEE-shaped generational proxy
F,1948,94,0.0735395920,[std] INSEE-shaped generational proxy
F,1948,95,0.0818563463,[std] INSEE-shaped generational proxy
F,1948,96,0.0910703192,[std] INSEE-shaped generational proxy
F,1948,97,0.1012667567,[std] INSEE-shaped generational proxy
F,1948,98,0.1125361416,[std] INSEE-shaped generational proxy
F,1948,99,0.1249737551,[std] INSEE-shaped generational proxy
F,1948,100,0.1386789789,[std] INSEE-shaped generational proxy
F,1948,101,0.1537542783,[std] INSEE-shaped generational proxy
F,1948,102,0.1703037972,[std] INSEE-shaped generational proxy
F,1948,103,0.1884314878,[std] INSEE-shaped generational proxy
F,1948,104,0.2082386958,[std] INSEE-shaped generational proxy
F,1948,105,0.2298211201,[std] INSEE-shaped generational proxy
F,1948,106,0.2532650696,[std] INSEE-shaped generational proxy
F,1948,107,0.2786429552,[std] INSEE-shaped generational proxy
F,1948,108,0.3060079805,[std] INSEE-shaped generational proxy
F,1948,109,0.3353880333,[std] INSEE-shaped generational proxy
F,1948,110,0.3667788434,[std] INSEE-shaped generational proxy
F,1948,111,0.4001365558,[std] INSEE-shaped generational proxy
F,1948,112,0.4353699777,[std] INSEE-shaped generational proxy
F,1948,113,0.4723328968,[std] INSEE-shaped generational proxy
F,1948,114,0.5108170335,[std] INSEE-shaped generational proxy
F,1948,115,0.5505463619,[std] INSEE-shaped generational proxy
F,1948,116,0.5911737160,[std] INSEE-shaped generational proxy
F,1948,117,0.6322807397,[std] INSEE-shaped generational proxy
F,1948,118,0.6733823152,[std] INSEE-shaped generational proxy
F,1948,119,0.7139365543,[std] INSEE-shaped generational proxy
F,1948,120,1.0000000000,[std] INSEE-shaped generational proxy
F,1949,50,0.0008377539,[std] INSEE-shaped generational proxy
F,1949,51,0.0009023398,[std] INSEE-shaped generational proxy
F,1949,52,0.0009745750,[std] INSEE-shaped generational proxy
F,1949,53,0.0010553648,[std] INSEE-shaped generational proxy
F,1949,54,0.0011457215,[std] INSEE-shaped generational proxy
F,1949,55,0.0012467769,[std] INSEE-shaped generational proxy
F,1949,56,0.0013597966,[std] INSEE-shaped generational proxy
F,1949,57,0.0014861955,[std] INSEE-shaped generational proxy
F,1949,58,0.0016275552,[std] INSEE-shaped generational proxy
F,1949,59,0.0017856443,[std] INSEE-shaped generational proxy
F,1949,60,0.0019624392,[std] INSEE-shaped generational proxy
F,1949,61,0.0021601495,[std] INSEE-shaped generational proxy
F,1949,62,0.0023812446,[std] INSEE-shaped generational proxy
F,1949,63,0.0026284843,[std] INSEE-shaped generational proxy
F,1949,64,0.0029049525,[std] INSEE-shaped generational proxy
F,1949,65,0.0032140949,[std] INSEE-shaped generational proxy
F,1949,66,0.0035597612,[std] INSEE-shaped generational proxy
F,1949,67,0.0039462512,[std] INSEE-shaped generational proxy
F,1949,68,0.0043783678,[std] INSEE-shaped generational proxy
F,1949,69,0.0048614736,[std] INSEE-shaped generational proxy
F,1949,70,0.0054015559,[std] INSEE-shaped generational proxy
F,1949,71,0.0060052976,[std] INSEE-shaped generational proxy
F,1949,72,0.0066801563,[std] INSEE-shaped generational proxy
F,1949,73,0.0074344516,[std] INSEE-shaped generational proxy
F,1949,74,0.0082774620,[std] INSEE-shaped generational proxy
F,1949,75,0.0092195317,[std] INSEE-shaped generational proxy
F,1949,76,0.0102721885,[std] INSEE-shaped generational proxy
F,1949,77,0.0114482737,[std] INSEE-shaped generational proxy
F,1949,78,0.0127620844,[std] INSEE-shaped generational proxy
F,1949,79,0.0142295299,[std] INSEE-shaped generational proxy
F,1949,80,0.0158683024,[std] INSEE-shaped generational proxy
F,1949,81,0.0176980630,[std] INSEE-shaped generational proxy
F,1949,82,0.0197406434,[std] INSEE-shaped generational proxy
F,1949,83,0.0220202640,[std] INSEE-shaped generational proxy
F,1949,84,0.0245637687,[std] INSEE-shaped generational proxy
F,1949,85,0.0274008746,[std] INSEE-shaped generational proxy
F,1949,86,0.0305644385,[std] INSEE-shaped generational proxy
F,1949,87,0.0340907353,[std] INSEE-shaped generational proxy
F,1949,88,0.0380197487,[std] INSEE-shaped generational proxy
F,1949,89,0.0423954685,[std] INSEE-shaped generational proxy
F,1949,90,0.0472661899,[std] INSEE-shaped generational proxy
F,1949,91,0.0526848079,[std] INSEE-shaped generational proxy
F,1949,92,0.0587090972,[std] INSEE-shaped generational proxy
F,1949,93,0.0654019637,[std] INSEE-shaped generational proxy
F,1949,94,0.0728316545,[std] INSEE-shaped generational proxy
F,1949,95,0.0810719037,[std] INSEE-shaped generational proxy
F,1949,96,0.0902019900,[std] INSEE-shaped generational proxy
F,1949,97,0.1003066756,[std] INSEE-shaped generational proxy
F,1949,98,0.1114759882,[std] INSEE-shaped generational proxy
F,1949,99,0.1238048027,[std] INSEE-shaped generational proxy
F,1949,100,0.1373921697,[std] INSEE-shaped generational proxy
F,1949,101,0.1523403291,[std] INSEE-shaped generational proxy
F,1949,102,0.1687533435,[std] INSEE-shaped generational proxy
F,1949,103,0.1867352724,[std] INSEE-shaped generational proxy
F,1949,104,0.2063878102,[std] INSEE-shaped generational proxy
F,1949,105,0.2278073047,[std] INSEE-shaped generational proxy
F,1949,106,0.2510810800,[std] INSEE-shaped generational proxy
F,1949,107,0.2762829993,[std] INSEE-shaped generational proxy
F,1949,108,0.3034682277,[std] INSEE-shaped generational proxy
F,1949,109,0.3326671941,[std] INSEE-shaped generational proxy
F,1949,110,0.3638788103,[std] INSEE-shaped generational proxy
F,1949,111,0.3970630874,[std] INSEE-shaped generational proxy
F,1949,112,0.4321333984,[std] INSEE-shaped generational proxy
F,1949,113,0.4689487698,[std] INSEE-shaped generational proxy
F,1949,114,0.5073067492,[std] INSEE-shaped generational proxy
F,1949,115,0.5469375687,[std] INSEE-shaped generational proxy
F,1949,116,0.5875005049,[std] INSEE-shaped generational proxy
F,1949,117,0.6285834822,[std] INSEE-shaped generational proxy
F,1949,118,0.6697070537,[std] INSEE-shaped generational proxy
F,1949,119,0.7103338535,[std] INSEE-shaped generational proxy
F,1949,120,1.0000000000,[std] INSEE-shaped generational proxy
F,1950,50,0.0008293798,[std] INSEE-shaped generational proxy
F,1950,51,0.0008933204,[std] INSEE-shaped generational proxy
F,1950,52,0.0009648339,[std] INSEE-shaped generational proxy
F,1950,53,0.0010448166,[std] INSEE-shaped generational proxy
F,1950,54,0.0011342708,[std] INSEE-shaped generational proxy
F,1950,55,0.0012343169,[std] INSEE-shaped generational proxy
F,1950,56,0.0013462078,[std] INSEE-shaped generational proxy
F,1950,57,0.0014713445,[std] INSEE-shaped generational proxy
F,1950,58,0.0016112928,[std] INSEE-shaped generational proxy
F,1950,59,0.0017678036,[std] INSEE-shaped generational proxy
F,1950,60,0.0019428339,[std] INSEE-shaped generational proxy
F,1950,61,0.0021385711,[std] INSEE-shaped generational proxy
F,1950,62,0.0023574603,[std] INSEE-shaped generational proxy
F,1950,63,0.0026022337,[std] INSEE-shaped generational proxy
F,1950,64,0.0028759448,[std] INSEE-shaped generational proxy
F,1950,65,0.0031820052,[std] INSEE-shaped generational proxy
F,1950,66,0.0035242263,[std] INSEE-shaped generational proxy
F,1950,67,0.0039068659,[std] INSEE-shaped generational proxy
F,1950,68,0.0043346791,[std] INSEE-shaped generational proxy
F,1950,69,0.0048129760,[std] INSEE-shaped generational proxy
F,1950,70,0.0053476850,[std] INSEE-shaped generational proxy
F,1950,71,0.0059454235,[std] INSEE-shaped generational proxy
F,1950,72,0.0066135762,[std] INSEE-shaped generational proxy
F,1950,73,0.0073603814,[std] INSEE-shaped generational proxy
F,1950,74,0.0081950275,[std] INSEE-shaped generational proxy
F,1950,75,0.0091277584,[std] INSEE-shaped generational proxy
F,1950,76,0.0101699908,[std] INSEE-shaped generational proxy
F,1950,77,0.0113344422,[std] INSEE-shaped generational proxy
F,1950,78,0.0126352733,[std] INSEE-shaped generational proxy
F,1950,79,0.0140882417,[std] INSEE-shaped generational proxy
F,1950,80,0.0157108726,[std] INSEE-shaped generational proxy
F,1950,81,0.0175226422,[std] INSEE-shaped generational proxy
F,1950,82,0.0195451789,[std] INSEE-shaped generational proxy
F,1950,83,0.0218024796,[std] INSEE-shaped generational proxy
F,1950,84,0.0243211427,[std] INSEE-shaped generational proxy
F,1950,85,0.0271306171,[std] INSEE-shaped generational proxy
F,1950,86,0.0302634666,[std] INSEE-shaped generational proxy
F,1950,87,0.0337556479,[std] INSEE-shaped generational proxy
F,1950,88,0.0376467998,[std] INSEE-shaped generational proxy
F,1950,89,0.0419805406,[std] INSEE-shaped generational proxy
F,1950,90,0.0468047670,[std] INSEE-shaped generational proxy
F,1950,91,0.0521719499,[std] INSEE-shaped generational proxy
F,1950,92,0.0581394152,[std] INSEE-shaped generational proxy
F,1950,93,0.0647695994,[std] INSEE-shaped generational proxy
F,1950,94,0.0721302634,[std] INSEE-shaped generational proxy
F,1950,95,0.0802946454,[std] INSEE-shaped generational proxy
F,1950,96,0.0893415270,[std] INSEE-shaped generational proxy
F,1950,97,0.0993551851,[std] INSEE-shaped generational proxy
F,1950,98,0.1104251887,[std] INSEE-shaped generational proxy
F,1950,99,0.1226460016,[std] INSEE-shaped generational proxy
F,1950,100,0.1361163348,[std] INSEE-shaped generational proxy
F,1950,101,0.1509381923,[std] INSEE-shaped generational proxy
F,1950,102,0.1672155403,[std] INSEE-shaped generational proxy
F,1950,103,0.1850525271,[std] INSEE-shaped generational proxy
F,1950,104,0.2045511714,[std] INSEE-shaped generational proxy
F,1950,105,0.2258084406,[std] INSEE-shaped generational proxy
F,1950,106,0.2489126383,[std] INSEE-shaped generational proxy
F,1950,107,0.2739390377,[std] INSEE-shaped generational proxy
F,1950,108,0.3009447169,[std] INSEE-shaped generational proxy
F,1950,109,0.3299625912,[std] INSEE-shaped generational proxy
F,1950,110,0.3609946947,[std] INSEE-shaped generational proxy
F,1950,111,0.3940048421,[std] INSEE-shaped generational proxy
F,1950,112,0.4289109098,[std] INSEE-shaped generational proxy
F,1950,113,0.4655771053,[std] INSEE-shaped generational proxy
F,1950,114,0.5038067558,[std] INSEE-shaped generational proxy
F,1950,115,0.5433363215,[std] INSEE-shaped generational proxy
F,1950,116,0.5838315173,[std] INSEE-shaped generational proxy
F,1950,117,0.6248865798,[std] INSEE-shaped generational proxy
F,1950,118,0.6660278087,[std] INSEE-shaped generational proxy
F,1950,119,0.7067224872,[std] INSEE-shaped generational proxy
F,1950,120,1.0000000000,[std] INSEE-shaped generational proxy
F,1951,50,0.0008210894,[std] INSEE-shaped generational proxy
F,1951,51,0.0008843912,[std] INSEE-shaped generational proxy
F,1951,52,0.0009551902,[std] INSEE-shaped generational proxy
F,1951,53,0.0010343739,[std] INSEE-shaped generational proxy
F,1951,54,0.0011229344,[std] INSEE-shaped generational proxy
F,1951,55,0.0012219812,[std] INSEE-shaped generational proxy
F,1951,56,0.0013327547,[std] INSEE-shaped generational proxy
F,1951,57,0.0014566417,[std] INSEE-shaped generational proxy
F,1951,58,0.0015951927,[std] INSEE-shaped generational proxy
F,1951,59,0.0017501410,[std] INSEE-shaped generational proxy
F,1951,60,0.0019234242,[std] INSEE-shaped generational proxy
F,1951,61,0.0021172081,[std] INSEE-shaped generational proxy
F,1951,62,0.0023339132,[std] INSEE-shaped generational proxy
F,1951,63,0.0025762449,[std] INSEE-shaped generational proxy
F,1951,64,0.0028472263,[std] INSEE-shaped generational proxy
F,1951,65,0.0031502353,[std] INSEE-shaped generational proxy
F,1951,66,0.0034890456,[std] INSEE-shaped generational proxy
F,1951,67,0.0038678729,[std] INSEE-shaped generational proxy
F,1951,68,0.0042914255,[std] INSEE-shaped generational proxy
F,1951,69,0.0047649611,[std] INSEE-shaped generational proxy
F,1951,70,0.0052943500,[std] INSEE-shaped generational proxy
F,1951,71,0.0058861446,[std] INSEE-shaped generational proxy
F,1951,72,0.0065476574,[std] INSEE-shaped generational proxy
F,1951,73,0.0072870464,[std] INSEE-shaped generational proxy
F,1951,74,0.0081134106,[std] INSEE-shaped generational proxy
F,1951,75,0.0090368945,[std] INSEE-shaped generational proxy
F,1951,76,0.0100688046,[std] INSEE-shaped generational proxy
F,1951,77,0.0112217362,[std] INSEE-shaped generational proxy
F,1951,78,0.0125097142,[std] INSEE-shaped generational proxy
F,1951,79,0.0139483465,[std] INSEE-shaped generational proxy
F,1951,80,0.0155549922,[std] INSEE-shaped generational proxy
F,1951,81,0.0173489446,[std] INSEE-shaped generational proxy
F,1951,82,0.0193516306,[std] INSEE-shaped generational proxy
F,1951,83,0.0215868252,[std] INSEE-shaped generational proxy
F,1951,84,0.0240808836,[std] INSEE-shaped generational proxy
F,1951,85,0.0268629882,[std] INSEE-shaped generational proxy
F,1951,86,0.0299654125,[std] INSEE-shaped generational proxy
F,1951,87,0.0334237969,[std] INSEE-shaped generational proxy
F,1951,88,0.0372774380,[std] INSEE-shaped generational proxy
F,1951,89,0.0415695848,[std] INSEE-shaped generational proxy
F,1951,90,0.0463477382,[std] INSEE-shaped generational proxy
F,1951,91,0.0516639469,[std] INSEE-shaped generational proxy
F,1951,92,0.0575750904,[std] INSEE-shaped generational proxy
F,1951,93,0.0641431373,[std] INSEE-shaped generational proxy
F,1951,94,0.0714353636,[std] INSEE-shaped generational proxy
F,1951,95,0.0795245120,[std] INSEE-shaped generational proxy
F,1951,96,0.0884888670,[std] INSEE-shaped generational proxy
F,1951,97,0.0984122182,[std] INSEE-shaped generational proxy
F,1951,98,0.1093836731,[std] INSEE-shaped generational proxy
F,1951,99,0.1214972789,[std] INSEE-shaped generational proxy
F,1951,100,0.1348513996,[std] INSEE-shaped generational proxy
F,1951,101,0.1495477922,[std] INSEE-shaped generational proxy
F,1951,102,0.1656903128,[std] INSEE-shaped generational proxy
F,1951,103,0.1833831794,[std] INSEE-shaped generational proxy
F,1951,104,0.2027287121,[std] INSEE-shaped generational proxy
F,1951,105,0.2238244684,[std] INSEE-shaped generational proxy
F,1951,106,0.2467596963,[std] INSEE-shaped generational proxy
F,1951,107,0.2716110377,[std] INSEE-shaped generational proxy
F,1951,108,0.2984374354,[std] INSEE-shaped generational proxy
F,1951,109,0.3272742370,[std] INSEE-shaped generational proxy
F,1951,110,0.3581265396,[std] INSEE-shaped generational proxy
F,1951,111,0.3909618992,[std] INSEE-shaped generational proxy
F,1951,112,0.4257026332,[std] INSEE-shaped generational proxy
F,1951,113,0.4622180711,[std] INSEE-shaped generational proxy
F,1951,114,0.5003172713,[std] INSEE-shaped generational proxy
F,1951,115,0.5397428902,[std] INSEE-shaped generational proxy
F,1951,116,0.5801670745,[std] INSEE-shaped generational proxy
F,1951,117,0.6211904007,[std] INSEE-shaped generational proxy
F,1951,118,0.6623449861,[std] INSEE-shaped generational proxy
F,1951,119,0.7031028855,[std] INSEE-shaped generational proxy
F,1951,120,1.0000000000,[std] INSEE-shaped generational proxy
F,1952,50,0.0008128819,[std] INSEE-shaped generational proxy
F,1952,51,0.0008755511,[std] INSEE-shaped generational proxy
F,1952,52,0.0009456428,[std] INSEE-shaped generational proxy
F,1952,53,0.0010240354,[std] INSEE-shaped generational proxy
F,1952,54,0.0011117113,[std] INSEE-shaped generational proxy
F,1952,55,0.0012097688,[std] INSEE-shaped generational proxy
F,1952,56,0.0013194360,[std] INSEE-shaped generational proxy
F,1952,57,0.0014420858,[std] INSEE-shaped generational proxy
F,1952,58,0.0015792534,[std] INSEE-shaped generational proxy
F,1952,59,0.0017326548,[std] INSEE-shaped generational proxy
F,1952,60,0.0019042083,[std] INSEE-shaped generational proxy
F,1952,61,0.0020960582,[std] INSEE-shaped generational proxy
F,1952,62,0.0023106011,[std] INSEE-shaped generational proxy
F,1952,63,0.0025505154,[std] INSEE-shaped generational proxy
F,1952,64,0.0028187942,[std] INSEE-shaped generational proxy
F,1952,65,0.0031187821,[std] INSEE-shaped generational proxy
F,1952,66,0.0034542155,[std] INSEE-shaped generational proxy
F,1952,67,0.0038292683,[std] INSEE-shaped generational proxy
F,1952,68,0.0042486025,[std] INSEE-shaped generational proxy
F,1952,69,0.0047174241,[std] INSEE-shaped generational proxy
F,1952,70,0.0052415455,[std] INSEE-shaped generational proxy
F,1952,71,0.0058274550,[std] INSEE-shaped generational proxy
F,1952,72,0.0064823935,[std] INSEE-shaped generational proxy
F,1952,73,0.0072144394,[std] INSEE-shaped generational proxy
F,1952,74,0.0080326032,[std] INSEE-shaped generational proxy
F,1952,75,0.0089469311,[std] INSEE-shaped generational proxy
F,1952,76,0.0099686201,[std] INSEE-shaped generational proxy
F,1952,77,0.0111101445,[std] INSEE-shaped generational proxy
F,1952,78,0.0123853950,[std] INSEE-shaped generational proxy
F,1952,79,0.0138098306,[std] INSEE-shaped generational proxy
F,1952,80,0.0154006462,[std] INSEE-shaped generational proxy
F,1952,81,0.0171769539,[std] INSEE-shaped generational proxy
F,1952,82,0.0191599802,[std] INSEE-shaped generational proxy
F,1952,83,0.0213732806,[std] INSEE-shaped generational proxy
F,1952,84,0.0238429687,[std] INSEE-shaped generational proxy
F,1952,85,0.0265979631,[std] INSEE-shaped generational proxy
F,1952,86,0.0296702486,[std] INSEE-shaped generational proxy
F,1952,87,0.0330951521,[std] INSEE-shaped generational proxy
F,1952,88,0.0369116302,[std] INSEE-shaped generational proxy
F,1952,89,0.0411625650,[std] INSEE-shaped generational proxy
F,1952,90,0.0458950639,[std] INSEE-shaped generational proxy
F,1952,91,0.0511607558,[std] INSEE-shaped generational proxy
F,1952,92,0.0570160758,[std] INSEE-shaped generational proxy
F,1952,93,0.0635225265,[std] INSEE-shaped generational proxy
F,1952,94,0.0707469002,[std] INSEE-shaped generational proxy
F,1952,95,0.0787614447,[std] INSEE-shaped generational proxy
F,1952,96,0.0876439472,[std] INSEE-shaped generational proxy
F,1952,97,0.0974777085,[std] INSEE-shaped generational proxy
F,1952,98,0.1083513716,[std] INSEE-shaped generational proxy
F,1952,99,0.1203585618,[std] INSEE-shaped generational proxy
F,1952,100,0.1335972892,[std] INSEE-shaped generational proxy
F,1952,101,0.1481690532,[std] INSEE-shaped generational proxy
F,1952,102,0.1641775859,[std] INSEE-shaped generational proxy
F,1952,103,0.1817271569,[std] INSEE-shaped generational proxy
F,1952,104,0.2009203644,[std] INSEE-shaped generational proxy
F,1952,105,0.2218553277,[std] INSEE-shaped generational proxy
F,1952,106,0.2446222049,[std] INSEE-shaped generational proxy
F,1952,107,0.2692989650,[std] INSEE-shaped generational proxy
F,1952,108,0.2959463684,[std] INSEE-shaped generational proxy
F,1952,109,0.3246021414,[std] INSEE-shaped generational proxy
F,1952,110,0.3552743850,[std] INSEE-shaped generational proxy
F,1952,111,0.3879343346,[std] INSEE-shaped generational proxy
F,1952,112,0.4225086855,[std] INSEE-shaped generational proxy
F,1952,113,0.4588718307,[std] INSEE-shaped generational proxy
F,1952,114,0.4968385093,[std] INSEE-shaped generational proxy
F,1952,115,0.5361575404,[std] INSEE-shaped generational proxy
F,1952,116,0.5765074933,[std] INSEE-shaped generational proxy
F,1952,117,0.6174953086,[std] INSEE-shaped generational proxy
F,1952,118,0.6586589886,[std] INSEE-shaped generational proxy
F,1952,119,0.6994754766,[std] INSEE-shaped generational proxy
F,1952,120,1.0000000000,[std] INSEE-shaped generational proxy
F,1953,50,0.0008047563,[std] INSEE-shaped generational proxy
F,1953,51,0.0008667994,[std] INSEE-shaped generational proxy
F,1953,52,0.0009361908,[std] INSEE-shaped generational proxy
F,1953,53,0.0010138003,[std] INSEE-shaped generational proxy
F,1953,54,0.0011006003,[std] INSEE-shaped generational proxy
F,1953,55,0.0011976784,[std] INSEE-shaped generational proxy
F,1953,56,0.0013062502,[std] INSEE-shaped generational proxy
F,1953,57,0.0014276753,[std] INSEE-shaped generational proxy
F,1953,58,0.0015634732,[std] INSEE-shaped generational proxy
F,1953,59,0.0017153431,[std] INSEE-shaped generational proxy
F,1953,60,0.0018851842,[std] INSEE-shaped generational proxy
F,1953,61,0.0020751194,[std] INSEE-shaped generational proxy
F,1953,62,0.0022875215,[std] INSEE-shaped generational proxy
F,1953,63,0.0025250424,[std] INSEE-shaped generational proxy
F,1953,64,0.0027906457,[std] INSEE-shaped generational proxy
F,1953,65,0.0030876425,[std] INSEE-shaped generational proxy
F,1953,66,0.0034197325,[std] INSEE-shaped generational proxy
F,1953,67,0.0037910483,[std] INSEE-shaped generational proxy
F,1953,68,0.0042062060,[std] INSEE-shaped generational proxy
F,1953,69,0.0046703602,[std] INSEE-shaped generational proxy
F,1953,70,0.0051892663,[std] INSEE-shaped generational proxy
F,1953,71,0.0057693489,[std] INSEE-shaped generational proxy
F,1953,72,0.0064177780,[std] INSEE-shaped generational proxy
F,1953,73,0.0071425533,[std] INSEE-shaped generational proxy
F,1953,74,0.0079525974,[std] INSEE-shaped generational proxy
F,1953,75,0.0088578592,[std] INSEE-shaped generational proxy
F,1953,76,0.0098694274,[std] INSEE-shaped generational proxy
F,1953,77,0.0109996564,[std] INSEE-shaped generational proxy
F,1953,78,0.0122623035,[std] INSEE-shaped generational proxy
F,1953,79,0.0136726807,[std] INSEE-shaped generational proxy
F,1953,80,0.0152478200,[std] INSEE-shaped generational proxy
F,1953,81,0.0170066533,[std] INSEE-shaped generational proxy
F,1953,82,0.0189702094,[std] INSEE-shaped generational proxy
F,1953,83,0.0211618255,[std] INSEE-shaped generational proxy
F,1953,84,0.0236073759,[std] INSEE-shaped generational proxy
F,1953,85,0.0263355172,[std] INSEE-shaped generational proxy
F,1953,86,0.0293779479,[std] INSEE-shaped generational proxy
F,1953,87,0.0327696837,[std] INSEE-shaped generational proxy
F,1953,88,0.0365493435,[std] INSEE-shaped generational proxy
F,1953,89,0.0407594451,[std] INSEE-shaped generational proxy
F,1953,90,0.0454467047,[std] INSEE-shaped generational proxy
F,1953,91,0.0506623335,[std] INSEE-shaped generational proxy
F,1953,92,0.0564623247,[std] INSEE-shaped generational proxy
F,1953,93,0.0629077163,[std] INSEE-shaped generational proxy
F,1953,94,0.0700648186,[std] INSEE-shaped generational proxy
F,1953,95,0.0780053850,[std] INSEE-shaped generational proxy
F,1953,96,0.0868067051,[std] INSEE-shaped generational proxy
F,1953,97,0.0965515897,[std] INSEE-shaped generational proxy
F,1953,98,0.1073282143,[std] INSEE-shaped generational proxy
F,1953,99,0.1192297780,[std] INSEE-shaped generational proxy
F,1953,100,0.1323539291,[std] INSEE-shaped generational proxy
F,1953,101,0.1468018999,[std] INSEE-shaped generational proxy
F,1953,102,0.1626772845,[std] INSEE-shaped generational proxy
F,1953,103,0.1800843866,[std] INSEE-shaped generational proxy
F,1953,104,0.1991260598,[std] INSEE-shaped generational proxy
F,1953,105,0.2199009575,[std] INSEE-shaped generational proxy
F,1953,106,0.2425001134,[std] INSEE-shaped generational proxy
F,1953,107,0.2670027838,[std] INSEE-shaped generational proxy
F,1953,108,0.2934714994,[std] INSEE-shaped generational proxy
F,1953,109,0.3219463119,[std] INSEE-shaped generational proxy
F,1953,110,0.3524382682,[std] INSEE-shaped generational proxy
F,1953,111,0.3849222207,[std] INSEE-shaped generational proxy
F,1953,112,0.4193291801,[std] INSEE-shaped generational proxy
F,1953,113,0.4555385430,[std] INSEE-shaped generational proxy
F,1953,114,0.4933706786,[std] INSEE-shaped generational proxy
F,1953,115,0.5325805329,[std] INSEE-shaped generational proxy
F,1953,116,0.5728530861,[std] INSEE-shaped generational proxy
F,1953,117,0.6138016638,[std] INSEE-shaped generational proxy
F,1953,118,0.6549702160,[std] INSEE-shaped generational proxy
F,1953,119,0.6958406875,[std] INSEE-shaped generational proxy
F,1953,120,1.0000000000,[std] INSEE-shaped generational proxy
F,1954,50,0.0007967120,[std] INSEE-shaped generational proxy
F,1954,51,0.0008581351,[std] INSEE-shaped generational proxy
F,1954,52,0.0009268332,[std] INSEE-shaped generational proxy
F,1954,53,0.0010036674,[std] INSEE-shaped generational proxy
F,1954,54,0.0010896003,[std] INSEE-shaped generational proxy
F,1954,55,0.0011857087,[std] INSEE-shaped generational proxy
F,1954,56,0.0012931962,[std] INSEE-shaped generational proxy
F,1954,57,0.0014134086,[std] INSEE-shaped generational proxy
F,1954,58,0.0015478506,[std] INSEE-shaped generational proxy
F,1954,59,0.0016982043,[std] INSEE-shaped generational proxy
F,1954,60,0.0018663500,[std] INSEE-shaped generational proxy
F,1954,61,0.0020543895,[std] INSEE-shaped generational proxy
F,1954,62,0.0022646722,[std] INSEE-shaped generational proxy
F,1954,63,0.0024998236,[std] INSEE-shaped generational proxy
F,1954,64,0.0027627778,[std] INSEE-shaped generational proxy
F,1954,65,0.0030568133,[std] INSEE-shaped generational proxy
F,1954,66,0.0033855931,[std] INSEE-shaped generational proxy
F,1954,67,0.0037532091,[std] INSEE-shaped generational proxy
F,1954,68,0.0041642316,[std] INSEE-shaped generational proxy
F,1954,69,0.0046237647,[std] INSEE-shaped generational proxy
F,1954,70,0.0051375071,[std] INSEE-shaped generational proxy
F,1954,71,0.0057118205,[std] INSEE-shaped generational proxy
F,1954,72,0.0063538046,[std] INSEE-shaped generational proxy
F,1954,73,0.0070713809,[std] INSEE-shaped generational proxy
F,1954,74,0.0078733854,[std] INSEE-shaped generational proxy
F,1954,75,0.0087696702,[std] INSEE-shaped generational proxy
F,1954,76,0.0097712169,[std] INSEE-shaped generational proxy
F,1954,77,0.0108902610,[std] INSEE-shaped generational proxy
F,1954,78,0.0121404279,[std] INSEE-shaped generational proxy
F,1954,79,0.0135368836,[std] INSEE-shaped generational proxy
F,1954,80,0.0150964986,[std] INSEE-shaped generational proxy
F,1954,81,0.0168380267,[std] INSEE-shaped generational proxy
F,1954,82,0.0187823002,[std] INSEE-shaped generational proxy
F,1954,83,0.0209524399,[std] INSEE-shaped generational proxy
F,1954,84,0.0233740830,[std] INSEE-shaped generational proxy
F,1954,85,0.0260756260,[std] INSEE-shaped generational proxy
F,1954,86,0.0290884835,[std] INSEE-shaped generational proxy
F,1954,87,0.0324473620,[std] INSEE-shaped generational proxy
F,1954,88,0.0361905454,[std] INSEE-shaped generational proxy
F,1954,89,0.0403601895,[std] INSEE-shaped generational proxy
F,1954,90,0.0450026215,[std] INSEE-shaped generational proxy
F,1954,91,0.0501686376,[std] INSEE-shaped generational proxy
F,1954,92,0.0559137908,[std] INSEE-shaped generational proxy
F,1954,93,0.0622986567,[std] INSEE-shaped generational proxy
F,1954,94,0.0693890646,[std] INSEE-shaped generational proxy
F,1954,95,0.0772562746,[std] INSEE-shaped generational proxy
F,1954,96,0.0859770786,[std] INSEE-shaped generational proxy
F,1954,97,0.0956337960,[std] INSEE-shaped generational proxy
F,1954,98,0.1063141322,[std] INSEE-shaped generational proxy
F,1954,99,0.1181108552,[std] INSEE-shaped generational proxy
F,1954,100,0.1311212450,[std] INSEE-shaped generational proxy
F,1954,101,0.1454462568,[std] INSEE-shaped generational proxy
F,1954,102,0.1611893333,[std] INSEE-shaped generational proxy
F,1954,103,0.1784547953,[std] INSEE-shaped generational proxy
F,1954,104,0.1973457296,[std] INSEE-shaped generational proxy
F,1954,105,0.2179612959,[std] INSEE-shaped generational proxy
F,1954,106,0.2403933705,[std] INSEE-shaped generational proxy
F,1954,107,0.2647224567,[std] INSEE-shaped generational proxy
F,1954,108,0.2910128096,[std] INSEE-shaped generational proxy
F,1954,109,0.3193067536,[std] INSEE-shaped generational proxy
F,1954,110,0.3496182233,[std] INSEE-shaped generational proxy
F,1954,111,0.3819256265,[std] INSEE-shaped generational proxy
F,1954,112,0.4161642264,[std] INSEE-shaped generational proxy
F,1954,113,0.4522183629,[std] INSEE-shaped generational proxy
F,1954,114,0.4899139835,[std] INSEE-shaped generational proxy
F,1954,115,0.5290121239,[std] INSEE-shaped generational proxy
F,1954,116,0.5692041606,[std] INSEE-shaped generational proxy
F,1954,117,0.6101098222,[std] INSEE-shaped generational proxy
F,1954,118,0.6512790650,[std] INSEE-shaped generational proxy
F,1954,119,0.6921989431,[std] INSEE-shaped generational proxy
F,1954,120,1.0000000000,[std] INSEE-shaped generational proxy
F,1955,50,0.0007887480,[std] INSEE-shaped generational proxy
F,1955,51,0.0008495574,[std] INSEE-shaped generational proxy
F,1955,52,0.0009175692,[std] INSEE-shaped generational proxy
F,1955,53,0.0009936357,[std] INSEE-shaped generational proxy
F,1955,54,0.0010787102,[std] INSEE-shaped generational proxy
F,1955,55,0.0011738586,[std] INSEE-shaped generational proxy
F,1955,56,0.0012802725,[std] INSEE-shaped generational proxy
F,1955,57,0.0013992844,[std] INSEE-shaped generational proxy
F,1955,58,0.0015323840,[std] INSEE-shaped generational proxy
F,1955,59,0.0016812365,[std] INSEE-shaped generational proxy
F,1955,60,0.0018477037,[std] INSEE-shaped generational proxy
F,1955,61,0.0020338665,[std] INSEE-shaped generational proxy
F,1955,62,0.0022420509,[std] INSEE-shaped generational proxy
F,1955,63,0.0024748563,[std] INSEE-shaped generational proxy
F,1955,64,0.0027351878,[std] INSEE-shaped generational proxy
F,1955,65,0.0030262915,[std] INSEE-shaped generational proxy
F,1955,66,0.0033517940,[std] INSEE-shaped generational proxy
F,1955,67,0.0037157468,[std] INSEE-shaped generational proxy
F,1955,68,0.0041226753,[std] INSEE-shaped generational proxy
F,1955,69,0.0045776330,[std] INSEE-shaped generational proxy
F,1955,70,0.0050862629,[std] INSEE-shaped generational proxy
F,1955,71,0.0056548641,[std] INSEE-shaped generational proxy
F,1955,72,0.0062904668,[std] INSEE-shaped generational proxy
F,1955,73,0.0070009152,[std] INSEE-shaped generational proxy
F,1955,74,0.0077949592,[std] INSEE-shaped generational proxy
F,1955,75,0.0086823553,[std] INSEE-shaped generational proxy
F,1955,76,0.0096739789,[std] INSEE-shaped generational proxy
F,1955,77,0.0107819476,[std] INSEE-shaped generational proxy
F,1955,78,0.0120197562,[std] INSEE-shaped generational proxy
F,1955,79,0.0134024260,[std] INSEE-shaped generational proxy
F,1955,80,0.0149466675,[std] INSEE-shaped generational proxy
F,1955,81,0.0166710579,[std] INSEE-shaped generational proxy
F,1955,82,0.0185962345,[std] INSEE-shaped generational proxy
F,1955,83,0.0207451041,[std] INSEE-shaped generational proxy
F,1955,84,0.0231430682,[std] INSEE-shaped generational proxy
F,1955,85,0.0258182653,[std] INSEE-shaped generational proxy
F,1955,86,0.0288018287,[std] INSEE-shaped generational proxy
F,1955,87,0.0321281578,[std] INSEE-shaped generational proxy
F,1955,88,0.0358352037,[std] INSEE-shaped generational proxy
F,1955,89,0.0399647627,[std] INSEE-shaped generational proxy
F,1955,90,0.0445627756,[std] INSEE-shaped generational proxy
F,1955,91,0.0496796258,[std] INSEE-shaped generational proxy
F,1955,92,0.0553704281,[std] INSEE-shaped generational proxy
F,1955,93,0.0616952978,[std] INSEE-shaped generational proxy
F,1955,94,0.0687195845,[std] INSEE-shaped generational proxy
F,1955,95,0.0765140559,[std] INSEE-shaped generational proxy
F,1955,96,0.0851550059,[std] INSEE-shaped generational proxy
F,1955,97,0.0947242619,[std] INSEE-shaped generational proxy
F,1955,98,0.1053090561,[std] INSEE-shaped generational proxy
F,1955,99,0.1170017214,[std] INSEE-shaped generational proxy
F,1955,100,0.1298991626,[std] INSEE-shaped generational proxy
F,1955,101,0.1441020483,[std] INSEE-shaped generational proxy
F,1955,102,0.1597136571,[std] INSEE-shaped generational proxy
F,1955,103,0.1768383095,[std] INSEE-shaped generational proxy
F,1955,104,0.1955793042,[std] INSEE-shaped generational proxy
F,1955,105,0.2160362802,[std] INSEE-shaped generational proxy
F,1955,106,0.2383019234,[std] INSEE-shaped generational proxy
F,1955,107,0.2624579450,[std] INSEE-shaped generational proxy
F,1955,108,0.2885702785,[std] INSEE-shaped generational proxy
F,1955,109,0.3166834692,[std] INSEE-shaped generational proxy
F,1955,110,0.3468142817,[std] INSEE-shaped generational proxy
F,1955,111,0.3789446177,[std] INSEE-shaped generational proxy
F,1955,112,0.4130139297,[std] INSEE-shaped generational proxy
F,1955,113,0.4489114409,[std] INSEE-shaped generational proxy
F,1955,114,0.4864686237,[std] INSEE-shaped generational proxy
F,1955,115,0.5254525646,[std] INSEE-shaped generational proxy
F,1955,116,0.5655610201,[std] INSEE-shaped generational proxy
F,1955,117,0.6064201358,[std] INSEE-shaped generational proxy
F,1955,118,0.6475859291,[std] INSEE-shaped generational proxy
F,1955,119,0.6885506666,[std] INSEE-shaped generational proxy
F,1955,120,1.0000000000,[std] INSEE-shaped generational proxy
F,1956,50,0.0007808636,[std] INSEE-shaped generational proxy
F,1956,51,0.0008410654,[std] INSEE-shaped generational proxy
F,1956,52,0.0009083976,[std] INSEE-shaped generational proxy
F,1956,53,0.0009837042,[std] INSEE-shaped generational proxy
F,1956,54,0.0010679289,[std] INSEE-shaped generational proxy
F,1956,55,0.0011621268,[std] INSEE-shaped generational proxy
F,1956,56,0.0012674779,[std] INSEE-shaped generational proxy
F,1956,57,0.0013853013,[std] INSEE-shaped generational proxy
F,1956,58,0.0015170718,[std] INSEE-shaped generational proxy
F,1956,59,0.0016644381,[std] INSEE-shaped generational proxy
F,1956,60,0.0018292436,[std] INSEE-shaped generational proxy
F,1956,61,0.0020135483,[std] INSEE-shaped generational proxy
F,1956,62,0.0022196553,[std] INSEE-shaped generational proxy
F,1956,63,0.0024501381,[std] INSEE-shaped generational proxy
F,1956,64,0.0027078730,[std] INSEE-shaped generational proxy
F,1956,65,0.0029960739,[std] INSEE-shaped generational proxy
F,1956,66,0.0033183317,[std] INSEE-shaped generational proxy
F,1956,67,0.0036786578,[std] INSEE-shaped generational proxy
F,1956,68,0.0040815328,[std] INSEE-shaped generational proxy
F,1956,69,0.0045319606,[std] INSEE-shaped generational proxy
F,1956,70,0.0050355286,[std] INSEE-shaped generational proxy
F,1956,71,0.0055984740,[std] INSEE-shaped generational proxy
F,1956,72,0.0062277584,[std] INSEE-shaped generational proxy
F,1956,73,0.0069311493,[std] INSEE-shaped generational proxy
F,1956,74,0.0077173111,[std] INSEE-shaped generational proxy
F,1956,75,0.0085959060,[std] INSEE-shaped generational proxy
F,1956,76,0.0095777039,[std] INSEE-shaped generational proxy
F,1956,77,0.0106747056,[std] INSEE-shaped generational proxy
F,1956,78,0.0119002767,[std] INSEE-shaped generational proxy
F,1956,79,0.0132692949,[std] INSEE-shaped generational proxy
F,1956,80,0.0147983123,[std] INSEE-shaped generational proxy
F,1956,81,0.0165057308,[std] INSEE-shaped generational proxy
F,1956,82,0.0184119948,[std] INSEE-shaped generational proxy
F,1956,83,0.0205397984,[std] INSEE-shaped generational proxy
F,1956,84,0.0229143096,[std] INSEE-shaped generational proxy
F,1956,85,0.0255634113,[std] INSEE-shaped generational proxy
F,1956,86,0.0285179570,[std] INSEE-shaped generational proxy
F,1956,87,0.0318120419,[std] INSEE-shaped generational proxy
F,1956,88,0.0354832864,[std] INSEE-shaped generational proxy
F,1956,89,0.0395731297,[std] INSEE-shaped generational proxy
F,1956,90,0.0441271286,[std] INSEE-shaped generational proxy
F,1956,91,0.0491952560,[std] INSEE-shaped generational proxy
F,1956,92,0.0548321910,[std] INSEE-shaped generational proxy
F,1956,93,0.0610975900,[std] INSEE-shaped generational proxy
F,1956,94,0.0680563247,[std] INSEE-shaped generational proxy
F,1956,95,0.0757786712,[std] INSEE-shaped generational proxy
F,1956,96,0.0843404256,[std] INSEE-shaped generational proxy
F,1956,97,0.0938229220,[std] INSEE-shaped generational proxy
F,1956,98,0.1043129173,[std] INSEE-shaped generational proxy
F,1956,99,0.1159023048,[std] INSEE-shaped generational proxy
F,1956,100,0.1286876079,[std] INSEE-shaped generational proxy
F,1956,101,0.1427691990,[std] INSEE-shaped generational proxy
F,1956,102,0.1582501804,[std] INSEE-shaped generational proxy
F,1956,103,0.1752348555,[std] INSEE-shaped generational proxy
F,1956,104,0.1938267137,[std] INSEE-shaped generational proxy
F,1956,105,0.2141258470,[std] INSEE-shaped generational proxy
F,1956,106,0.2362257184,[std] INSEE-shaped generational proxy
F,1956,107,0.2602092086,[std] INSEE-shaped generational proxy
F,1956,108,0.2861438840,[std] INSEE-shaped generational proxy
F,1956,109,0.3140764592,[std] INSEE-shaped generational proxy
F,1956,110,0.3440264720,[std] INSEE-shaped generational proxy
F,1956,111,0.3759792565,[std] INSEE-shaped generational proxy
F,1956,112,0.4098783919,[std] INSEE-shaped generational proxy
F,1956,113,0.4456179233,[std] INSEE-shaped generational proxy
F,1956,114,0.4830347943,[std] INSEE-shaped generational proxy
F,1956,115,0.5219021019,[std] INSEE-shaped generational proxy
F,1956,116,0.5619239633,[std] INSEE-shaped generational proxy
F,1956,117,0.6027329524,[std] INSEE-shaped generational proxy
F,1956,118,0.6438911984,[std] INSEE-shaped generational proxy
F,1956,119,0.6848962791,[std] INSEE-shaped generational proxy
F,1956,120,1.0000000000,[std] INSEE-shaped generational proxy
F,1957,50,0.0007730580,[std] INSEE-shaped generational proxy
F,1957,51,0.0008326583,[std] INSEE-shaped generational proxy
F,1957,52,0.0008993177,[std] INSEE-shaped generational proxy
F,1957,53,0.0009738720,[std] INSEE-shaped generational proxy
F,1957,54,0.0010572552,[std] INSEE-shaped generational proxy
F,1957,55,0.0011505122,[std] INSEE-shaped generational proxy
F,1957,56,0.0012548111,[std] INSEE-shaped generational proxy
F,1957,57,0.0013714578,[std] INSEE-shaped generational proxy
F,1957,58,0.0015019124,[std] INSEE-shaped generational proxy
F,1957,59,0.0016478075,[std] INSEE-shaped generational proxy
F,1957,60,0.0018109677,[std] INSEE-shaped generational proxy
F,1957,61,0.0019934329,[std] INSEE-shaped generational proxy
F,1957,62,0.0021974831,[std] INSEE-shaped generational proxy
F,1957,63,0.0024256665,[std] INSEE-shaped generational proxy
F,1957,64,0.0026808306,[std] INSEE-shaped generational proxy
F,1957,65,0.0029661577,[std] INSEE-shaped generational proxy
F,1957,66,0.0032852030,[std] INSEE-shaped generational proxy
F,1957,67,0.0036419383,[std] INSEE-shaped generational proxy
F,1957,68,0.0040408000,[std] INSEE-shaped generational proxy
F,1957,69,0.0044867428,[std] INSEE-shaped generational proxy
F,1957,70,0.0049852990,[std] INSEE-shaped generational proxy
F,1957,71,0.0055426447,[std] INSEE-shaped generational proxy
F,1957,72,0.0061656732,[std] INSEE-shaped generational proxy
F,1957,73,0.0068620761,[std] INSEE-shaped generational proxy
F,1957,74,0.0076404336,[std] INSEE-shaped generational proxy
F,1957,75,0.0085103137,[std] INSEE-shaped generational proxy
F,1957,76,0.0094823824,[std] INSEE-shaped generational proxy
F,1957,77,0.0105685247,[std] INSEE-shaped generational proxy
F,1957,78,0.0117819777,[std] INSEE-shaped generational proxy
F,1957,79,0.0131374775,[std] INSEE-shaped generational proxy
F,1957,80,0.0146514186,[std] INSEE-shaped generational proxy
F,1957,81,0.0163420297,[std] INSEE-shaped generational proxy
F,1957,82,0.0182295634,[std] INSEE-shaped generational proxy
F,1957,83,0.0203365033,[std] INSEE-shaped generational proxy
F,1957,84,0.0226877859,[std] INSEE-shaped generational proxy
F,1957,85,0.0253110402,[std] INSEE-shaped generational proxy
F,1957,86,0.0282368424,[std] INSEE-shaped generational proxy
F,1957,87,0.0314989854,[std] INSEE-shaped generational proxy
F,1957,88,0.0351347617,[std] INSEE-shaped generational proxy
F,1957,89,0.0391852556,[std] INSEE-shaped generational proxy
F,1957,90,0.0436956424,[std] INSEE-shaped generational proxy
F,1957,91,0.0487154868,[std] INSEE-shaped generational proxy
F,1957,92,0.0542990342,[std] INSEE-shaped generational proxy
F,1957,93,0.0605054842,[std] INSEE-shaped generational proxy
F,1957,94,0.0673992322,[std] INSEE-shaped generational proxy
F,1957,95,0.0750500635,[std] INSEE-shaped generational proxy
F,1957,96,0.0835332767,[std] INSEE-shaped generational proxy
F,1957,97,0.0929297115,[std] INSEE-shaped generational proxy
F,1957,98,0.1033256474,[std] INSEE-shaped generational proxy
F,1957,99,0.1148125341,[std] INSEE-shaped generational proxy
F,1957,100,0.1274865070,[std] INSEE-shaped generational proxy
F,1957,101,0.1414476337,[std] INSEE-shaped generational proxy
F,1957,102,0.1567988277,[std] INSEE-shaped generational proxy
F,1957,103,0.1736443593,[std] INSEE-shaped generational proxy
F,1957,104,0.1920878879,[std] INSEE-shaped generational proxy
F,1957,105,0.2122299323,[std] INSEE-shaped generational proxy
F,1957,106,0.2341647010,[std] INSEE-shaped generational proxy
F,1957,107,0.2579762057,[std] INSEE-shaped generational proxy
F,1957,108,0.2837336017,[std] INSEE-shaped generational proxy
F,1957,109,0.3114857218,[std] INSEE-shaped generational proxy
F,1957,110,0.3412548201,[std] INSEE-shaped generational proxy
F,1957,111,0.3730296020,[std] INSEE-shaped generational proxy
F,1957,112,0.4067577109,[std] INSEE-shaped generational proxy
F,1957,113,0.4423379522,[std] INSEE-shaped generational proxy
F,1957,114,0.4796126860,[std] INSEE-shaped generational proxy
F,1957,115,0.5183609778,[std] INSEE-shaped generational proxy
F,1957,116,0.5582932842,[std] INSEE-shaped generational proxy
F,1957,117,0.5990486156,[std] INSEE-shaped generational proxy
F,1957,118,0.6401952597,[std] INSEE-shaped generational proxy
F,1957,119,0.6812361994,[std] INSEE-shaped generational proxy
F,1957,120,1.0000000000,[std] INSEE-shaped generational proxy
F,1958,50,0.0007653304,[std] INSEE-shaped generational proxy
F,1958,51,0.0008243351,[std] INSEE-shaped generational proxy
F,1958,52,0.0008903286,[std] INSEE-shaped generational proxy
F,1958,53,0.0009641379,[std] INSEE-shaped generational proxy
F,1958,54,0.0010466882,[std] INSEE-shaped generational proxy
F,1958,55,0.0011390137,[std] INSEE-shaped generational proxy
F,1958,56,0.0012422708,[std] INSEE-shaped generational proxy
F,1958,57,0.0013577525,[std] INSEE-shaped generational proxy
F,1958,58,0.0014869045,[std] INSEE-shaped generational proxy
F,1958,59,0.0016313429,[std] INSEE-shaped generational proxy
F,1958,60,0.0017928743,[std] INSEE-shaped generational proxy
F,1958,61,0.0019735183,[std] INSEE-shaped generational proxy
F,1958,62,0.0021755322,[std] INSEE-shaped generational proxy
F,1958,63,0.0024014389,[std] INSEE-shaped generational proxy
F,1958,64,0.0026540579,[std] INSEE-shaped generational proxy
F,1958,65,0.0029365397,[std] INSEE-shaped generational proxy
F,1958,66,0.0032524044,[std] INSEE-shaped generational proxy
F,1958,67,0.0036055846,[std] INSEE-shaped generational proxy
F,1958,68,0.0040004729,[std] INSEE-shaped generational proxy
F,1958,69,0.0044419752,[std] INSEE-shaped generational proxy
F,1958,70,0.0049355693,[std] INSEE-shaped generational proxy
F,1958,71,0.0054873706,[std] INSEE-shaped generational proxy
F,1958,72,0.0061042050,[std] INSEE-shaped generational proxy
F,1958,73,0.0067936890,[std] INSEE-shaped generational proxy
F,1958,74,0.0075643190,[std] INSEE-shaped generational proxy
F,1958,75,0.0084255701,[std] INSEE-shaped generational proxy
F,1958,76,0.0093880051,[std] INSEE-shaped generational proxy
F,1958,77,0.0104633943,[std] INSEE-shaped generational proxy
F,1958,78,0.0116648478,[std] INSEE-shaped generational proxy
F,1958,79,0.0130069608,[std] INSEE-shaped generational proxy
F,1958,80,0.0145059723,[std] INSEE-shaped generational proxy
F,1958,81,0.0161799387,[std] INSEE-shaped generational proxy
F,1958,82,0.0180489230,[std] INSEE-shaped generational proxy
F,1958,83,0.0201351996,[std] INSEE-shaped generational proxy
F,1958,84,0.0224634756,[std] INSEE-shaped generational proxy
F,1958,85,0.0250611284,[std] INSEE-shaped generational proxy
F,1958,86,0.0279584588,[std] INSEE-shaped generational proxy
F,1958,87,0.0311889598,[std] INSEE-shaped generational proxy
F,1958,88,0.0347895982,[std] INSEE-shaped generational proxy
F,1958,89,0.0388011060,[std] INSEE-shaped generational proxy
F,1958,90,0.0432682793,[std] INSEE-shaped generational proxy
F,1958,91,0.0482402768,[std] INSEE-shaped generational proxy
F,1958,92,0.0537709127,[std] INSEE-shaped generational proxy
F,1958,93,0.0599189317,[std] INSEE-shaped generational proxy
F,1958,94,0.0667482543,[std] INSEE-shaped generational proxy
F,1958,95,0.0743281761,[std] INSEE-shaped generational proxy
F,1958,96,0.0827334984,[std] INSEE-shaped generational proxy
F,1958,97,0.0920445658,[std] INSEE-shaped generational proxy
F,1958,98,0.1023471783,[std] INSEE-shaped generational proxy
F,1958,99,0.1137323378,[std] INSEE-shaped generational proxy
F,1958,100,0.1262957861,[std] INSEE-shaped generational proxy
F,1958,101,0.1401372772,[std] INSEE-shaped generational proxy
F,1958,102,0.1553595235,[std] INSEE-shaped generational proxy
F,1958,103,0.1720667469,[std] INSEE-shaped generational proxy
F,1958,104,0.1903627560,[std] INSEE-shaped generational proxy
F,1958,105,0.2103484713,[std] INSEE-shaped generational proxy
F,1958,106,0.2321188153,[std] INSEE-shaped generational proxy
F,1958,107,0.2557588936,[std] INSEE-shaped generational proxy
F,1958,108,0.2813394059,[std] INSEE-shaped generational proxy
F,1958,109,0.3089112530,[std] INSEE-shaped generational proxy
F,1958,110,0.3384993489,[std] INSEE-shaped generational proxy
F,1958,111,0.3700957102,[std] INSEE-shaped generational proxy
F,1958,112,0.4036519809,[std] INSEE-shaped generational proxy
F,1958,113,0.4390716656,[std] INSEE-shaped generational proxy
F,1958,114,0.4762024849,[std] INSEE-shaped generational proxy
F,1958,115,0.5148294297,[std] INSEE-shaped generational proxy
F,1958,116,0.5546692722,[std] INSEE-shaped generational proxy
F,1958,117,0.5953674647,[std] INSEE-shaped generational proxy
F,1958,118,0.6364984961,[std] INSEE-shaped generational proxy
F,1958,119,0.6775708441,[std] INSEE-shaped generational proxy
F,1958,120,1.0000000000,[std] INSEE-shaped generational proxy
F,1959,50,0.0007576800,[std] INSEE-shaped generational proxy
F,1959,51,0.0008160951,[std] INSEE-shaped generational proxy
F,1959,52,0.0008814292,[std] INSEE-shaped generational proxy
F,1959,53,0.0009545012,[std] INSEE-shaped generational proxy
F,1959,54,0.0010362267,[std] INSEE-shaped generational proxy
F,1959,55,0.0011276299,[std] INSEE-shaped generational proxy
F,1959,56,0.0012298557,[std] INSEE-shaped generational proxy
F,1959,57,0.0013441841,[std] INSEE-shaped generational proxy
F,1959,58,0.0014720464,[std] INSEE-shaped generational proxy
F,1959,59,0.0016150426,[std] INSEE-shaped generational proxy
F,1959,60,0.0017749615,[std] INSEE-shaped generational proxy
F,1959,61,0.0019538024,[std] INSEE-shaped generational proxy
F,1959,62,0.0021538003,[std] INSEE-shaped generational proxy
F,1959,63,0.0023774531,[std] INSEE-shaped generational proxy
F,1959,64,0.0026275522,[std] INSEE-shaped generational proxy
F,1959,65,0.0029072170,[std] INSEE-shaped generational proxy
F,1959,66,0.0032199328,[std] INSEE-shaped generational proxy
F,1959,67,0.0035695932,[std] INSEE-shaped generational proxy
F,1959,68,0.0039605475,[std] INSEE-shaped generational proxy
F,1959,69,0.0043976532,[std] INSEE-shaped generational proxy
F,1959,70,0.0048863343,[std] INSEE-shaped generational proxy
F,1959,71,0.0054326463,[std] INSEE-shaped generational proxy
F,1959,72,0.0060433478,[std] INSEE-shaped generational proxy
F,1959,73,0.0067259811,[std] INSEE-shaped generational proxy
F,1959,74,0.0074889597,[std] INSEE-shaped generational proxy
F,1959,75,0.0083416668,[std] INSEE-shaped generational proxy
F,1959,76,0.0092945627,[std] INSEE-shaped generational proxy
F,1959,77,0.0103593042,[std] INSEE-shaped generational proxy
F,1959,78,0.0115488755,[std] INSEE-shaped generational proxy
F,1959,79,0.0128777323,[std] INSEE-shaped generational proxy
F,1959,80,0.0143619593,[std] INSEE-shaped generational proxy
F,1959,81,0.0160194422,[std] INSEE-shaped generational proxy
F,1959,82,0.0178700561,[std] INSEE-shaped generational proxy
F,1959,83,0.0199358682,[std] INSEE-shaped generational proxy
F,1959,84,0.0222413578,[std] INSEE-shaped generational proxy
F,1959,85,0.0248136525,[std] INSEE-shaped generational proxy
F,1959,86,0.0276827804,[std] INSEE-shaped generational proxy
F,1959,87,0.0308819367,[std] INSEE-shaped generational proxy
F,1959,88,0.0344477647,[std] INSEE-shaped generational proxy
F,1959,89,0.0384206466,[std] INSEE-shaped generational proxy
F,1959,90,0.0428450016,[std] INSEE-shaped generational proxy
F,1959,91,0.0477695850,[std] INSEE-shaped generational proxy
F,1959,92,0.0532477819,[std] INSEE-shaped generational proxy
F,1959,93,0.0593378839,[std] INSEE-shaped generational proxy
F,1959,94,0.0661033386,[std] INSEE-shaped generational proxy
F,1959,95,0.0736129526,[std] INSEE-shaped generational proxy
F,1959,96,0.0819410303,[std] INSEE-shaped generational proxy
F,1959,97,0.0911674208,[std] INSEE-shaped generational proxy
F,1959,98,0.1013774420,[std] INSEE-shaped generational proxy
F,1959,99,0.1126616450,[std] INSEE-shaped generational proxy
F,1959,100,0.1251153718,[std] INSEE-shaped generational proxy
F,1959,101,0.1388380541,[std] INSEE-shaped generational proxy
F,1959,102,0.1539321923,[std] INSEE-shaped generational proxy
F,1959,103,0.1705019437,[std] INSEE-shaped generational proxy
F,1959,104,0.1886512469,[std] INSEE-shaped generational proxy
F,1959,105,0.2084813986,[std] INSEE-shaped generational proxy
F,1959,106,0.2300880048,[std] INSEE-shaped generational proxy
F,1959,107,0.2535572279,[std] INSEE-shaped generational proxy
F,1959,108,0.2789612689,[std] INSEE-shaped generational proxy
F,1959,109,0.3063530465,[std] INSEE-shaped generational proxy
F,1959,110,0.3357600791,[std] INSEE-shaped generational proxy
F,1959,111,0.3671776337,[std] INSEE-shaped generational proxy
F,1959,112,0.4005612924,[std] INSEE-shaped generational proxy
F,1959,113,0.4358191972,[std] INSEE-shaped generational proxy
F,1959,114,0.4728043727,[std] INSEE-shaped generational proxy
F,1959,115,0.5113076902,[std] INSEE-shaped generational proxy
F,1959,116,0.5510522123,[std] INSEE-shaped generational proxy
F,1959,117,0.5916898348,[std] INSEE-shaped generational proxy
F,1959,118,0.6328012875,[std] INSEE-shaped generational proxy
F,1959,119,0.6739006274,[std] INSEE-shaped generational proxy
F,1959,120,1.0000000000,[std] INSEE-shaped generational proxy
F,1960,50,0.0007501060,[std] INSEE-shaped generational proxy
F,1960,51,0.0008079375,[std] INSEE-shaped generational proxy
F,1960,52,0.0008726188,[std] INSEE-shaped generational proxy
F,1960,53,0.0009449607,[std] INSEE-shaped generational proxy
F,1960,54,0.0010258698,[std] INSEE-shaped generational proxy
F,1960,55,0.0011163599,[std] INSEE-shaped generational proxy
F,1960,56,0.0012175646,[std] INSEE-shaped generational proxy
F,1960,57,0.0013307512,[std] INSEE-shaped generational proxy
F,1960,58,0.0014573367,[std] INSEE-shaped generational proxy
F,1960,59,0.0015989051,[std] INSEE-shaped generational proxy
F,1960,60,0.0017572275,[std] INSEE-shaped generational proxy
F,1960,61,0.0019342833,[std] INSEE-shaped generational proxy
F,1960,62,0.0021322853,[std] INSEE-shaped generational proxy
F,1960,63,0.0023537066,[std] INSEE-shaped generational proxy
F,1960,64,0.0026013109,[std] INSEE-shaped generational proxy
F,1960,65,0.0028781867,[std] INSEE-shaped generational proxy
F,1960,66,0.0031877848,[std] INSEE-shaped generational proxy
F,1960,67,0.0035339604,[std] INSEE-shaped generational proxy
F,1960,68,0.0039210198,[std] INSEE-shaped generational proxy
F,1960,69,0.0043537726,[std] INSEE-shaped generational proxy
F,1960,70,0.0048375894,[std] INSEE-shaped generational proxy
F,1960,71,0.0053784662,[std] INSEE-shaped generational proxy
F,1960,72,0.0059830955,[std] INSEE-shaped generational proxy
F,1960,73,0.0066589457,[std] INSEE-shaped generational proxy
F,1960,74,0.0074143485,[std] INSEE-shaped generational proxy
F,1960,75,0.0082585956,[std] INSEE-shaped generational proxy
F,1960,76,0.0092020461,[std] INSEE-shaped generational proxy
F,1960,77,0.0102562442,[std] INSEE-shaped generational proxy
F,1960,78,0.0114340496,[std] INSEE-shaped generational proxy
F,1960,79,0.0127497795,[std] INSEE-shaped generational proxy
F,1960,80,0.0142193657,[std] INSEE-shaped generational proxy
F,1960,81,0.0158605250,[std] INSEE-shaped generational proxy
F,1960,82,0.0176929459,[std] INSEE-shaped generational proxy
F,1960,83,0.0197384902,[std] INSEE-shaped generational proxy
F,1960,84,0.0220214114,[std] INSEE-shaped generational proxy
F,1960,85,0.0245685896,[std] INSEE-shaped generational proxy
F,1960,86,0.0274097818,[std] INSEE-shaped generational proxy
F,1960,87,0.0305778880,[std] INSEE-shaped generational proxy
F,1960,88,0.0341092303,[std] INSEE-shaped generational proxy
F,1960,89,0.0380438435,[std] INSEE-shaped generational proxy
F,1960,90,0.0424257722,[std] INSEE-shaped generational proxy
F,1960,91,0.0473033709,[std] INSEE-shaped generational proxy
F,1960,92,0.0527295975,[std] INSEE-shaped generational proxy
F,1960,93,0.0587622929,[std] INSEE-shaped generational proxy
F,1960,94,0.0654644330,[std] INSEE-shaped generational proxy
F,1960,95,0.0729043370,[std] INSEE-shaped generational proxy
F,1960,96,0.0811558126,[std] INSEE-shaped generational proxy
F,1960,97,0.0902982125,[std] INSEE-shaped generational proxy
F,1960,98,0.1004163712,[std] INSEE-shaped generational proxy
F,1960,99,0.1116003850,[std] INSEE-shaped generational proxy
F,1960,100,0.1239451906,[std] INSEE-shaped generational proxy
F,1960,101,0.1375498896,[std] INSEE-shaped generational proxy
F,1960,102,0.1525167584,[std] INSEE-shaped generational proxy
F,1960,103,0.1689498754,[std] INSEE-shaped generational proxy
F,1960,104,0.1869532889,[std] INSEE-shaped generational proxy
F,1960,105,0.2066286480,[std] INSEE-shaped generational proxy
F,1960,106,0.2280722118,[std] INSEE-shaped generational proxy
F,1960,107,0.2513711632,[std] INSEE-shaped generational proxy
F,1960,108,0.2765991615,[std] INSEE-shaped generational proxy
F,1960,109,0.3038110940,[std] INSEE-shaped generational proxy
F,1960,110,0.3330370284,[std] INSEE-shaped generational proxy
F,1960,111,0.3642754221,[std] INSEE-shaped generational proxy
F,1960,112,0.3974857326,[std] INSEE-shaped generational proxy
F,1960,113,0.4325806768,[std] INSEE-shaped generational proxy
F,1960,114,0.4694185265,[std] INSEE-shaped generational proxy
F,1960,115,0.5077959875,[std] INSEE-shaped generational proxy
F,1960,116,0.5474423845,[std] INSEE-shaped generational proxy
F,1960,117,0.5880160566,[std] INSEE-shaped generational proxy
F,1960,118,0.6291040096,[std] INSEE-shaped generational proxy
F,1960,119,0.6702259609,[std] INSEE-shaped generational proxy
F,1960,120,1.0000000000,[std] INSEE-shaped generational proxy
F,1961,50,0.0007426077,[std] INSEE-shaped generational proxy
F,1961,51,0.0007998613,[std] INSEE-shaped generational proxy
F,1961,52,0.0008638964,[std] INSEE-shaped generational proxy
F,1961,53,0.0009355155,[std] INSEE-shaped generational proxy
F,1961,54,0.0010156163,[std] INSEE-shaped generational proxy
F,1961,55,0.0011052025,[std] INSEE-shaped generational proxy
F,1961,56,0.0012053963,[std] INSEE-shaped generational proxy
F,1961,57,0.0013174525,[std] INSEE-shaped generational proxy
F,1961,58,0.0014427738,[std] INSEE-shaped generational proxy
F,1961,59,0.0015829287,[std] INSEE-shaped generational proxy
F,1961,60,0.0017396705,[std] INSEE-shaped generational proxy
F,1961,61,0.0019149590,[std] INSEE-shaped generational proxy
F,1961,62,0.0021109850,[std] INSEE-shaped generational proxy
F,1961,63,0.0023301970,[std] INSEE-shaped generational proxy
F,1961,64,0.0025753313,[std] INSEE-shaped generational proxy
F,1961,65,0.0028494459,[std] INSEE-shaped generational proxy
F,1961,66,0.0031559573,[std] INSEE-shaped generational proxy
F,1961,67,0.0034986827,[std] INSEE-shaped generational proxy
F,1961,68,0.0038818858,[std] INSEE-shaped generational proxy
F,1961,69,0.0043103288,[std] INSEE-shaped generational proxy
F,1961,70,0.0047893295,[std] INSEE-shaped generational proxy
F,1961,71,0.0053248249,[std] INSEE-shaped generational proxy
F,1961,72,0.0059234421,[std] INSEE-shaped generational proxy
F,1961,73,0.0065925763,[std] INSEE-shaped generational proxy
F,1961,74,0.0073404778,[std] INSEE-shaped generational proxy
F,1961,75,0.0081763482,[std] INSEE-shaped generational proxy
F,1961,76,0.0091104461,[std] INSEE-shaped generational proxy
F,1961,77,0.0101542043,[std] INSEE-shaped generational proxy
F,1961,78,0.0113203588,[std] INSEE-shaped generational proxy
F,1961,79,0.0126230898,[std] INSEE-shaped generational proxy
F,1961,80,0.0140781777,[std] INSEE-shaped generational proxy
F,1961,81,0.0157031717,[std] INSEE-shaped generational proxy
F,1961,82,0.0175175753,[std] INSEE-shaped generational proxy
F,1961,83,0.0195430468,[std] INSEE-shaped generational proxy
F,1961,84,0.0218036158,[std] INSEE-shaped generational proxy
F,1961,85,0.0243259166,[std] INSEE-shaped generational proxy
F,1961,86,0.0271394377,[std] INSEE-shaped generational proxy
F,1961,87,0.0302767858,[std] INSEE-shaped generational proxy
F,1961,88,0.0337739643,[std] INSEE-shaped generational proxy
F,1961,89,0.0376706629,[std] INSEE-shaped generational proxy
F,1961,90,0.0420105543,[std] INSEE-shaped generational proxy
F,1961,91,0.0468415941,[std] INSEE-shaped generational proxy
F,1961,92,0.0522163156,[std] INSEE-shaped generational proxy
F,1961,93,0.0581921109,[std] INSEE-shaped generational proxy
F,1961,94,0.0648314859,[std] INSEE-shaped generational proxy
F,1961,95,0.0722022735,[std] INSEE-shaped generational proxy
F,1961,96,0.0803777854,[std] INSEE-shaped generational proxy
F,1961,97,0.0894368774,[std] INSEE-shaped generational proxy
F,1961,98,0.0994638987,[std] INSEE-shaped generational proxy
F,1961,99,0.1105484874,[std] INSEE-shaped generational proxy
F,1961,100,0.1227851696,[std] INSEE-shaped generational proxy
F,1961,101,0.1362727087,[std] INSEE-shaped generational proxy
F,1961,102,0.1511131464,[std] INSEE-shaped generational proxy
F,1961,103,0.1674104670,[std] INSEE-shaped generational proxy
F,1961,104,0.1852688103,[std] INSEE-shaped generational proxy
F,1961,105,0.2047901530,[std] INSEE-shaped generational proxy
F,1961,106,0.2260713779,[std] INSEE-shaped generational proxy
F,1961,107,0.2492006528,[std] INSEE-shaped generational proxy
F,1961,108,0.2742530526,[std] INSEE-shaped generational proxy
F,1961,109,0.3012853851,[std] INSEE-shaped generational proxy
F,1961,110,0.3303302120,[std] INSEE-shaped generational proxy
F,1961,111,0.3613891218,[std] INSEE-shaped generational proxy
F,1961,112,0.3944253846,[std] INSEE-shaped generational proxy
F,1961,113,0.4293562300,[std] INSEE-shaped generational proxy
F,1961,114,0.4660451192,[std] INSEE-shaped generational proxy
F,1961,115,0.5042945448,[std] INSEE-shaped generational proxy
F,1961,116,0.5438400644,[std] INSEE-shaped generational proxy
F,1961,117,0.5843464564,[std] INSEE-shaped generational proxy
F,1961,118,0.6254070350,[std] INSEE-shaped generational proxy
F,1961,119,0.6665472534,[std] INSEE-shaped generational proxy
F,1961,120,1.0000000000,[std] INSEE-shaped generational proxy
F,1962,50,0.0007351844,[std] INSEE-shaped generational proxy
F,1962,51,0.0007918659,[std] INSEE-shaped generational proxy
F,1962,52,0.0008552611,[std] INSEE-shaped generational proxy
F,1962,53,0.0009261647,[std] INSEE-shaped generational proxy
F,1962,54,0.0010054653,[std] INSEE-shaped generational proxy
F,1962,55,0.0010941565,[std] INSEE-shaped generational proxy
F,1962,56,0.0011933495,[std] INSEE-shaped generational proxy
F,1962,57,0.0013042865,[std] INSEE-shaped generational proxy
F,1962,58,0.0014283564,[std] INSEE-shaped generational proxy
F,1962,59,0.0015671118,[std] INSEE-shaped generational proxy
F,1962,60,0.0017222888,[std] INSEE-shaped generational proxy
F,1962,61,0.0018958276,[std] INSEE-shaped generational proxy
F,1962,62,0.0020898972,[std] INSEE-shaped generational proxy
F,1962,63,0.0023069219,[std] INSEE-shaped generational proxy
F,1962,64,0.0025496109,[std] INSEE-shaped generational proxy
F,1962,65,0.0028209917,[std] INSEE-shaped generational proxy
F,1962,66,0.0031244471,[std] INSEE-shaped generational proxy
F,1962,67,0.0034637565,[std] INSEE-shaped generational proxy
F,1962,68,0.0038431416,[std] INSEE-shaped generational proxy
F,1962,69,0.0042673176,[std] INSEE-shaped generational proxy
F,1962,70,0.0047415500,[std] INSEE-shaped generational proxy
F,1962,71,0.0052717173,[std] INSEE-shaped generational proxy
F,1962,72,0.0058643817,[std] INSEE-shaped generational proxy
F,1962,73,0.0065268661,[std] INSEE-shaped generational proxy
F,1962,74,0.0072673404,[std] INSEE-shaped generational proxy
F,1962,75,0.0080949165,[std] INSEE-shaped generational proxy
F,1962,76,0.0090197537,[std] INSEE-shaped generational proxy
F,1962,77,0.0100531744,[std] INSEE-shaped generational proxy
F,1962,78,0.0112077919,[std] INSEE-shaped generational proxy
F,1962,79,0.0124976511,[std] INSEE-shaped generational proxy
F,1962,80,0.0139383816,[std] INSEE-shaped generational proxy
F,1962,81,0.0155473671,[std] INSEE-shaped generational proxy
F,1962,82,0.0173439276,[std] INSEE-shaped generational proxy
F,1962,83,0.0193495194,[std] INSEE-shaped generational proxy
F,1962,84,0.0215879503,[std] INSEE-shaped generational proxy
F,1962,85,0.0240856109,[std] INSEE-shaped generational proxy
F,1962,86,0.0268717230,[std] INSEE-shaped generational proxy
F,1962,87,0.0299786025,[std] INSEE-shaped generational proxy
F,1962,88,0.0334419364,[std] INSEE-shaped generational proxy
F,1962,89,0.0373010715,[std] INSEE-shaped generational proxy
F,1962,90,0.0415993112,[std] INSEE-shaped generational proxy
F,1962,91,0.0463842145,[std] INSEE-shaped generational proxy
F,1962,92,0.0517078925,[std] INSEE-shaped generational proxy
F,1962,93,0.0576272904,[std] INSEE-shaped generational proxy
F,1962,94,0.0642044460,[std] INSEE-shaped generational proxy
F,1962,95,0.0715067071,[std] INSEE-shaped generational proxy
F,1962,96,0.0796068896,[std] INSEE-shaped generational proxy
F,1962,97,0.0885833524,[std] INSEE-shaped generational proxy
F,1962,98,0.0985199574,[std] INSEE-shaped generational proxy
F,1962,99,0.1095058818,[std] INSEE-shaped generational proxy
F,1962,100,0.1216352356,[std] INSEE-shaped generational proxy
F,1962,101,0.1350064365,[std] INSEE-shaped generational proxy
F,1962,102,0.1497212806,[std] INSEE-shaped generational proxy
F,1962,103,0.1658836439,[std] INSEE-shaped generational proxy
F,1962,104,0.1835977387,[std] INSEE-shaped generational proxy
F,1962,105,0.2029658463,[std] INSEE-shaped generational proxy
F,1962,106,0.2240854439,[std] INSEE-shaped generational proxy
F,1962,107,0.2470456485,[std] INSEE-shaped generational proxy
F,1962,108,0.2719229099,[std] INSEE-shaped generational proxy
F,1962,109,0.2987759074,[std] INSEE-shaped generational proxy
F,1962,110,0.3276396429,[std] INSEE-shaped generational proxy
F,1962,111,0.3585187763,[std] INSEE-shaped generational proxy
F,1962,112,0.3913803283,[std] INSEE-shaped generational proxy
F,1962,113,0.4261459786,[std] INSEE-shaped generational proxy
F,1962,114,0.4626843192,[std] INSEE-shaped generational proxy
F,1962,115,0.5008035809,[std] INSEE-shaped generational proxy
F,1962,116,0.5402455227,[std] INSEE-shaped generational proxy
F,1962,117,0.5806813562,[std] INSEE-shaped generational proxy
F,1962,118,0.6217107318,[std] INSEE-shaped generational proxy
F,1962,119,0.6628649112,[std] INSEE-shaped generational proxy
F,1962,120,1.0000000000,[std] INSEE-shaped generational proxy
F,1963,50,0.0007278352,[std] INSEE-shaped generational proxy
F,1963,51,0.0007839503,[std] INSEE-shaped generational proxy
F,1963,52,0.0008467121,[std] INSEE-shaped generational proxy
F,1963,53,0.0009169073,[std] INSEE-shaped generational proxy
F,1963,54,0.0009954156,[std] INSEE-shaped generational proxy
F,1963,55,0.0010832209,[std] INSEE-shaped generational proxy
F,1963,56,0.0011814231,[std] INSEE-shaped generational proxy
F,1963,57,0.0012912521,[std] INSEE-shaped generational proxy
F,1963,58,0.0014140829,[std] INSEE-shaped generational proxy
F,1963,59,0.0015514529,[std] INSEE-shaped generational proxy
F,1963,60,0.0017050806,[std] INSEE-shaped generational proxy
F,1963,61,0.0018768871,[std] INSEE-shaped generational proxy
F,1963,62,0.0020690199,[std] INSEE-shaped generational proxy
F,1963,63,0.0022838790,[std] INSEE-shaped generational proxy
F,1963,64,0.0025241470,[std] INSEE-shaped generational proxy
F,1963,65,0.0027928212,[std] INSEE-shaped generational proxy
F,1963,66,0.0030932510,[std] INSEE-shaped generational proxy
F,1963,67,0.0034291784,[std] INSEE-shaped generational proxy
F,1963,68,0.0038047834,[std] INSEE-shaped generational proxy
F,1963,69,0.0042247347,[std] INSEE-shaped generational proxy
F,1963,70,0.0046942459,[std] INSEE-shaped generational proxy
F,1963,71,0.0052191379,[std] INSEE-shaped generational proxy
F,1963,72,0.0058059085,[std] INSEE-shaped generational proxy
F,1963,73,0.0064618088,[std] INSEE-shaped generational proxy
F,1963,74,0.0071949291,[std] INSEE-shaped generational proxy
F,1963,75,0.0080142926,[std] INSEE-shaped generational proxy
F,1963,76,0.0089299601,[std] INSEE-shaped generational proxy
F,1963,77,0.0099531446,[std] INSEE-shaped generational proxy
F,1963,78,0.0110963382,[std] INSEE-shaped generational proxy
F,1963,79,0.0123734510,[std] INSEE-shaped generational proxy
F,1963,80,0.0137999640,[std] INSEE-shaped generational proxy
F,1963,81,0.0153930962,[std] INSEE-shaped generational proxy
F,1963,82,0.0171719861,[std] INSEE-shaped generational proxy
F,1963,83,0.0191578897,[std] INSEE-shaped generational proxy
F,1963,84,0.0213743946,[std] INSEE-shaped generational proxy
F,1963,85,0.0238476500,[std] INSEE-shaped generational proxy
F,1963,86,0.0266066129,[std] INSEE-shaped generational proxy
F,1963,87,0.0296833107,[std] INSEE-shaped generational proxy
F,1963,88,0.0331131163,[std] INSEE-shaped generational proxy
F,1963,89,0.0369350362,[std] INSEE-shaped generational proxy
F,1963,90,0.0411920066,[std] INSEE-shaped generational proxy
F,1963,91,0.0459311926,[std] INSEE-shaped generational proxy
F,1963,92,0.0512042850,[std] INSEE-shaped generational proxy
F,1963,93,0.0570677845,[std] INSEE-shaped generational proxy
F,1963,94,0.0635832623,[std] INSEE-shaped generational proxy
F,1963,95,0.0708175826,[std] INSEE-shaped generational proxy
F,1963,96,0.0788430662,[std] INSEE-shaped generational proxy
F,1963,97,0.0877375744,[std] INSEE-shaped generational proxy
F,1963,98,0.0975844809,[std] INSEE-shaped generational proxy
F,1963,99,0.1084724984,[std] INSEE-shaped generational proxy
F,1963,100,0.1204953161,[std] INSEE-shaped generational proxy
F,1963,101,0.1337509983,[std] INSEE-shaped generational proxy
F,1963,102,0.1483410854,[std] INSEE-shaped generational proxy
F,1963,103,0.1643693309,[std] INSEE-shaped generational proxy
F,1963,104,0.1819400016,[std] INSEE-shaped generational proxy
F,1963,105,0.2011556600,[std] INSEE-shaped generational proxy
F,1963,106,0.2221143493,[std] INSEE-shaped generational proxy
F,1963,107,0.2449061014,[std] INSEE-shaped generational proxy
F,1963,108,0.2696086993,[std] INSEE-shaped generational proxy
F,1963,109,0.2962826464,[std] INSEE-shaped generational proxy
F,1963,110,0.3249653311,[std] INSEE-shaped generational proxy
F,1963,111,0.3556644261,[std] INSEE-shaped generational proxy
F,1963,112,0.3883506401,[std] INSEE-shaped generational proxy
F,1963,113,0.4229500402,[std] INSEE-shaped generational proxy
F,1963,114,0.4593362904,[std] INSEE-shaped generational proxy
F,1963,115,0.4973233100,[std] INSEE-shaped generational proxy
F,1963,116,0.5366590256,[std] INSEE-shaped generational proxy
F,1963,117,0.5770210734,[std] INSEE-shaped generational proxy
F,1963,118,0.6180154649,[std] INSEE-shaped generational proxy
F,1963,119,0.6591793374,[std] INSEE-shaped generational proxy
F,1963,120,1.0000000000,[std] INSEE-shaped generational proxy
F,1964,50,0.0007205595,[std] INSEE-shaped generational proxy
F,1964,51,0.0007761139,[std] INSEE-shaped generational proxy
F,1964,52,0.0008382485,[std] INSEE-shaped generational proxy
F,1964,53,0.0009077423,[std] INSEE-shaped generational proxy
F,1964,54,0.0009854664,[std] INSEE-shaped generational proxy
F,1964,55,0.0010723945,[std] INSEE-shaped generational proxy
F,1964,56,0.0011696158,[std] INSEE-shaped generational proxy
F,1964,57,0.0012783478,[std] INSEE-shaped generational proxy
F,1964,58,0.0013999520,[std] INSEE-shaped generational proxy
F,1964,59,0.0015359503,[std] INSEE-shaped generational proxy
F,1964,60,0.0016880442,[std] INSEE-shaped generational proxy
F,1964,61,0.0018581357,[std] INSEE-shaped generational proxy
F,1964,62,0.0020483509,[std] INSEE-shaped generational proxy
F,1964,63,0.0022610661,[std] INSEE-shaped generational proxy
F,1964,64,0.0024989371,[std] INSEE-shaped generational proxy
F,1964,65,0.0027649316,[std] INSEE-shaped generational proxy
F,1964,66,0.0030623659,[std] INSEE-shaped generational proxy
F,1964,67,0.0033949449,[std] INSEE-shaped generational proxy
F,1964,68,0.0037668073,[std] INSEE-shaped generational proxy
F,1964,69,0.0041825759,[std] INSEE-shaped generational proxy
F,1964,70,0.0046474127,[std] INSEE-shaped generational proxy
F,1964,71,0.0051670816,[std] INSEE-shaped generational proxy
F,1964,72,0.0057480166,[std] INSEE-shaped generational proxy
F,1964,73,0.0063973978,[std] INSEE-shaped generational proxy
F,1964,74,0.0071232366,[std] INSEE-shaped generational proxy
F,1964,75,0.0079344685,[std] INSEE-shaped generational proxy
F,1964,76,0.0088410564,[std] INSEE-shaped generational proxy
F,1964,77,0.0098541052,[std] INSEE-shaped generational proxy
F,1964,78,0.0109859866,[std] INSEE-shaped generational proxy
F,1964,79,0.0122504775,[std] INSEE-shaped generational proxy
F,1964,80,0.0136629115,[std] INSEE-shaped generational proxy
F,1964,81,0.0152403443,[std] INSEE-shaped generational proxy
F,1964,82,0.0170017344,[std] INSEE-shaped generational proxy
F,1964,83,0.0189681394,[std] INSEE-shaped generational proxy
F,1964,84,0.0211629286,[std] INSEE-shaped generational proxy
F,1964,85,0.0236120114,[std] INSEE-shaped generational proxy
F,1964,86,0.0263440828,[std] INSEE-shaped generational proxy
F,1964,87,0.0293908833,[std] INSEE-shaped generational proxy
F,1964,88,0.0327874742,[std] INSEE-shaped generational proxy
F,1964,89,0.0365725242,[std] INSEE-shaped generational proxy
F,1964,90,0.0407886045,[std] INSEE-shaped generational proxy
F,1964,91,0.0454824889,[std] INSEE-shaped generational proxy
F,1964,92,0.0507054501,[std] INSEE-shaped generational proxy
F,1964,93,0.0565135464,[std] INSEE-shaped generational proxy
F,1964,94,0.0629678844,[std] INSEE-shaped generational proxy
F,1964,95,0.0701348455,[std] INSEE-shaped generational proxy
F,1964,96,0.0780862566,[std] INSEE-shaped generational proxy
F,1964,97,0.0868994812,[std] INSEE-shaped generational proxy
F,1964,98,0.0966574030,[std] INSEE-shaped generational proxy
F,1964,99,0.1074482676,[std] INSEE-shaped generational proxy
F,1964,100,0.1193653386,[std] INSEE-shaped generational proxy
F,1964,101,0.1325063197,[std] INSEE-shaped generational proxy
F,1964,102,0.1469724853,[std] INSEE-shaped generational proxy
F,1964,103,0.1628674530,[std] INSEE-shaped generational proxy
F,1964,104,0.1802955262,[std] INSEE-shaped generational proxy
F,1964,105,0.1993595259,[std] INSEE-shaped generational proxy
F,1964,106,0.2201580334,[std] INSEE-shaped generational proxy
F,1964,107,0.2427819611,[std] INSEE-shaped generational proxy
F,1964,108,0.2673103849,[std] INSEE-shaped generational proxy
F,1964,109,0.2938055856,[std] INSEE-shaped generational proxy
F,1964,110,0.3223072845,[std] INSEE-shaped generational proxy
F,1964,111,0.3528261086,[std] INSEE-shaped generational proxy
F,1964,112,0.3853363928,[std] INSEE-shaped generational proxy
F,1964,113,0.4197685286,[std] INSEE-shaped generational proxy
F,1964,114,0.4560011925,[std] INSEE-shaped generational proxy
F,1964,115,0.4938539415,[std] INSEE-shaped generational proxy
F,1964,116,0.5330808346,[std] INSEE-shaped generational proxy
F,1964,117,0.5733659210,[std] INSEE-shaped generational proxy
F,1964,118,0.6143215947,[std] INSEE-shaped generational proxy
F,1964,119,0.6554909323,[std] INSEE-shaped generational proxy
F,1964,120,1.0000000000,[std] INSEE-shaped generational proxy
F,1965,50,0.0007133565,[std] INSEE-shaped generational proxy
F,1965,51,0.0007683557,[std] INSEE-shaped generational proxy
F,1965,52,0.0008298695,[std] INSEE-shaped generational proxy
F,1965,53,0.0008986690,[std] INSEE-shaped generational proxy
F,1965,54,0.0009756165,[std] INSEE-shaped generational proxy
F,1965,55,0.0010616763,[std] INSEE-shaped generational proxy
F,1965,56,0.0011579264,[std] INSEE-shaped generational proxy
F,1965,57,0.0012655724,[std] INSEE-shaped generational proxy
F,1965,58,0.0013859622,[std] INSEE-shaped generational proxy
F,1965,59,0.0015206025,[std] INSEE-shaped generational proxy
F,1965,60,0.0016711778,[std] INSEE-shaped generational proxy
F,1965,61,0.0018395714,[std] INSEE-shaped generational proxy
F,1965,62,0.0020278882,[std] INSEE-shaped generational proxy
F,1965,63,0.0022384808,[std] INSEE-shaped generational proxy
F,1965,64,0.0024739786,[std] INSEE-shaped generational proxy
F,1965,65,0.0027373202,[std] INSEE-shaped generational proxy
F,1965,66,0.0030317887,[std] INSEE-shaped generational proxy
F,1965,67,0.0033610526,[std] INSEE-shaped generational proxy
F,1965,68,0.0037292096,[std] INSEE-shaped generational proxy
F,1965,69,0.0041408368,[std] INSEE-shaped generational proxy
F,1965,70,0.0046010457,[std] INSEE-shaped generational proxy
F,1965,71,0.0051155432,[std] INSEE-shaped generational proxy
F,1965,72,0.0056907003,[std] INSEE-shaped generational proxy
F,1965,73,0.0063336269,[std] INSEE-shaped generational proxy
F,1965,74,0.0070522560,[std] INSEE-shaped generational proxy
F,1965,75,0.0078554363,[std] INSEE-shaped generational proxy
F,1965,76,0.0087530339,[std] INSEE-shaped generational proxy
F,1965,77,0.0097560464,[std] INSEE-shaped generational proxy
F,1965,78,0.0108767263,[std] INSEE-shaped generational proxy
F,1965,79,0.0121287187,[std] INSEE-shaped generational proxy
F,1965,80,0.0135272107,[std] INSEE-shaped generational proxy
F,1965,81,0.0150890965,[std] INSEE-shaped generational proxy
F,1965,82,0.0168331561,[std] INSEE-shaped generational proxy
F,1965,83,0.0187802505,[std] INSEE-shaped generational proxy
F,1965,84,0.0209535323,[std] INSEE-shaped generational proxy
F,1965,85,0.0233786733,[std] INSEE-shaped generational proxy
F,1965,86,0.0260841082,[std] INSEE-shaped generational proxy
F,1965,87,0.0291012933,[std] INSEE-shaped generational proxy
F,1965,88,0.0324649806,[std] INSEE-shaped generational proxy
F,1965,89,0.0362135029,[std] INSEE-shaped generational proxy
F,1965,90,0.0403890693,[std] INSEE-shaped generational proxy
F,1965,91,0.0450380643,[std] INSEE-shaped generational proxy
F,1965,92,0.0502113452,[std] INSEE-shaped generational proxy
F,1965,93,0.0559645298,[std] INSEE-shaped generational proxy
F,1965,94,0.0623582618,[std] INSEE-shaped generational proxy
F,1965,95,0.0694584417,[std] INSEE-shaped generational proxy
F,1965,96,0.0773364027,[std] INSEE-shaped generational proxy
F,1965,97,0.0860690104,[std] INSEE-shaped generational proxy
F,1965,98,0.0957386576,[std] INSEE-shaped generational proxy
F,1965,99,0.1064331201,[std] INSEE-shaped generational proxy
F,1965,100,0.1182452308,[std] INSEE-shaped generational proxy
F,1965,101,0.1312723262,[std] INSEE-shaped generational proxy
F,1965,102,0.1456154047,[std] INSEE-shaped generational proxy
F,1965,103,0.1613779350,[std] INSEE-shaped generational proxy
F,1965,104,0.1786642392,[std] INSEE-shaped generational proxy
F,1965,105,0.1975773752,[std] INSEE-shaped generational proxy
F,1965,106,0.2182164342,[std] INSEE-shaped generational proxy
F,1965,107,0.2406731763,[std] INSEE-shaped generational proxy
F,1965,108,0.2650279299,[std] INSEE-shaped generational proxy
F,1965,109,0.2913447067,[std] INSEE-shaped generational proxy
F,1965,110,0.3196655086,[std] INSEE-shaped generational proxy
F,1965,111,0.3500038586,[std] INSEE-shaped generational proxy
F,1965,112,0.3823376559,[std] INSEE-shaped generational proxy
F,1965,113,0.4166015537,[std] INSEE-shaped generational proxy
F,1965,114,0.4526791809,[std] INSEE-shaped generational proxy
F,1965,115,0.4903956803,[std] INSEE-shaped generational proxy
F,1965,116,0.5295112065,[std] INSEE-shaped generational proxy
F,1965,117,0.5697162073,[std] INSEE-shaped generational proxy
F,1965,118,0.6106294779,[std] INSEE-shaped generational proxy
F,1965,119,0.6518000931,[std] INSEE-shaped generational proxy
F,1965,120,1.0000000000,[std] INSEE-shaped generational proxy
F,1966,50,0.0007062254,[std] INSEE-shaped generational proxy
F,1966,51,0.0007606751,[std] INSEE-shaped generational proxy
F,1966,52,0.0008215742,[std] INSEE-shaped generational proxy
F,1966,53,0.0008896863,[std] INSEE-shaped generational proxy
F,1966,54,0.0009658651,[std] INSEE-shaped generational proxy
F,1966,55,0.0010510651,[std] INSEE-shaped generational proxy
F,1966,56,0.0011463538,[std] INSEE-shaped generational proxy
F,1966,57,0.0012529246,[std] INSEE-shaped generational proxy
F,1966,58,0.0013721121,[std] INSEE-shaped generational proxy
F,1966,59,0.0015054079,[std] INSEE-shaped generational proxy
F,1966,60,0.0016544799,[std] INSEE-shaped generational proxy
F,1966,61,0.0018211925,[std] INSEE-shaped generational proxy
F,1966,62,0.0020076296,[std] INSEE-shaped generational proxy
F,1966,63,0.0022161208,[std] INSEE-shaped generational proxy
F,1966,64,0.0024492692,[std] INSEE-shaped generational proxy
F,1966,65,0.0027099841,[std] INSEE-shaped generational proxy
F,1966,66,0.0030015164,[std] INSEE-shaped generational proxy
F,1966,67,0.0033274980,[std] INSEE-shaped generational proxy
F,1966,68,0.0036919864,[std] INSEE-shaped generational proxy
F,1966,69,0.0040995134,[std] INSEE-shaped generational proxy
F,1966,70,0.0045551402,[std] INSEE-shaped generational proxy
F,1966,71,0.0050645175,[std] INSEE-shaped generational proxy
F,1966,72,0.0056339539,[std] INSEE-shaped generational proxy
F,1966,73,0.0062704896,[std] INSEE-shaped generational proxy
F,1966,74,0.0069819802,[std] INSEE-shaped generational proxy
F,1966,75,0.0077771882,[std] INSEE-shaped generational proxy
F,1966,76,0.0086658840,[std] INSEE-shaped generational proxy
F,1966,77,0.0096589587,[std] INSEE-shaped generational proxy
F,1966,78,0.0107685468,[std] INSEE-shaped generational proxy
F,1966,79,0.0120081626,[std] INSEE-shaped generational proxy
F,1966,80,0.0133928485,[std] INSEE-shaped generational proxy
F,1966,81,0.0149393383,[std] INSEE-shaped generational proxy
F,1966,82,0.0166662352,[std] INSEE-shaped generational proxy
F,1966,83,0.0185942050,[std] INSEE-shaped generational proxy
F,1966,84,0.0207461857,[std] INSEE-shaped generational proxy
F,1966,85,0.0231476136,[std] INSEE-shaped generational proxy
F,1966,86,0.0258266649,[std] INSEE-shaped generational proxy
F,1966,87,0.0288145141,[std] INSEE-shaped generational proxy
F,1966,88,0.0321456059,[std] INSEE-shaped generational proxy
F,1966,89,0.0358579400,[std] INSEE-shaped generational proxy
F,1966,90,0.0399933655,[std] INSEE-shaped generational proxy
F,1966,91,0.0445978802,[std] INSEE-shaped generational proxy
F,1966,92,0.0497219281,[std] INSEE-shaped generational proxy
F,1966,93,0.0554206886,[std] INSEE-shaped generational proxy
F,1966,94,0.0617543448,[std] INSEE-shaped generational proxy
F,1966,95,0.0687883172,[std] INSEE-shaped generational proxy
F,1966,96,0.0765934464,[std] INSEE-shaped generational proxy
F,1966,97,0.0852461003,[std] INSEE-shaped generational proxy
F,1966,98,0.0948281793,[std] INSEE-shaped generational proxy
F,1966,99,0.1054269866,[std] INSEE-shaped generational proxy
F,1966,100,0.1171349207,[std] INSEE-shaped generational proxy
F,1966,101,0.1300489435,[std] INSEE-shaped generational proxy
F,1966,102,0.1442697683,[std] INSEE-shaped generational proxy
F,1966,103,0.1599007014,[std] INSEE-shaped generational proxy
F,1966,104,0.1770460672,[std] INSEE-shaped generational proxy
F,1966,105,0.1958091383,[std] INSEE-shaped generational proxy
F,1966,106,0.2162894893,[std] INSEE-shaped generational proxy
F,1966,107,0.2385796943,[std] INSEE-shaped generational proxy
F,1966,108,0.2627612955,[std] INSEE-shaped generational proxy
F,1966,109,0.2888999894,[std] INSEE-shaped generational proxy
F,1966,110,0.3170400064,[std] INSEE-shaped generational proxy
F,1966,111,0.3471977077,[std] INSEE-shaped generational proxy
F,1966,112,0.3793544955,[std] INSEE-shaped generational proxy
F,1966,113,0.4134492216,[std] INSEE-shaped generational proxy
F,1966,114,0.4493704068,[std] INSEE-shaped generational proxy
F,1966,115,0.4869487268,[std] INSEE-shaped generational proxy
F,1966,116,0.5259503932,[std] INSEE-shaped generational proxy
F,1966,117,0.5660722364,[std] INSEE-shaped generational proxy
F,1966,118,0.6069394669,[std] INSEE-shaped generational proxy
F,1966,119,0.6481072136,[std] INSEE-shaped generational proxy
F,1966,120,1.0000000000,[std] INSEE-shaped generational proxy
F,1967,50,0.0006991656,[std] INSEE-shaped generational proxy
F,1967,51,0.0007530712,[std] INSEE-shaped generational proxy
F,1967,52,0.0008133618,[std] INSEE-shaped generational proxy
F,1967,53,0.0008807934,[std] INSEE-shaped generational proxy
F,1967,54,0.0009562110,[std] INSEE-shaped generational proxy
F,1967,55,0.0010405599,[std] INSEE-shaped generational proxy
F,1967,56,0.0011348967,[std] INSEE-shaped generational proxy
F,1967,57,0.0012404032,[std] INSEE-shaped generational proxy
F,1967,58,0.0013584003,[std] INSEE-shaped generational proxy
F,1967,59,0.0014903650,[std] INSEE-shaped generational proxy
F,1967,60,0.0016379486,[std] INSEE-shaped generational proxy
F,1967,61,0.0018029970,[std] INSEE-shaped generational proxy
F,1967,62,0.0019875733,[std] INSEE-shaped generational proxy
F,1967,63,0.0021939839,[std] INSEE-shaped generational proxy
F,1967,64,0.0024248062,[std] INSEE-shaped generational proxy
F,1967,65,0.0026829207,[std] INSEE-shaped generational proxy
F,1967,66,0.0029715459,[std] INSEE-shaped generational proxy
F,1967,67,0.0032942779,[std] INSEE-shaped generational proxy
F,1967,68,0.0036551341,[std] INSEE-shaped generational proxy
F,1967,69,0.0040586016,[std] INSEE-shaped generational proxy
F,1967,70,0.0045096916,[std] INSEE-shaped generational proxy
F,1967,71,0.0050139995,[std] INSEE-shaped generational proxy
F,1967,72,0.0055777717,[std] INSEE-shaped generational proxy
F,1967,73,0.0062079797,[std] INSEE-shaped generational proxy
F,1967,74,0.0069124023,[std] INSEE-shaped generational proxy
F,1967,75,0.0076997165,[std] INSEE-shaped generational proxy
F,1967,76,0.0085795980,[std] INSEE-shaped generational proxy
F,1967,77,0.0095628324,[std] INSEE-shaped generational proxy
F,1967,78,0.0106614375,[std] INSEE-shaped generational proxy
F,1967,79,0.0118887977,[std] INSEE-shaped generational proxy
F,1967,80,0.0132598119,[std] INSEE-shaped generational proxy
F,1967,81,0.0147910553,[std] INSEE-shaped generational proxy
F,1967,82,0.0165009556,[std] INSEE-shaped generational proxy
F,1967,83,0.0184099852,[std] INSEE-shaped generational proxy
F,1967,84,0.0205408694,[std] INSEE-shaped generational proxy
F,1967,85,0.0229188106,[std] INSEE-shaped generational proxy
F,1967,86,0.0255717291,[std] INSEE-shaped generational proxy
F,1967,87,0.0285305193,[std] INSEE-shaped generational proxy
F,1967,88,0.0318293211,[std] INSEE-shaped generational proxy
F,1967,89,0.0355058035,[std] INSEE-shaped generational proxy
F,1967,90,0.0396014580,[std] INSEE-shaped generational proxy
F,1967,91,0.0441618980,[std] INSEE-shaped generational proxy
F,1967,92,0.0492371567,[std] INSEE-shaped generational proxy
F,1967,93,0.0548819773,[std] INSEE-shaped generational proxy
F,1967,94,0.0611560838,[std] INSEE-shaped generational proxy
F,1967,95,0.0681244186,[std] INSEE-shaped generational proxy
F,1967,96,0.0758573305,[std] INSEE-shaped generational proxy
F,1967,97,0.0844306894,[std] INSEE-shaped generational proxy
F,1967,98,0.0939259027,[std] INSEE-shaped generational proxy
F,1967,99,0.1044297986,[std] INSEE-shaped generational proxy
F,1967,100,0.1160343364,[std] INSEE-shaped generational proxy
F,1967,101,0.1288360976,[std] INSEE-shaped generational proxy
F,1967,102,0.1429355006,[std] INSEE-shaped generational proxy
F,1967,103,0.1584356769,[std] INSEE-shaped generational proxy
F,1967,104,0.1754409365,[std] INSEE-shaped generational proxy
F,1967,105,0.1940547456,[std] INSEE-shaped generational proxy
F,1967,106,0.2143771354,[std] INSEE-shaped generational proxy
F,1967,107,0.2365014617,[std] INSEE-shaped generational proxy
F,1967,108,0.2605104418,[std] INSEE-shaped generational proxy
F,1967,109,0.2864714118,[std] INSEE-shaped generational proxy
F,1967,110,0.3144307786,[std] INSEE-shaped generational proxy
F,1967,111,0.3444076850,[std] INSEE-shaped generational proxy
F,1967,112,0.3763869743,[std] INSEE-shaped generational proxy
F,1967,113,0.4103116344,[std] INSEE-shaped generational proxy
F,1967,114,0.4460750170,[std] INSEE-shaped generational proxy
F,1967,115,0.4835132769,[std] INSEE-shaped generational proxy
F,1967,116,0.5223986422,[std] INSEE-shaped generational proxy
F,1967,117,0.5624343074,[std] INSEE-shaped generational proxy
F,1967,118,0.6032519102,[std] INSEE-shaped generational proxy
F,1967,119,0.6444126844,[std] INSEE-shaped generational proxy
F,1967,120,1.0000000000,[std] INSEE-shaped generational proxy
F,1968,50,0.0006921764,[std] INSEE-shaped generational proxy
F,1968,51,0.0007455433,[std] INSEE-shaped generational proxy
F,1968,52,0.0008052315,[std] INSEE-shaped generational proxy
F,1968,53,0.0008719893,[std] INSEE-shaped generational proxy
F,1968,54,0.0009466534,[std] INSEE-shaped generational proxy
F,1968,55,0.0010301597,[std] INSEE-shaped generational proxy
F,1968,56,0.0011235542,[std] INSEE-shaped generational proxy
F,1968,57,0.0012280068,[std] INSEE-shaped generational proxy
F,1968,58,0.0013448254,[std] INSEE-shaped generational proxy
F,1968,59,0.0014754724,[std] INSEE-shaped generational proxy
F,1968,60,0.0016215824,[std] INSEE-shaped generational proxy
F,1968,61,0.0017849831,[std] INSEE-shaped generational proxy
F,1968,62,0.0019677171,[std] INSEE-shaped generational proxy
F,1968,63,0.0021720679,[std] INSEE-shaped generational proxy
F,1968,64,0.0024005873,[std] INSEE-shaped generational proxy
F,1968,65,0.0026561271,[std] INSEE-shaped generational proxy
F,1968,66,0.0029418742,[std] INSEE-shaped generational proxy
F,1968,67,0.0032613889,[std] INSEE-shaped generational proxy
F,1968,68,0.0036186490,[std] INSEE-shaped generational proxy
F,1968,69,0.0040180972,[std] INSEE-shaped generational proxy
F,1968,70,0.0044646955,[std] INSEE-shaped generational proxy
F,1968,71,0.0049639842,[std] INSEE-shaped generational proxy
F,1968,72,0.0055221483,[std] INSEE-shaped generational proxy
F,1968,73,0.0061460911,[std] INSEE-shaped generational proxy
F,1968,74,0.0068435154,[std] INSEE-shaped generational proxy
F,1968,75,0.0076230135,[std] INSEE-shaped generational proxy
F,1968,76,0.0084941674,[std] INSEE-shaped generational proxy
F,1968,77,0.0094676582,[std] INSEE-shaped generational proxy
F,1968,78,0.0105553878,[std] INSEE-shaped generational proxy
F,1968,79,0.0117706122,[std] INSEE-shaped generational proxy
F,1968,80,0.0131280881,[std] INSEE-shaped generational proxy
F,1968,81,0.0146442331,[std] INSEE-shaped generational proxy
F,1968,82,0.0163373014,[std] INSEE-shaped generational proxy
F,1968,83,0.0182275735,[std] INSEE-shaped generational proxy
F,1968,84,0.0203375638,[std] INSEE-shaped generational proxy
F,1968,85,0.0226922429,[std] INSEE-shaped generational proxy
F,1968,86,0.0253192769,[std] INSEE-shaped generational proxy
F,1968,87,0.0282492827,[std] INSEE-shaped generational proxy
F,1968,88,0.0315160974,[std] INSEE-shaped generational proxy
F,1968,89,0.0351570617,[std] INSEE-shaped generational proxy
F,1968,90,0.0392133120,[std] INSEE-shaped generational proxy
F,1968,91,0.0437300797,[std] INSEE-shaped generational proxy
F,1968,92,0.0487569894,[std] INSEE-shaped generational proxy
F,1968,93,0.0543483504,[std] INSEE-shaped generational proxy
F,1968,94,0.0605634296,[std] INSEE-shaped generational proxy
F,1968,95,0.0674666928,[std] INSEE-shaped generational proxy
F,1968,96,0.0751279976,[std] INSEE-shaped generational proxy
F,1968,97,0.0836227166,[std] INSEE-shaped generational proxy
F,1968,98,0.0930317630,[std] INSEE-shaped generational proxy
F,1968,99,0.1034414875,[std] INSEE-shaped generational proxy
F,1968,100,0.1149434065,[std] INSEE-shaped generational proxy
F,1968,101,0.1276337145,[std] INSEE-shaped generational proxy
F,1968,102,0.1416125263,[std] INSEE-shaped generational proxy
F,1968,103,0.1569827861,[std] INSEE-shaped generational proxy
F,1968,104,0.1738487733,[std] INSEE-shaped generational proxy
F,1968,105,0.1923141267,[std] INSEE-shaped generational proxy
F,1968,106,0.2124793083,[std] INSEE-shaped generational proxy
F,1968,107,0.2344384240,[std] INSEE-shaped generational proxy
F,1968,108,0.2582753274,[std] INSEE-shaped generational proxy
F,1968,109,0.2840589498,[std] INSEE-shaped generational proxy
F,1968,110,0.3118378238,[std] INSEE-shaped generational proxy
F,1968,111,0.3416338166,[std] INSEE-shaped generational proxy
F,1968,112,0.3734351520,[std] INSEE-shaped generational proxy
F,1968,113,0.4071888907,[std] INSEE-shaped generational proxy
F,1968,114,0.4427931542,[std] INSEE-shaped generational proxy
F,1968,115,0.4800895217,[std] INSEE-shaped generational proxy
F,1968,116,0.5188561962,[std] INSEE-shaped generational proxy
F,1968,117,0.5588027151,[std] INSEE-shaped generational proxy
F,1968,118,0.5995671520,[std] INSEE-shaped generational proxy
F,1968,119,0.6407168928,[std] INSEE-shaped generational proxy
F,1968,120,1.0000000000,[std] INSEE-shaped generational proxy
F,1969,50,0.0006852570,[std] INSEE-shaped generational proxy
F,1969,51,0.0007380906,[std] INSEE-shaped generational proxy
F,1969,52,0.0007971824,[std] INSEE-shaped generational proxy
F,1969,53,0.0008632732,[std] INSEE-shaped generational proxy
F,1969,54,0.0009371913,[std] INSEE-shaped generational proxy
F,1969,55,0.0010198633,[std] INSEE-shaped generational proxy
F,1969,56,0.0011123249,[std] INSEE-shaped generational proxy
F,1969,57,0.0012157342,[std] INSEE-shaped generational proxy
F,1969,58,0.0013313861,[std] INSEE-shaped generational proxy
F,1969,59,0.0014607284,[std] INSEE-shaped generational proxy
F,1969,60,0.0016053796,[std] INSEE-shaped generational proxy
F,1969,61,0.0017671490,[std] INSEE-shaped generational proxy
F,1969,62,0.0019480592,[std] INSEE-shaped generational proxy
F,1969,63,0.0021503706,[std] INSEE-shaped generational proxy
F,1969,64,0.0023766099,[std] INSEE-shaped generational proxy
F,1969,65,0.0026296008,[std] INSEE-shaped generational proxy
F,1969,66,0.0029124983,[std] INSEE-shaped generational proxy
F,1969,67,0.0032288278,[std] INSEE-shaped generational proxy
F,1969,68,0.0035825274,[std] INSEE-shaped generational proxy
F,1969,69,0.0039779963,[std] INSEE-shaped generational proxy
F,1969,70,0.0044201474,[std] INSEE-shaped generational proxy
F,1969,71,0.0049144665,[std] INSEE-shaped generational proxy
F,1969,72,0.0054670781,[std] INSEE-shaped generational proxy
F,1969,73,0.0060848176,[std] INSEE-shaped generational proxy
F,1969,74,0.0067753126,[std] INSEE-shaped generational proxy
F,1969,75,0.0075470718,[std] INSEE-shaped generational proxy
F,1969,76,0.0084095839,[std] INSEE-shaped generational proxy
F,1969,77,0.0093734267,[std] INSEE-shaped generational proxy
F,1969,78,0.0104503874,[std] INSEE-shaped generational proxy
F,1969,79,0.0116535946,[std] INSEE-shaped generational proxy
F,1969,80,0.0129976641,[std] INSEE-shaped generational proxy
F,1969,81,0.0144988576,[std] INSEE-shaped generational proxy
F,1969,82,0.0161752569,[std] INSEE-shaped generational proxy
F,1969,83,0.0180469526,[std] INSEE-shaped generational proxy
F,1969,84,0.0201362498,[std] INSEE-shaped generational proxy
F,1969,85,0.0224678891,[std] INSEE-shaped generational proxy
F,1969,86,0.0250692848,[std] INSEE-shaped generational proxy
F,1969,87,0.0279707782,[std] INSEE-shaped generational proxy
F,1969,88,0.0312059061,[std] INSEE-shaped generational proxy
F,1969,89,0.0348116831,[std] INSEE-shaped generational proxy
F,1969,90,0.0388288930,[std] INSEE-shaped generational proxy
F,1969,91,0.0433023874,[std] INSEE-shaped generational proxy
F,1969,92,0.0482813849,[std] INSEE-shaped generational proxy
F,1969,93,0.0538197630,[std] INSEE-shaped generational proxy
F,1969,94,0.0599763334,[std] INSEE-shaped generational proxy
F,1969,95,0.0668150869,[std] INSEE-shaped generational proxy
F,1969,96,0.0744053911,[std] INSEE-shaped generational proxy
F,1969,97,0.0828221212,[std] INSEE-shaped generational proxy
F,1969,98,0.0921456955,[std] INSEE-shaped generational proxy
F,1969,99,0.1024619852,[std] INSEE-shaped generational proxy
F,1969,100,0.1138620597,[std] INSEE-shaped generational proxy
F,1969,101,0.1264417206,[std] INSEE-shaped generational proxy
F,1969,102,0.1403007701,[std] INSEE-shaped generational proxy
F,1969,103,0.1555419534,[std] INSEE-shaped generational proxy
F,1969,104,0.1722695033,[std] INSEE-shaped generational proxy
F,1969,105,0.1905872110,[std] INSEE-shaped generational proxy
F,1969,106,0.2105959436,[std] INSEE-shaped generational proxy
F,1969,107,0.2323905255,[std] INSEE-shaped generational proxy
F,1969,108,0.2560559095,[std] INSEE-shaped generational proxy
F,1969,109,0.2816625779,[std] INSEE-shaped generational proxy
F,1969,110,0.3092611382,[std] INSEE-shaped generational proxy
F,1969,111,0.3388761260,[std] INSEE-shaped generational proxy
F,1969,112,0.3704990848,[std] INSEE-shaped generational proxy
F,1969,113,0.4040810852,[std] INSEE-shaped generational proxy
F,1969,114,0.4395249569,[std] INSEE-shaped generational proxy
F,1969,115,0.4766776479,[std] INSEE-shaped generational proxy
F,1969,116,0.5153232933,[std] INSEE-shaped generational proxy
F,1969,117,0.5551777497,[std] INSEE-shaped generational proxy
F,1969,118,0.5958855322,[std] INSEE-shaped generational proxy
F,1969,119,0.6370202226,[std] INSEE-shaped generational proxy
F,1969,120,1.0000000000,[std] INSEE-shaped generational proxy
F,1970,50,0.0006784068,[std] INSEE-shaped generational proxy
F,1970,51,0.0007307124,[std] INSEE-shaped generational proxy
F,1970,52,0.0007892137,[std] INSEE-shaped generational proxy
F,1970,53,0.0008546441,[std] INSEE-shaped generational proxy
F,1970,54,0.0009278238,[std] INSEE-shaped generational proxy
F,1970,55,0.0010096698,[std] INSEE-shaped generational proxy
F,1970,56,0.0011012077,[std] INSEE-shaped generational proxy
F,1970,57,0.0012035841,[std] INSEE-shaped generational proxy
F,1970,58,0.0013180810,[std] INSEE-shaped generational proxy
F,1970,59,0.0014461317,[std] INSEE-shaped generational proxy
F,1970,60,0.0015893386,[std] INSEE-shaped generational proxy
F,1970,61,0.0017494930,[std] INSEE-shaped generational proxy
F,1970,62,0.0019285974,[std] INSEE-shaped generational proxy
F,1970,63,0.0021288898,[std] INSEE-shaped generational proxy
F,1970,64,0.0023528718,[std] INSEE-shaped generational proxy
F,1970,65,0.0026033390,[std] INSEE-shaped generational proxy
F,1970,66,0.0028834154,[std] INSEE-shaped generational proxy
F,1970,67,0.0031965911,[std] INSEE-shaped generational proxy
F,1970,68,0.0035467657,[std] INSEE-shaped generational proxy
F,1970,69,0.0039382948,[std] INSEE-shaped generational proxy
F,1970,70,0.0043760428,[std] INSEE-shaped generational proxy
F,1970,71,0.0048654416,[std] INSEE-shaped generational proxy
F,1970,72,0.0054125555,[std] INSEE-shaped generational proxy
F,1970,73,0.0060241531,[std] INSEE-shaped generational proxy
F,1970,74,0.0067077872,[std] INSEE-shaped generational proxy
F,1970,75,0.0074718837,[std] INSEE-shaped generational proxy
F,1970,76,0.0083258391,[std] INSEE-shaped generational proxy
F,1970,77,0.0092801288,[std] INSEE-shaped generational proxy
F,1970,78,0.0103464260,[std] INSEE-shaped generational proxy
F,1970,79,0.0115377335,[std] INSEE-shaped generational proxy
F,1970,80,0.0128685274,[std] INSEE-shaped generational proxy
F,1970,81,0.0143549147,[std] INSEE-shaped generational proxy
F,1970,82,0.0160148065,[std] INSEE-shaped generational proxy
F,1970,83,0.0178681051,[std] INSEE-shaped generational proxy
F,1970,84,0.0199369081,[std] INSEE-shaped generational proxy
F,1970,85,0.0222457282,[std] INSEE-shaped generational proxy
F,1970,86,0.0248217295,[std] INSEE-shaped generational proxy
F,1970,87,0.0276949801,[std] INSEE-shaped generational proxy
F,1970,88,0.0308987189,[std] INSEE-shaped generational proxy
F,1970,89,0.0344696365,[std] INSEE-shaped generational proxy
F,1970,90,0.0384481666,[std] INSEE-shaped generational proxy
F,1970,91,0.0428787836,[std] INSEE-shaped generational proxy
F,1970,92,0.0478103022,[std] INSEE-shaped generational proxy
F,1970,93,0.0532961704,[std] INSEE-shaped generational proxy
F,1970,94,0.0593947468,[std] INSEE-shaped generational proxy
F,1970,95,0.0661695485,[std] INSEE-shaped generational proxy
F,1970,96,0.0736894546,[std] INSEE-shaped generational proxy
F,1970,97,0.0820288428,[std] INSEE-shaped generational proxy
F,1970,98,0.0912676359,[std] INSEE-shaped generational proxy
F,1970,99,0.1014912238,[std] INSEE-shaped generational proxy
F,1970,100,0.1127902250,[std] INSEE-shaped generational proxy
F,1970,101,0.1252600422,[std] INSEE-shaped generational proxy
F,1970,102,0.1390001569,[std] INSEE-shaped generational proxy
F,1970,103,0.1541131033,[std] INSEE-shaped generational proxy
F,1970,104,0.1707030522,[std] INSEE-shaped generational proxy
F,1970,105,0.1888739273,[std] INSEE-shaped generational proxy
F,1970,106,0.2087269758,[std] INSEE-shaped generational proxy
F,1970,107,0.2303577097,[std] INSEE-shaped generational proxy
F,1970,108,0.2538521441,[std] INSEE-shaped generational proxy
F,1970,109,0.2792822686,[std] INSEE-shaped generational proxy
F,1970,110,0.3067007160,[std] INSEE-shaped generational proxy
F,1970,111,0.3361346341,[std] INSEE-shaped generational proxy
F,1970,112,0.3675788258,[std] INSEE-shaped generational proxy
F,1970,113,0.4009883090,[std] INSEE-shaped generational proxy
F,1970,114,0.4362705594,[std] INSEE-shaped generational proxy
F,1970,115,0.4732778380,[std] INSEE-shaped generational proxy
F,1970,116,0.5118001667,[std] INSEE-shaped generational proxy
F,1970,117,0.5515596966,[std] INSEE-shaped generational proxy
F,1970,118,0.5922073864,[std] INSEE-shaped generational proxy
F,1970,119,0.6333230539,[std] INSEE-shaped generational proxy
F,1970,120,1.0000000000,[std] INSEE-shaped generational proxy
F,1971,50,0.0006716250,[std] INSEE-shaped generational proxy
F,1971,51,0.0007234079,[std] INSEE-shaped generational proxy
F,1971,52,0.0007813247,[std] INSEE-shaped generational proxy
F,1971,53,0.0008461013,[std] INSEE-shaped generational proxy
F,1971,54,0.0009185498,[std] INSEE-shaped generational proxy
F,1971,55,0.0009995782,[std] INSEE-shaped generational proxy
F,1971,56,0.0010902017,[std] INSEE-shaped generational proxy
F,1971,57,0.0011915555,[std] INSEE-shaped generational proxy
F,1971,58,0.0013049088,[std] INSEE-shaped generational proxy
F,1971,59,0.0014316808,[std] INSEE-shaped generational proxy
F,1971,60,0.0015734577,[std] INSEE-shaped generational proxy
F,1971,61,0.0017320133,[std] INSEE-shaped generational proxy
F,1971,62,0.0019093298,[std] INSEE-shaped generational proxy
F,1971,63,0.0021076233,[std] INSEE-shaped generational proxy
F,1971,64,0.0023293705,[std] INSEE-shaped generational proxy
F,1971,65,0.0025773392,[std] INSEE-shaped generational proxy
F,1971,66,0.0028546224,[std] INSEE-shaped generational proxy
F,1971,67,0.0031646759,[std] INSEE-shaped generational proxy
F,1971,68,0.0035113604,[std] INSEE-shaped generational proxy
F,1971,69,0.0038989887,[std] INSEE-shaped generational proxy
F,1971,70,0.0043323773,[std] INSEE-shaped generational proxy
F,1971,71,0.0048169046,[std] INSEE-shaped generational proxy
F,1971,72,0.0053585752,[std] INSEE-shaped generational proxy
F,1971,73,0.0059640915,[std] INSEE-shaped generational proxy
F,1971,74,0.0066409326,[std] INSEE-shaped generational proxy
F,1971,75,0.0073974419,[std] INSEE-shaped generational proxy
F,1971,76,0.0082429248,[std] INSEE-shaped generational proxy
F,1971,77,0.0091877551,[std] INSEE-shaped generational proxy
F,1971,78,0.0102434935,[std] INSEE-shaped generational proxy
F,1971,79,0.0114230177,[std] INSEE-shaped generational proxy
F,1971,80,0.0127406654,[std] INSEE-shaped generational proxy
F,1971,81,0.0142123906,[std] INSEE-shaped generational proxy
F,1971,82,0.0158559349,[std] INSEE-shaped generational proxy
F,1971,83,0.0176910140,[std] INSEE-shaped generational proxy
F,1971,84,0.0197395199,[std] INSEE-shaped generational proxy
F,1971,85,0.0220257390,[std] INSEE-shaped generational proxy
F,1971,86,0.0245765878,[std] INSEE-shaped generational proxy
F,1971,87,0.0274218629,[std] INSEE-shaped generational proxy
F,1971,88,0.0305945075,[std] INSEE-shaped generational proxy
F,1971,89,0.0341308910,[std] INSEE-shaped generational proxy
F,1971,90,0.0380710989,[std] INSEE-shaped generational proxy
F,1971,91,0.0424592310,[std] INSEE-shaped generational proxy
F,1971,92,0.0473437006,[std] INSEE-shaped generational proxy
F,1971,93,0.0527775284,[std] INSEE-shaped generational proxy
F,1971,94,0.0588186216,[std] INSEE-shaped generational proxy
F,1971,95,0.0655300257,[std] INSEE-shaped generational proxy
F,1971,96,0.0729801319,[std] INSEE-shaped generational proxy
F,1971,97,0.0812428213,[std] INSEE-shaped generational proxy
F,1971,98,0.0903975204,[std] INSEE-shaped generational proxy
F,1971,99,0.1005291357,[std] INSEE-shaped generational proxy
F,1971,100,0.1117278316,[std] INSEE-shaped generational proxy
F,1971,101,0.1240886060,[std] INSEE-shaped generational proxy
F,1971,102,0.1377106115,[std] INSEE-shaped generational proxy
F,1971,103,0.1526961602,[std] INSEE-shaped generational proxy
F,1971,104,0.1691493455,[std] INSEE-shaped generational proxy
F,1971,105,0.1871742042,[std] INSEE-shaped generational proxy
F,1971,106,0.2068723389,[std] INSEE-shaped generational proxy
F,1971,107,0.2283399192,[std] INSEE-shaped generational proxy
F,1971,108,0.2516639859,[std] INSEE-shaped generational proxy
F,1971,109,0.2769179929,[std] INSEE-shaped generational proxy
F,1971,110,0.3041565490,[std] INSEE-shaped generational proxy
F,1971,111,0.3334093590,[std] INSEE-shaped generational proxy
F,1971,112,0.3646744250,[std] INSEE-shaped generational proxy
F,1971,113,0.3979106494,[std] INSEE-shaped generational proxy
F,1971,114,0.4330300922,[std] INSEE-shaped generational proxy
F,1971,115,0.4698902697,[std] INSEE-shaped generational proxy
F,1971,116,0.5082870451,[std] INSEE-shaped generational proxy
F,1971,117,0.5479488365,[std] INSEE-shaped generational proxy
F,1971,118,0.5885330461,[std] INSEE-shaped generational proxy
F,1971,119,0.6296257632,[std] INSEE-shaped generational proxy
F,1971,120,1.0000000000,[std] INSEE-shaped generational proxy
F,1972,50,0.0006649109,[std] INSEE-shaped generational proxy
F,1972,51,0.0007161764,[std] INSEE-shaped generational proxy
F,1972,52,0.0007735144,[std] INSEE-shaped generational proxy
F,1972,53,0.0008376438,[std] INSEE-shaped generational proxy
F,1972,54,0.0009093685,[std] INSEE-shaped generational proxy
F,1972,55,0.0009895873,[std] INSEE-shaped generational proxy
F,1972,56,0.0010793055,[std] INSEE-shaped generational proxy
F,1972,57,0.0011796469,[std] INSEE-shaped generational proxy
F,1972,58,0.0012918682,[std] INSEE-shaped generational proxy
F,1972,59,0.0014173741,[std] INSEE-shaped generational proxy
F,1972,60,0.0015577354,[std] INSEE-shaped generational proxy
F,1972,61,0.0017147080,[std] INSEE-shaped generational proxy
F,1972,62,0.0018902546,[std] INSEE-shaped generational proxy
F,1972,63,0.0020865691,[std] INSEE-shaped generational proxy
F,1972,64,0.0023061037,[std] INSEE-shaped generational proxy
F,1972,65,0.0025515988,[std] INSEE-shaped generational proxy
F,1972,66,0.0028261166,[std] INSEE-shaped generational proxy
F,1972,67,0.0031330787,[std] INSEE-shaped generational proxy
F,1972,68,0.0034763079,[std] INSEE-shaped generational proxy
F,1972,69,0.0038600742,[std] INSEE-shaped generational proxy
F,1972,70,0.0042891466,[std] INSEE-shaped generational proxy
F,1972,71,0.0047688506,[std] INSEE-shaped generational proxy
F,1972,72,0.0053051319,[std] INSEE-shaped generational proxy
F,1972,73,0.0059046270,[std] INSEE-shaped generational proxy
F,1972,74,0.0065747420,[std] INSEE-shaped generational proxy
F,1972,75,0.0073237391,[std] INSEE-shaped generational proxy
F,1972,76,0.0081608329,[std] INSEE-shaped generational proxy
F,1972,77,0.0090962967,[std] INSEE-shaped generational proxy
F,1972,78,0.0101415798,[std] INSEE-shaped generational proxy
F,1972,79,0.0113094360,[std] INSEE-shaped generational proxy
F,1972,80,0.0126140657,[std] INSEE-shaped generational proxy
F,1972,81,0.0140712713,[std] INSEE-shaped generational proxy
F,1972,82,0.0156986267,[std] INSEE-shaped generational proxy
F,1972,83,0.0175156624,[std] INSEE-shaped generational proxy
F,1972,84,0.0195440664,[std] INSEE-shaped generational proxy
F,1972,85,0.0218079011,[std] INSEE-shaped generational proxy
F,1972,86,0.0243338368,[std] INSEE-shaped generational proxy
F,1972,87,0.0271514013,[std] INSEE-shaped generational proxy
F,1972,88,0.0302932442,[std] INSEE-shaped generational proxy
F,1972,89,0.0337954158,[std] INSEE-shaped generational proxy
F,1972,90,0.0376976562,[std] INSEE-shaped generational proxy
F,1972,91,0.0420436929,[std] INSEE-shaped generational proxy
F,1972,92,0.0468815398,[std] INSEE-shaped generational proxy
F,1972,93,0.0522637929,[std] INSEE-shaped generational proxy
F,1972,94,0.0582479101,[std] INSEE-shaped generational proxy
F,1972,95,0.0648964667,[std] INSEE-shaped generational proxy
F,1972,96,0.0722773674,[std] INSEE-shaped generational proxy
F,1972,97,0.0804639971,[std] INSEE-shaped generational proxy
F,1972,98,0.0895352854,[std] INSEE-shaped generational proxy
F,1972,99,0.0995756537,[std] INSEE-shaped generational proxy
F,1972,100,0.1106748089,[std] INSEE-shaped generational proxy
F,1972,101,0.1229273389,[std] INSEE-shaped generational proxy
F,1972,102,0.1364320591,[std] INSEE-shaped generational proxy
F,1972,103,0.1512910485,[std] INSEE-shaped generational proxy
F,1972,104,0.1676083085,[std] INSEE-shaped generational proxy
F,1972,105,0.1854879699,[std] INSEE-shaped generational proxy
F,1972,106,0.2050319664,[std] INSEE-shaped generational proxy
F,1972,107,0.2263370957,[std] INSEE-shaped generational proxy
F,1972,108,0.2494913883,[std] INSEE-shaped generational proxy
F,1972,109,0.2745697202,[std] INSEE-shaped generational proxy
F,1972,110,0.3016286272,[std] INSEE-shaped generational proxy
F,1972,111,0.3307003164,[std] INSEE-shaped generational proxy
F,1972,112,0.3617859294,[std] INSEE-shaped generational proxy
F,1972,113,0.3948481905,[std] INSEE-shaped generational proxy
F,1972,114,0.4298036814,[std] INSEE-shaped generational proxy
F,1972,115,0.4665151164,[std] INSEE-shaped generational proxy
F,1972,116,0.5047841527,[std] INSEE-shaped generational proxy
F,1972,117,0.5443454457,[std] INSEE-shaped generational proxy
F,1972,118,0.5848628381,[std] INSEE-shaped generational proxy
F,1972,119,0.6259287233,[std] INSEE-shaped generational proxy
F,1972,120,1.0000000000,[std] INSEE-shaped generational proxy
F,1973,50,0.0006582640,[std] INSEE-shaped generational proxy
F,1973,51,0.0007090172,[std] INSEE-shaped generational proxy
F,1973,52,0.0007657823,[std] INSEE-shaped generational proxy
F,1973,53,0.0008292709,[std] INSEE-shaped generational proxy
F,1973,54,0.0009002789,[std] INSEE-shaped generational proxy
F,1973,55,0.0009796963,[std] INSEE-shaped generational proxy
F,1973,56,0.0010685183,[std] INSEE-shaped generational proxy
F,1973,57,0.0011678574,[std] INSEE-shaped generational proxy
F,1973,58,0.0012789577,[std] INSEE-shaped generational proxy
F,1973,59,0.0014032103,[std] INSEE-shaped generational proxy
F,1973,60,0.0015421701,[std] INSEE-shaped generational proxy
F,1973,61,0.0016975755,[std] INSEE-shaped generational proxy
F,1973,62,0.0018713697,[std] INSEE-shaped generational proxy
F,1973,63,0.0020657250,[std] INSEE-shaped generational proxy
F,1973,64,0.0022830690,[std] INSEE-shaped generational proxy
F,1973,65,0.0025261150,[std] INSEE-shaped generational proxy
F,1973,66,0.0027978950,[std] INSEE-shaped generational proxy
F,1973,67,0.0031017966,[std] INSEE-shaped generational proxy
F,1973,68,0.0034416047,[std] INSEE-shaped generational proxy
F,1973,69,0.0038215473,[std] INSEE-shaped generational proxy
F,1973,70,0.0042463463,[std] INSEE-shaped generational proxy
F,1973,71,0.0047212748,[std] INSEE-shaped generational proxy
F,1973,72,0.0052522201,[std] INSEE-shaped generational proxy
F,1973,73,0.0058457537,[std] INSEE-shaped generational proxy
F,1973,74,0.0065092091,[std] INSEE-shaped generational proxy
F,1973,75,0.0072507678,[std] INSEE-shaped generational proxy
F,1973,76,0.0080795551,[std] INSEE-shaped generational proxy
F,1973,77,0.0090057446,[std] INSEE-shaped generational proxy
F,1973,78,0.0100406748,[std] INSEE-shaped generational proxy
F,1973,79,0.0111969771,[std] INSEE-shaped generational proxy
F,1973,80,0.0124887160,[std] INSEE-shaped generational proxy
F,1973,81,0.0139315434,[std] INSEE-shaped generational proxy
F,1973,82,0.0155428669,[std] INSEE-shaped generational proxy
F,1973,83,0.0173420335,[std] INSEE-shaped generational proxy
F,1973,84,0.0193505290,[std] INSEE-shaped generational proxy
F,1973,85,0.0215921937,[std] INSEE-shaped generational proxy
F,1973,86,0.0240934538,[std] INSEE-shaped generational proxy
F,1973,87,0.0268835702,[std] INSEE-shaped generational proxy
F,1973,88,0.0299949014,[std] INSEE-shaped generational proxy
F,1973,89,0.0334631806,[std] INSEE-shaped generational proxy
F,1973,90,0.0373278052,[std] INSEE-shaped generational proxy
F,1973,91,0.0416321325,[std] INSEE-shaped generational proxy
F,1973,92,0.0464237798,[std] INSEE-shaped generational proxy
F,1973,93,0.0517549202,[std] INSEE-shaped generational proxy
F,1973,94,0.0576825648,[std] INSEE-shaped generational proxy
F,1973,95,0.0642688202,[std] INSEE-shaped generational proxy
F,1973,96,0.0715811057,[std] INSEE-shaped generational proxy
F,1973,97,0.0796923108,[std] INSEE-shaped generational proxy
F,1973,98,0.0886808676,[std] INSEE-shaped generational proxy
F,1973,99,0.0986307110,[std] INSEE-shaped generational proxy
F,1973,100,0.1096310868,[std] INSEE-shaped generational proxy
F,1973,101,0.1217761679,[std] INSEE-shaped generational proxy
F,1973,102,0.1351644249,[std] INSEE-shaped generational proxy
F,1973,103,0.1498976926,[std] INSEE-shaped generational proxy
F,1973,104,0.1660798664,[std] INSEE-shaped generational proxy
F,1973,105,0.1838151520,[std] INSEE-shaped generational proxy
F,1973,106,0.2032057911,[std] INSEE-shaped generational proxy
F,1973,107,0.2243491799,[std] INSEE-shaped generational proxy
F,1973,108,0.2473343034,[std] INSEE-shaped generational proxy
F,1973,109,0.2722374181,[std] INSEE-shaped generational proxy
F,1973,110,0.2991169383,[std] INSEE-shaped generational proxy
F,1973,111,0.3280075193,[std] INSEE-shaped generational proxy
F,1973,112,0.3589133827,[std] INSEE-shaped generational proxy
F,1973,113,0.3918010124,[std] INSEE-shaped generational proxy
F,1973,114,0.4265914492,[std] INSEE-shaped generational proxy
F,1973,115,0.4631525471,[std] INSEE-shaped generational proxy
F,1973,116,0.5012917087,[std] INSEE-shaped generational proxy
F,1973,117,0.5407497955,[std] INSEE-shaped generational proxy
F,1973,118,0.5811970851,[std] INSEE-shaped generational proxy
F,1973,119,0.6222323032,[std] INSEE-shaped generational proxy
F,1973,120,1.0000000000,[std] INSEE-shaped generational proxy
F,1974,50,0.0006516835,[std] INSEE-shaped generational proxy
F,1974,51,0.0007019295,[std] INSEE-shaped generational proxy
F,1974,52,0.0007581273,[std] INSEE-shaped generational proxy
F,1974,53,0.0008209815,[std] INSEE-shaped generational proxy
F,1974,54,0.0008912801,[std] INSEE-shaped generational proxy
F,1974,55,0.0009699041,[std] INSEE-shaped generational proxy
F,1974,56,0.0010578387,[std] INSEE-shaped generational proxy
F,1974,57,0.0011561856,[std] INSEE-shaped generational proxy
F,1974,58,0.0012661763,[std] INSEE-shaped generational proxy
F,1974,59,0.0013891880,[std] INSEE-shaped generational proxy
F,1974,60,0.0015267602,[std] INSEE-shaped generational proxy
F,1974,61,0.0016806140,[std] INSEE-shaped generational proxy
F,1974,62,0.0018526734,[std] INSEE-shaped generational proxy
F,1974,63,0.0020450889,[std] INSEE-shaped generational proxy
F,1974,64,0.0022602641,[std] INSEE-shaped generational proxy
F,1974,65,0.0025008855,[std] INSEE-shaped generational proxy
F,1974,66,0.0027699548,[std] INSEE-shaped generational proxy
F,1974,67,0.0030708263,[std] INSEE-shaped generational proxy
F,1974,68,0.0034072474,[std] INSEE-shaped generational proxy
F,1974,69,0.0037834042,[std] INSEE-shaped generational proxy
F,1974,70,0.0042039722,[std] INSEE-shaped generational proxy
F,1974,71,0.0046741726,[std] INSEE-shaped generational proxy
F,1974,72,0.0051998347,[std] INSEE-shaped generational proxy
F,1974,73,0.0057874656,[std] INSEE-shaped generational proxy
F,1974,74,0.0064443272,[std] INSEE-shaped generational proxy
F,1974,75,0.0071785210,[std] INSEE-shaped generational proxy
F,1974,76,0.0079990836,[std] INSEE-shaped generational proxy
F,1974,77,0.0089160898,[std] INSEE-shaped generational proxy
F,1974,78,0.0099407688,[std] INSEE-shaped generational proxy
F,1974,79,0.0110856303,[std] INSEE-shaped generational proxy
F,1974,80,0.0123646042,[std] INSEE-shaped generational proxy
F,1974,81,0.0137931932,[std] INSEE-shaped generational proxy
F,1974,82,0.0153886403,[std] INSEE-shaped generational proxy
F,1974,83,0.0171701106,[std] INSEE-shaped generational proxy
F,1974,84,0.0191588894,[std] INSEE-shaped generational proxy
F,1974,85,0.0213785965,[std] INSEE-shaped generational proxy
F,1974,86,0.0238554163,[std] INSEE-shaped generational proxy
F,1974,87,0.0266183448,[std] INSEE-shaped generational proxy
F,1974,88,0.0296994515,[std] INSEE-shaped generational proxy
F,1974,89,0.0331341553,[std] INSEE-shaped generational proxy
F,1974,90,0.0369615126,[std] INSEE-shaped generational proxy
F,1974,91,0.0412245135,[std] INSEE-shaped generational proxy
F,1974,92,0.0459703808,[std] INSEE-shaped generational proxy
F,1974,93,0.0512508672,[std] INSEE-shaped generational proxy
F,1974,94,0.0571225386,[std] INSEE-shaped generational proxy
F,1974,95,0.0636470351,[std] INSEE-shaped generational proxy
F,1974,96,0.0708912920,[std] INSEE-shaped generational proxy
F,1974,97,0.0789277034,[std] INSEE-shaped generational proxy
F,1974,98,0.0878342042,[std] INSEE-shaped generational proxy
F,1974,99,0.0976942408,[std] INSEE-shaped generational proxy
F,1974,100,0.1085965953,[std] INSEE-shaped generational proxy
F,1974,101,0.1206350203,[std] INSEE-shaped generational proxy
F,1974,102,0.1339076340,[std] INSEE-shaped generational proxy
F,1974,103,0.1485160170,[std] INSEE-shaped generational proxy
F,1974,104,0.1645639441,[std] INSEE-shaped generational proxy
F,1974,105,0.1821556781,[std] INSEE-shaped generational proxy
F,1974,106,0.2013937453,[std] INSEE-shaped generational proxy
F,1974,107,0.2223761118,[std] INSEE-shaped generational proxy
F,1974,108,0.2451926823,[std] INSEE-shaped generational proxy
F,1974,109,0.2699210526,[std] INSEE-shaped generational proxy
F,1974,110,0.2966214683,[std] INSEE-shaped generational proxy
F,1974,111,0.3253309784,[std] INSEE-shaped generational proxy
F,1974,112,0.3560568259,[std] INSEE-shaped generational proxy
F,1974,113,0.3887691920,[std] INSEE-shaped generational proxy
F,1974,114,0.4233935140,[std] INSEE-shaped generational proxy
F,1974,115,0.4598027264,[std] INSEE-shaped generational proxy
F,1974,116,0.4978099279,[std] INSEE-shaped generational proxy
F,1974,117,0.5371621530,[std] INSEE-shaped generational proxy
F,1974,118,0.5775361050,[std] INSEE-shaped generational proxy
F,1974,119,0.6185368681,[std] INSEE-shaped generational proxy
F,1974,120,1.0000000000,[std] INSEE-shaped generational proxy
F,1975,50,0.0006451688,[std] INSEE-shaped generational proxy
F,1975,51,0.0006949127,[std] INSEE-shaped generational proxy
F,1975,52,0.0007505489,[std] INSEE-shaped generational proxy
F,1975,53,0.0008127751,[std] INSEE-shaped generational proxy
F,1975,54,0.0008823712,[std] INSEE-shaped generational proxy
F,1975,55,0.0009602097,[std] INSEE-shaped generational proxy
F,1975,56,0.0010472659,[std] INSEE-shaped generational proxy
F,1975,57,0.0011446303,[std] INSEE-shaped generational proxy
F,1975,58,0.0012535224,[std] INSEE-shaped generational proxy
F,1975,59,0.0013753056,[std] INSEE-shaped generational proxy
F,1975,60,0.0015115041,[std] INSEE-shaped generational proxy
F,1975,61,0.0016638218,[std] INSEE-shaped generational proxy
F,1975,62,0.0018341636,[std] INSEE-shaped generational proxy
F,1975,63,0.0020246587,[std] INSEE-shaped generational proxy
F,1975,64,0.0022376868,[std] INSEE-shaped generational proxy
F,1975,65,0.0024759076,[std] INSEE-shaped generational proxy
F,1975,66,0.0027422933,[std] INSEE-shaped generational proxy
F,1975,67,0.0030401648,[std] INSEE-shaped generational proxy
F,1975,68,0.0033732324,[std] INSEE-shaped generational proxy
F,1975,69,0.0037456411,[std] INSEE-shaped generational proxy
F,1975,70,0.0041620201,[std] INSEE-shaped generational proxy
F,1975,71,0.0046275392,[std] INSEE-shaped generational proxy
F,1975,72,0.0051479704,[std] INSEE-shaped generational proxy
F,1975,73,0.0057297571,[std] INSEE-shaped generational proxy
F,1975,74,0.0063800899,[std] INSEE-shaped generational proxy
F,1975,75,0.0071069915,[std] INSEE-shaped generational proxy
F,1975,76,0.0079194103,[std] INSEE-shaped generational proxy
F,1975,77,0.0088273236,[std] INSEE-shaped generational proxy
F,1975,78,0.0098418519,[std] INSEE-shaped generational proxy
F,1975,79,0.0109753846,[std] INSEE-shaped generational proxy
F,1975,80,0.0122417181,[std] INSEE-shaped generational proxy
F,1975,81,0.0136562075,[std] INSEE-shaped generational proxy
F,1975,82,0.0152359323,[std] INSEE-shaped generational proxy
F,1975,83,0.0169998773,[std] INSEE-shaped generational proxy
F,1975,84,0.0189691293,[std] INSEE-shaped generational proxy
F,1975,85,0.0211670894,[std] INSEE-shaped generational proxy
F,1975,86,0.0236197020,[std] INSEE-shaped generational proxy
F,1975,87,0.0263557005,[std] INSEE-shaped generational proxy
F,1975,88,0.0294068675,[std] INSEE-shaped generational proxy
F,1975,89,0.0328083099,[std] INSEE-shaped generational proxy
F,1975,90,0.0365987457,[std] INSEE-shaped generational proxy
F,1975,91,0.0408207999,[std] INSEE-shaped generational proxy
F,1975,92,0.0455213035,[std] INSEE-shaped generational proxy
F,1975,93,0.0507515907,[std] INSEE-shaped generational proxy
F,1975,94,0.0565677849,[std] INSEE-shaped generational proxy
F,1975,95,0.0630310609,[std] INSEE-shaped generational proxy
F,1975,96,0.0702078715,[std] INSEE-shaped generational proxy
F,1975,97,0.0781701163,[std] INSEE-shaped generational proxy
F,1975,98,0.0869952325,[std] INSEE-shaped generational proxy
F,1975,99,0.0967661770,[std] INSEE-shaped generational proxy
F,1975,100,0.1075712648,[std] INSEE-shaped generational proxy
F,1975,101,0.1195038235,[std] INSEE-shaped generational proxy
F,1975,102,0.1326616120,[std] INSEE-shaped generational proxy
F,1975,103,0.1471459460,[std] INSEE-shaped generational proxy
F,1975,104,0.1630604666,[std] INSEE-shaped generational proxy
F,1975,105,0.1805094754,[std] INSEE-shaped generational proxy
F,1975,106,0.1995957607,[std] INSEE-shaped generational proxy
F,1975,107,0.2204178304,[std] INSEE-shaped generational proxy
F,1975,108,0.2430664749,[std] INSEE-shaped generational proxy
F,1975,109,0.2676205885,[std] INSEE-shaped generational proxy
F,1975,110,0.2941422008,[std] INSEE-shaped generational proxy
F,1975,111,0.3226707017,[std] INSEE-shaped generational proxy
F,1975,112,0.3532162969,[std] INSEE-shaped generational proxy
F,1975,113,0.3857528026,[std] INSEE-shaped generational proxy
F,1975,114,0.4202099900,[std] INSEE-shaped generational proxy
F,1975,115,0.4564658146,[std] INSEE-shaped generational proxy
F,1975,116,0.4943390205,[std] INSEE-shaped generational proxy
F,1975,117,0.5335827800,[std] INSEE-shaped generational proxy
F,1975,118,0.5738802115,[std] INSEE-shaped generational proxy
F,1975,119,0.6148427791,[std] INSEE-shaped generational proxy
F,1975,120,1.0000000000,[std] INSEE-shaped generational proxy
F,1976,50,0.0006387192,[std] INSEE-shaped generational proxy
F,1976,51,0.0006879659,[std] INSEE-shaped generational proxy
F,1976,52,0.0007430462,[std] INSEE-shaped generational proxy
F,1976,53,0.0008046506,[std] INSEE-shaped generational proxy
F,1976,54,0.0008735514,[std] INSEE-shaped generational proxy
F,1976,55,0.0009506122,[std] INSEE-shaped generational proxy
F,1976,56,0.0010367986,[std] INSEE-shaped generational proxy
F,1976,57,0.0011331905,[std] INSEE-shaped generational proxy
F,1976,58,0.0012409950,[std] INSEE-shaped generational proxy
F,1976,59,0.0013615619,[std] INSEE-shaped generational proxy
F,1976,60,0.0014964004,[std] INSEE-shaped generational proxy
F,1976,61,0.0016471973,[std] INSEE-shaped generational proxy
F,1976,62,0.0018158387,[std] INSEE-shaped generational proxy
F,1976,63,0.0020044324,[std] INSEE-shaped generational proxy
F,1976,64,0.0022153347,[std] INSEE-shaped generational proxy
F,1976,65,0.0024511789,[std] INSEE-shaped generational proxy
F,1976,66,0.0027149076,[std] INSEE-shaped generational proxy
F,1976,67,0.0030098089,[std] INSEE-shaped generational proxy
F,1976,68,0.0033395565,[std] INSEE-shaped generational proxy
F,1976,69,0.0037082542,[std] INSEE-shaped generational proxy
F,1976,70,0.0041204858,[std] INSEE-shaped generational proxy
F,1976,71,0.0045813699,[std] INSEE-shaped generational proxy
F,1976,72,0.0050966221,[std] INSEE-shaped generational proxy
F,1976,73,0.0056726224,[std] INSEE-shaped generational proxy
F,1976,74,0.0063164909,[std] INSEE-shaped generational proxy
F,1976,75,0.0070361722,[std] INSEE-shaped generational proxy
F,1976,76,0.0078405275,[std] INSEE-shaped generational proxy
F,1976,77,0.0087394372,[std] INSEE-shaped generational proxy
F,1976,78,0.0097439145,[std] INSEE-shaped generational proxy
F,1976,79,0.0108662292,[std] INSEE-shaped generational proxy
F,1976,80,0.0121200458,[std] INSEE-shaped generational proxy
F,1976,81,0.0135205728,[std] INSEE-shaped generational proxy
F,1976,82,0.0150847279,[std] INSEE-shaped generational proxy
F,1976,83,0.0168313174,[std] INSEE-shaped generational proxy
F,1976,84,0.0187812307,[std] INSEE-shaped generational proxy
F,1976,85,0.0209576523,[std] INSEE-shaped generational proxy
F,1976,86,0.0233862888,[std] INSEE-shaped generational proxy
F,1976,87,0.0260956128,[std] INSEE-shaped generational proxy
F,1976,88,0.0291171224,[std] INSEE-shaped generational proxy
F,1976,89,0.0324856147,[std] INSEE-shaped generational proxy
F,1976,90,0.0362394719,[std] INSEE-shaped generational proxy
F,1976,91,0.0404209560,[std] INSEE-shaped generational proxy
F,1976,92,0.0450765087,[std] INSEE-shaped generational proxy
F,1976,93,0.0502570482,[std] INSEE-shaped generational proxy
F,1976,94,0.0560182571,[std] INSEE-shaped generational proxy
F,1976,95,0.0624208473,[std] INSEE-shaped generational proxy
F,1976,96,0.0695307900,[std] INSEE-shaped generational proxy
F,1976,97,0.0774194913,[std] INSEE-shaped generational proxy
F,1976,98,0.0861638905,[std] INSEE-shaped generational proxy
F,1976,99,0.0958464535,[std] INSEE-shaped generational proxy
F,1976,100,0.1065550258,[std] INSEE-shaped generational proxy
F,1976,101,0.1183825054,[std] INSEE-shaped generational proxy
F,1976,102,0.1314262843,[std] INSEE-shaped generational proxy
F,1976,103,0.1457874042,[std] INSEE-shaped generational proxy
F,1976,104,0.1615693586,[std] INSEE-shaped generational proxy
F,1976,105,0.1788764707,[std] INSEE-shaped generational proxy
F,1976,106,0.1978117685,[std] INSEE-shaped generational proxy
F,1976,107,0.2184742741,[std] INSEE-shaped generational proxy
F,1976,108,0.2409556298,[std] INSEE-shaped generational proxy
F,1976,109,0.2653359887,[std] INSEE-shaped generational proxy
F,1976,110,0.2916791178,[std] INSEE-shaped generational proxy
F,1976,111,0.3200266951,[std] INSEE-shaped generational proxy
F,1976,112,0.3503918307,[std] INSEE-shaped generational proxy
F,1976,113,0.3827519142,[std] INSEE-shaped generational proxy
F,1976,114,0.4170409876,[std] INSEE-shaped generational proxy
F,1976,115,0.4531419677,[std] INSEE-shaped generational proxy
F,1976,116,0.4908791921,[std] INSEE-shaped generational proxy
F,1976,117,0.5300119341,[std] INSEE-shaped generational proxy
F,1976,118,0.5702297136,[std] INSEE-shaped generational proxy
F,1976,119,0.6111503934,[std] INSEE-shaped generational proxy
F,1976,120,1.0000000000,[std] INSEE-shaped generational proxy
F,1977,50,0.0006323340,[std] INSEE-shaped generational proxy
F,1977,51,0.0006810886,[std] INSEE-shaped generational proxy
F,1977,52,0.0007356185,[std] INSEE-shaped generational proxy
F,1977,53,0.0007966073,[std] INSEE-shaped generational proxy
F,1977,54,0.0008648197,[std] INSEE-shaped generational proxy
F,1977,55,0.0009411105,[std] INSEE-shaped generational proxy
F,1977,56,0.0010264360,[std] INSEE-shaped generational proxy
F,1977,57,0.0011218650,[std] INSEE-shaped generational proxy
F,1977,58,0.0012285927,[std] INSEE-shaped generational proxy
F,1977,59,0.0013479555,[std] INSEE-shaped generational proxy
F,1977,60,0.0014814475,[std] INSEE-shaped generational proxy
F,1977,61,0.0016307388,[std] INSEE-shaped generational proxy
F,1977,62,0.0017976966,[std] INSEE-shaped generational proxy
F,1977,63,0.0019844080,[std] INSEE-shaped generational proxy
F,1977,64,0.0021932057,[std] INSEE-shaped generational proxy
F,1977,65,0.0024266969,[std] INSEE-shaped generational proxy
F,1977,66,0.0026877950,[std] INSEE-shaped generational proxy
F,1977,67,0.0029797557,[std] INSEE-shaped generational proxy
F,1977,68,0.0033062162,[std] INSEE-shaped generational proxy
F,1977,69,0.0036712398,[std] INSEE-shaped generational proxy
F,1977,70,0.0040793651,[std] INSEE-shaped generational proxy
F,1977,71,0.0045356603,[std] INSEE-shaped generational proxy
F,1977,72,0.0050457847,[std] INSEE-shaped generational proxy
F,1977,73,0.0056160557,[std] INSEE-shaped generational proxy
F,1977,74,0.0062535239,[std] INSEE-shaped generational proxy
F,1977,75,0.0069660562,[std] INSEE-shaped generational proxy
F,1977,76,0.0077624273,[std] INSEE-shaped generational proxy
F,1977,77,0.0086524221,[std] INSEE-shaped generational proxy
F,1977,78,0.0096469468,[std] INSEE-shaped generational proxy
F,1977,79,0.0107581536,[std] INSEE-shaped generational proxy
F,1977,80,0.0119995755,[std] INSEE-shaped generational proxy
F,1977,81,0.0133862761,[std] INSEE-shaped generational proxy
F,1977,82,0.0149350128,[std] INSEE-shaped generational proxy
F,1977,83,0.0166644145,[std] INSEE-shaped generational proxy
F,1977,84,0.0185951756,[std] INSEE-shaped generational proxy
F,1977,85,0.0207502654,[std] INSEE-shaped generational proxy
F,1977,86,0.0231551547,[std] INSEE-shaped generational proxy
F,1977,87,0.0258380575,[std] INSEE-shaped generational proxy
F,1977,88,0.0288301896,[std] INSEE-shaped generational proxy
F,1977,89,0.0321660405,[std] INSEE-shaped generational proxy
F,1977,90,0.0358836588,[std] INSEE-shaped generational proxy
F,1977,91,0.0400249464,[std] INSEE-shaped generational proxy
F,1977,92,0.0446359576,[std] INSEE-shaped generational proxy
F,1977,93,0.0497671974,[std] INSEE-shaped generational proxy
F,1977,94,0.0554739094,[std] INSEE-shaped generational proxy
F,1977,95,0.0618163443,[std] INSEE-shaped generational proxy
F,1977,96,0.0688599936,[std] INSEE-shaped generational proxy
F,1977,97,0.0766757704,[std] INSEE-shaped generational proxy
F,1977,98,0.0853401162,[std] INSEE-shaped generational proxy
F,1977,99,0.0949350047,[std] INSEE-shaped generational proxy
F,1977,100,0.1055478093,[std] INSEE-shaped generational proxy
F,1977,101,0.1172709937,[std] INSEE-shaped generational proxy
F,1977,102,0.1302015769,[std] INSEE-shaped generational proxy
F,1977,103,0.1444403162,[std] INSEE-shaped generational proxy
F,1977,104,0.1600905448,[std] INSEE-shaped generational proxy
F,1977,105,0.1772565906,[std] INSEE-shaped generational proxy
F,1977,106,0.1960416994,[std] INSEE-shaped generational proxy
F,1977,107,0.2165453803,[std] INSEE-shaped generational proxy
F,1977,108,0.2388600948,[std] INSEE-shaped generational proxy
F,1977,109,0.2630672149,[std] INSEE-shaped generational proxy
F,1977,110,0.2892321993,[std] INSEE-shaped generational proxy
F,1977,111,0.3173989619,[std] INSEE-shaped generational proxy
F,1977,112,0.3475834595,[std] INSEE-shaped generational proxy
F,1977,113,0.3797665933,[std] INSEE-shaped generational proxy
F,1977,114,0.4138866135,[std] INSEE-shaped generational proxy
F,1977,115,0.4498313374,[std] INSEE-shaped generational proxy
F,1977,116,0.4874306435,[std] INSEE-shaped generational proxy
F,1977,117,0.5264498680,[std] INSEE-shaped generational proxy
F,1977,118,0.5665849159,[std] INSEE-shaped generational proxy
F,1977,119,0.6074600640,[std] INSEE-shaped generational proxy
F,1977,120,1.0000000000,[std] INSEE-shaped generational proxy
F,1978,50,0.0006260126,[std] INSEE-shaped generational proxy
F,1978,51,0.0006742800,[std] INSEE-shaped generational proxy
F,1978,52,0.0007282650,[std] INSEE-shaped generational proxy
F,1978,53,0.0007886444,[std] INSEE-shaped generational proxy
F,1978,54,0.0008561752,[std] INSEE-shaped generational proxy
F,1978,55,0.0009317038,[std] INSEE-shaped generational proxy
F,1978,56,0.0010161768,[std] INSEE-shaped generational proxy
F,1978,57,0.0011106525,[std] INSEE-shaped generational proxy
F,1978,58,0.0012163142,[std] INSEE-shaped generational proxy
F,1978,59,0.0013344849,[std] INSEE-shaped generational proxy
F,1978,60,0.0014666439,[std] INSEE-shaped generational proxy
F,1978,61,0.0016144446,[std] INSEE-shaped generational proxy
F,1978,62,0.0017797356,[std] INSEE-shaped generational proxy
F,1978,63,0.0019645834,[std] INSEE-shaped generational proxy
F,1978,64,0.0021712975,[std] INSEE-shaped generational proxy
F,1978,65,0.0024024591,[std] INSEE-shaped generational proxy
F,1978,66,0.0026609529,[std] INSEE-shaped generational proxy
F,1978,67,0.0029500021,[std] INSEE-shaped generational proxy
F,1978,68,0.0032732082,[std] INSEE-shaped generational proxy
F,1978,69,0.0036345942,[std] INSEE-shaped generational proxy
F,1978,70,0.0040386539,[std] INSEE-shaped generational proxy
F,1978,71,0.0044904057,[std] INSEE-shaped generational proxy
F,1978,72,0.0049954531,[std] INSEE-shaped generational proxy
F,1978,73,0.0055600516,[std] INSEE-shaped generational proxy
F,1978,74,0.0061911827,[std] INSEE-shaped generational proxy
F,1978,75,0.0068966364,[std] INSEE-shaped generational proxy
F,1978,76,0.0076851021,[std] INSEE-shaped generational proxy
F,1978,77,0.0085662695,[std] INSEE-shaped generational proxy
F,1978,78,0.0095509395,[std] INSEE-shaped generational proxy
F,1978,79,0.0106511470,[std] INSEE-shaped generational proxy
F,1978,80,0.0118802953,[std] INSEE-shaped generational proxy
F,1978,81,0.0132533044,[std] INSEE-shaped generational proxy
F,1978,82,0.0147867724,[std] INSEE-shaped generational proxy
F,1978,83,0.0164991528,[std] INSEE-shaped generational proxy
F,1978,84,0.0184109462,[std] INSEE-shaped generational proxy
F,1978,85,0.0205449091,[std] INSEE-shaped generational proxy
F,1978,86,0.0229262781,[std] INSEE-shaped generational proxy
F,1978,87,0.0255830107,[std] INSEE-shaped generational proxy
F,1978,88,0.0285460425,[std] INSEE-shaped generational proxy
F,1978,89,0.0318495580,[std] INSEE-shaped generational proxy
F,1978,90,0.0355312744,[std] INSEE-shaped generational proxy
F,1978,91,0.0396327359,[std] INSEE-shaped generational proxy
F,1978,92,0.0441996119,[std] INSEE-shaped generational proxy
F,1978,93,0.0492819962,[std] INSEE-shaped generational proxy
F,1978,94,0.0549346959,[std] INSEE-shaped generational proxy
F,1978,95,0.0612175025,[std] INSEE-shaped generational proxy
F,1978,96,0.0681954289,[std] INSEE-shaped generational proxy
F,1978,97,0.0759388962,[std] INSEE-shaped generational proxy
F,1978,98,0.0845238482,[std] INSEE-shaped generational proxy
F,1978,99,0.0940317653,[std] INSEE-shaped generational proxy
F,1978,100,0.1045495465,[std] INSEE-shaped generational proxy
F,1978,101,0.1161692168,[std] INSEE-shaped generational proxy
F,1978,102,0.1289874154,[std] INSEE-shaped generational proxy
F,1978,103,0.1431046064,[std] INSEE-shaped generational proxy
F,1978,104,0.1586239499,[std] INSEE-shaped generational proxy
F,1978,105,0.1756497615,[std] INSEE-shaped generational proxy
F,1978,106,0.1942854836,[std] INSEE-shaped generational proxy
F,1978,107,0.2146310860,[std] INSEE-shaped generational proxy
F,1978,108,0.2367798164,[std] INSEE-shaped generational proxy
F,1978,109,0.2608142273,[std] INSEE-shaped generational proxy
F,1978,110,0.2868014236,[std] INSEE-shaped generational proxy
F,1978,111,0.3147875032,[std] INSEE-shaped generational proxy
F,1978,112,0.3447912126,[std] INSEE-shaped generational proxy
F,1978,113,0.3767969033,[std] INSEE-shaped generational proxy
F,1978,114,0.4107469703,[std] INSEE-shaped generational proxy
F,1978,115,0.4465340712,[std] INSEE-shaped generational proxy
F,1978,116,0.4839935714,[std] INSEE-shaped generational proxy
F,1978,117,0.5228968297,[std] INSEE-shaped generational proxy
F,1978,118,0.5629461184,[std] INSEE-shaped generational proxy
F,1978,119,0.6037721400,[std] INSEE-shaped generational proxy
F,1978,120,1.0000000000,[std] INSEE-shaped generational proxy
F,1979,50,0.0006197545,[std] INSEE-shaped generational proxy
F,1979,51,0.0006675395,[std] INSEE-shaped generational proxy
F,1979,52,0.0007209849,[std] INSEE-shaped generational proxy
F,1979,53,0.0007807610,[std] INSEE-shaped generational proxy
F,1979,54,0.0008476170,[std] INSEE-shaped generational proxy
F,1979,55,0.0009223911,[std] INSEE-shaped generational proxy
F,1979,56,0.0010060202,[std] INSEE-shaped generational proxy
F,1979,57,0.0010995521,[std] INSEE-shaped generational proxy
F,1979,58,0.0012041584,[std] INSEE-shaped generational proxy
F,1979,59,0.0013211489,[std] INSEE-shaped generational proxy
F,1979,60,0.0014519881,[std] INSEE-shaped generational proxy
F,1979,61,0.0015983130,[std] INSEE-shaped generational proxy
F,1979,62,0.0017619540,[std] INSEE-shaped generational proxy
F,1979,63,0.0019449567,[std] INSEE-shaped generational proxy
F,1979,64,0.0021496079,[std] INSEE-shaped generational proxy
F,1979,65,0.0023784631,[std] INSEE-shaped generational proxy
F,1979,66,0.0026343784,[std] INSEE-shaped generational proxy
F,1979,67,0.0029205452,[std] INSEE-shaped generational proxy
F,1979,68,0.0032405292,[std] INSEE-shaped generational proxy
F,1979,69,0.0035983138,[std] INSEE-shaped generational proxy
F,1979,70,0.0039983482,[std] INSEE-shaped generational proxy
F,1979,71,0.0044456016,[std] INSEE-shaped generational proxy
F,1979,72,0.0049456223,[std] INSEE-shaped generational proxy
F,1979,73,0.0055046044,[std] INSEE-shaped generational proxy
F,1979,74,0.0061294610,[std] INSEE-shaped generational proxy
F,1979,75,0.0068279060,[std] INSEE-shaped generational proxy
F,1979,76,0.0076085442,[std] INSEE-shaped generational proxy
F,1979,77,0.0084809711,[std] INSEE-shaped generational proxy
F,1979,78,0.0094558831,[std] INSEE-shaped generational proxy
F,1979,79,0.0105451991,[std] INSEE-shaped generational proxy
F,1979,80,0.0117621939,[std] INSEE-shaped generational proxy
F,1979,81,0.0131216447,[std] INSEE-shaped generational proxy
F,1979,82,0.0146399924,[std] INSEE-shaped generational proxy
F,1979,83,0.0163355163,[std] INSEE-shaped generational proxy
F,1979,84,0.0182285251,[std] INSEE-shaped generational proxy
F,1979,85,0.0203415640,[std] INSEE-shaped generational proxy
F,1979,86,0.0226996374,[std] INSEE-shaped generational proxy
F,1979,87,0.0253304486,[std] INSEE-shaped generational proxy
F,1979,88,0.0282646551,[std] INSEE-shaped generational proxy
F,1979,89,0.0315361384,[std] INSEE-shaped generational proxy
F,1979,90,0.0351822870,[std] INSEE-shaped generational proxy
F,1979,91,0.0392442896,[std] INSEE-shaped generational proxy
F,1979,92,0.0437674333,[std] INSEE-shaped generational proxy
F,1979,93,0.0488014029,[std] INSEE-shaped generational proxy
F,1979,94,0.0544005713,[std] INSEE-shaped generational proxy
F,1979,95,0.0606242725,[std] INSEE-shaped generational proxy
F,1979,96,0.0675370426,[std] INSEE-shaped generational proxy
F,1979,97,0.0752088115,[std] INSEE-shaped generational proxy
F,1979,98,0.0837150253,[std] INSEE-shaped generational proxy
F,1979,99,0.0931366705,[std] INSEE-shaped generational proxy
F,1979,100,0.1035601688,[std] INSEE-shaped generational proxy
F,1979,101,0.1150771030,[std] INSEE-shaped generational proxy
F,1979,102,0.1277837261,[std] INSEE-shaped generational proxy
F,1979,103,0.1417801996,[std] INSEE-shaped generational proxy
F,1979,104,0.1571694983,[std] INSEE-shaped generational proxy
F,1979,105,0.1740559095,[std] INSEE-shaped generational proxy
F,1979,106,0.1925430511,[std] INSEE-shaped generational proxy
F,1979,107,0.2127313272,[std] INSEE-shaped generational proxy
F,1979,108,0.2347147402,[std] INSEE-shaped generational proxy
F,1979,109,0.2585769847,[std] INSEE-shaped generational proxy
F,1979,110,0.2843867669,[std] INSEE-shaped generational proxy
F,1979,111,0.3121923177,[std] INSEE-shaped generational proxy
F,1979,112,0.3420151165,[std] INSEE-shaped generational proxy
F,1979,113,0.3738429039,[std] INSEE-shaped generational proxy
F,1979,114,0.4076221571,[std] INSEE-shaped generational proxy
F,1979,115,0.4432503123,[std] INSEE-shaped generational proxy
F,1979,116,0.4805681674,[std] INSEE-shaped generational proxy
F,1979,117,0.5193530626,[std] INSEE-shaped generational proxy
F,1979,118,0.5593136163,[std] INSEE-shaped generational proxy
F,1979,119,0.6000869662,[std] INSEE-shaped generational proxy
F,1979,120,1.0000000000,[std] INSEE-shaped generational proxy
F,1980,50,0.0006135588,[std] INSEE-shaped generational proxy
F,1980,51,0.0006608663,[std] INSEE-shaped generational proxy
F,1980,52,0.0007137777,[std] INSEE-shaped generational proxy
F,1980,53,0.0007729564,[std] INSEE-shaped generational proxy
F,1980,54,0.0008391444,[std] INSEE-shaped generational proxy
F,1980,55,0.0009131714,[std] INSEE-shaped generational proxy
F,1980,56,0.0009959650,[std] INSEE-shaped generational proxy
F,1980,57,0.0010885626,[std] INSEE-shaped generational proxy
F,1980,58,0.0011921240,[std] INSEE-shaped generational proxy
F,1980,59,0.0013079461,[std] INSEE-shaped generational proxy
F,1980,60,0.0014374786,[std] INSEE-shaped generational proxy
F,1980,61,0.0015823426,[std] INSEE-shaped generational proxy
F,1980,62,0.0017443498,[std] INSEE-shaped generational proxy
F,1980,63,0.0019255259,[std] INSEE-shaped generational proxy
F,1980,64,0.0021281347,[std] INSEE-shaped generational proxy
F,1980,65,0.0023547065,[std] INSEE-shaped generational proxy
F,1980,66,0.0026080690,[std] INSEE-shaped generational proxy
F,1980,67,0.0028913821,[std] INSEE-shaped generational proxy
F,1980,68,0.0032081760,[std] INSEE-shaped generational proxy
F,1980,69,0.0035623948,[std] INSEE-shaped generational proxy
F,1980,70,0.0039584440,[std] INSEE-shaped generational proxy
F,1980,71,0.0044012436,[std] INSEE-shaped generational proxy
F,1980,72,0.0048962874,[std] INSEE-shaped generational proxy
F,1980,73,0.0054497086,[std] INSEE-shaped generational proxy
F,1980,74,0.0060683527,[std] INSEE-shaped generational proxy
F,1980,75,0.0067598582,[std] INSEE-shaped generational proxy
F,1980,76,0.0075327460,[std] INSEE-shaped generational proxy
F,1980,77,0.0083965184,[std] INSEE-shaped generational proxy
F,1980,78,0.0093617683,[std] INSEE-shaped generational proxy
F,1980,79,0.0104402996,[std] INSEE-shaped generational proxy
F,1980,80,0.0116452595,[std] INSEE-shaped generational proxy
F,1980,81,0.0129912843,[std] INSEE-shaped generational proxy
F,1980,82,0.0144946587,[std] INSEE-shaped generational proxy
F,1980,83,0.0161734893,[std] INSEE-shaped generational proxy
F,1980,84,0.0180478948,[std] INSEE-shaped generational proxy
F,1980,85,0.0201402108,[std] INSEE-shaped generational proxy
F,1980,86,0.0224752114,[std] INSEE-shaped generational proxy
F,1980,87,0.0250803477,[std] INSEE-shaped generational proxy
F,1980,88,0.0279860012,[std] INSEE-shaped generational proxy
F,1980,89,0.0312257530,[std] INSEE-shaped generational proxy
F,1980,90,0.0348366651,[std] INSEE-shaped generational proxy
F,1980,91,0.0388595730,[std] INSEE-shaped generational proxy
F,1980,92,0.0433393840,[std] INSEE-shaped generational proxy
F,1980,93,0.0483253762,[std] INSEE-shaped generational proxy
F,1980,94,0.0538714906,[std] INSEE-shaped generational proxy
F,1980,95,0.0600366056,[std] INSEE-shaped generational proxy
F,1980,96,0.0668847819,[std] INSEE-shaped generational proxy
F,1980,97,0.0744854594,[std] INSEE-shaped generational proxy
F,1980,98,0.0829135867,[std] INSEE-shaped generational proxy
F,1980,99,0.0922496554,[std] INSEE-shaped generational proxy
F,1980,100,0.1025796081,[std] INSEE-shaped generational proxy
F,1980,101,0.1139945810,[std] INSEE-shaped generational proxy
F,1980,102,0.1265904351,[std] INSEE-shaped generational proxy
F,1980,103,0.1404670205,[std] INSEE-shaped generational proxy
F,1980,104,0.1557271147,[std] INSEE-shaped generational proxy
F,1980,105,0.1724749604,[std] INSEE-shaped generational proxy
F,1980,106,0.1908143310,[std] INSEE-shaped generational proxy
F,1980,107,0.2108460394,[std] INSEE-shaped generational proxy
F,1980,108,0.2326648108,[std] INSEE-shaped generational proxy
F,1980,109,0.2563554445,[std] INSEE-shaped generational proxy
F,1980,110,0.2819882038,[std] INSEE-shaped generational proxy
F,1980,111,0.3096134022,[std] INSEE-shaped generational proxy
F,1980,112,0.3392551952,[std] INSEE-shaped generational proxy
F,1980,113,0.3709046521,[std] INSEE-shaped generational proxy
F,1980,114,0.4045122692,[std] INSEE-shaped generational proxy
F,1980,115,0.4399801998,[std] INSEE-shaped generational proxy
F,1980,116,0.4771546191,[std] INSEE-shaped generational proxy
F,1980,117,0.5158188054,[std] INSEE-shaped generational proxy
F,1980,118,0.5556877005,[std] INSEE-shaped generational proxy
F,1980,119,0.5964048830,[std] INSEE-shaped generational proxy
F,1980,120,1.0000000000,[std] INSEE-shaped generational proxy
