sex,age,cause,ci_rate,provenance
M,15,cancer,8.8203e-05,[std] log-linear extrapolation below age 20 on [S3]'s own age-20-to-40 log-slope; no Korean CI rate below age 20 is published
M,15,ami,1.2493e-05,[std] log-linear extrapolation below age 20 on [S3]'s own age-20-to-40 log-slope; no Korean CI rate below age 20 is published
M,15,stroke,1.7192e-05,[std] log-linear extrapolation below age 20 on [S3]'s own age-20-to-40 log-slope; no Korean CI rate below age 20 is published
M,15,other,1.2378e-05,"[std] the five remaining 중대한 질병, the four 중대한 수술 and 중대한 화상 및 부식 as 10.5% of the three headline rates: [S4]'s published 3대-to-17대 office premium step of 5.30% divided by the 50.6% share the CI benefit takes of the risk premium at male 40 in [S3]'s 보장위험별 연간보험료 disclosure"
M,15,ltc,0.0,"[std] 장기요양 1·2등급 inception, 0.12% at 65 growing 14% a year, a placeholder for the construction LTC_KR_S owns; scaled so the 65+ mean is of the order of the 0.5% a year implied by [REG-R42]'s 154,688 1·2등급 인정자 against the 65+ population at an assumed three-year mean duration. Nil below 65: the 노인성 질병 route under 65 [REG-R55] is not modelled"
M,16,cancer,9.7288e-05,[std] log-linear extrapolation below age 20 on [S3]'s own age-20-to-40 log-slope; no Korean CI rate below age 20 is published
M,16,ami,1.4575e-05,[std] log-linear extrapolation below age 20 on [S3]'s own age-20-to-40 log-slope; no Korean CI rate below age 20 is published
M,16,stroke,2.0147e-05,[std] log-linear extrapolation below age 20 on [S3]'s own age-20-to-40 log-slope; no Korean CI rate below age 20 is published
M,16,other,1.3861e-05,"[std] the five remaining 중대한 질병, the four 중대한 수술 and 중대한 화상 및 부식 as 10.5% of the three headline rates: [S4]'s published 3대-to-17대 office premium step of 5.30% divided by the 50.6% share the CI benefit takes of the risk premium at male 40 in [S3]'s 보장위험별 연간보험료 disclosure"
M,16,ltc,0.0,"[std] 장기요양 1·2등급 inception, 0.12% at 65 growing 14% a year, a placeholder for the construction LTC_KR_S owns; scaled so the 65+ mean is of the order of the 0.5% a year implied by [REG-R42]'s 154,688 1·2등급 인정자 against the 65+ population at an assumed three-year mean duration. Nil below 65: the 노인성 질병 route under 65 [REG-R55] is not modelled"
M,17,cancer,0.000107309,[std] log-linear extrapolation below age 20 on [S3]'s own age-20-to-40 log-slope; no Korean CI rate below age 20 is published
M,17,ami,1.7004e-05,[std] log-linear extrapolation below age 20 on [S3]'s own age-20-to-40 log-slope; no Korean CI rate below age 20 is published
M,17,stroke,2.3611e-05,[std] log-linear extrapolation below age 20 on [S3]'s own age-20-to-40 log-slope; no Korean CI rate below age 20 is published
M,17,other,1.5532e-05,"[std] the five remaining 중대한 질병, the four 중대한 수술 and 중대한 화상 및 부식 as 10.5% of the three headline rates: [S4]'s published 3대-to-17대 office premium step of 5.30% divided by the 50.6% share the CI benefit takes of the risk premium at male 40 in [S3]'s 보장위험별 연간보험료 disclosure"
M,17,ltc,0.0,"[std] 장기요양 1·2등급 inception, 0.12% at 65 growing 14% a year, a placeholder for the construction LTC_KR_S owns; scaled so the 65+ mean is of the order of the 0.5% a year implied by [REG-R42]'s 154,688 1·2등급 인정자 against the 65+ population at an assumed three-year mean duration. Nil below 65: the 노인성 질병 route under 65 [REG-R55] is not modelled"
M,18,cancer,0.000118362,[std] log-linear extrapolation below age 20 on [S3]'s own age-20-to-40 log-slope; no Korean CI rate below age 20 is published
M,18,ami,1.9838e-05,[std] log-linear extrapolation below age 20 on [S3]'s own age-20-to-40 log-slope; no Korean CI rate below age 20 is published
M,18,stroke,2.7669e-05,[std] log-linear extrapolation below age 20 on [S3]'s own age-20-to-40 log-slope; no Korean CI rate below age 20 is published
M,18,other,1.7416e-05,"[std] the five remaining 중대한 질병, the four 중대한 수술 and 중대한 화상 및 부식 as 10.5% of the three headline rates: [S4]'s published 3대-to-17대 office premium step of 5.30% divided by the 50.6% share the CI benefit takes of the risk premium at male 40 in [S3]'s 보장위험별 연간보험료 disclosure"
M,18,ltc,0.0,"[std] 장기요양 1·2등급 inception, 0.12% at 65 growing 14% a year, a placeholder for the construction LTC_KR_S owns; scaled so the 65+ mean is of the order of the 0.5% a year implied by [REG-R42]'s 154,688 1·2등급 인정자 against the 65+ population at an assumed three-year mean duration. Nil below 65: the 노인성 질병 route under 65 [REG-R55] is not modelled"
M,19,cancer,0.000130553,[std] log-linear extrapolation below age 20 on [S3]'s own age-20-to-40 log-slope; no Korean CI rate below age 20 is published
M,19,ami,2.3143e-05,[std] log-linear extrapolation below age 20 on [S3]'s own age-20-to-40 log-slope; no Korean CI rate below age 20 is published
M,19,stroke,3.2426e-05,[std] log-linear extrapolation below age 20 on [S3]'s own age-20-to-40 log-slope; no Korean CI rate below age 20 is published
M,19,other,1.9543e-05,"[std] the five remaining 중대한 질병, the four 중대한 수술 and 중대한 화상 및 부식 as 10.5% of the three headline rates: [S4]'s published 3대-to-17대 office premium step of 5.30% divided by the 50.6% share the CI benefit takes of the risk premium at male 40 in [S3]'s 보장위험별 연간보험료 disclosure"
M,19,ltc,0.0,"[std] 장기요양 1·2등급 inception, 0.12% at 65 growing 14% a year, a placeholder for the construction LTC_KR_S owns; scaled so the 65+ mean is of the order of the 0.5% a year implied by [REG-R42]'s 154,688 1·2등급 인정자 against the 65+ population at an assumed three-year mean duration. Nil below 65: the 노인성 질병 route under 65 [REG-R55] is not modelled"
M,20,cancer,0.000144,"[S3] ANCHOR - 예정위험률 disclosed by age and sex in a Korean CI 상품요약서, the only published Korean CI morbidity basis found"
M,20,ami,2.7e-05,"[S3] ANCHOR - 예정위험률 disclosed by age and sex in a Korean CI 상품요약서, the only published Korean CI morbidity basis found"
M,20,stroke,3.8e-05,"[S3] ANCHOR - 예정위험률 disclosed by age and sex in a Korean CI 상품요약서, the only published Korean CI morbidity basis found"
M,20,other,2.1945e-05,"[std] the five remaining 중대한 질병, the four 중대한 수술 and 중대한 화상 및 부식 as 10.5% of the three headline rates: [S4]'s published 3대-to-17대 office premium step of 5.30% divided by the 50.6% share the CI benefit takes of the risk premium at male 40 in [S3]'s 보장위험별 연간보험료 disclosure"
M,20,ltc,0.0,"[std] 장기요양 1·2등급 inception, 0.12% at 65 growing 14% a year, a placeholder for the construction LTC_KR_S owns; scaled so the 65+ mean is of the order of the 0.5% a year implied by [REG-R42]'s 154,688 1·2등급 인정자 against the 65+ population at an assumed three-year mean duration. Nil below 65: the 노인성 질병 route under 65 [REG-R55] is not modelled"
M,21,cancer,0.000158832,[std] log-linear in ln(rate) between [S3]'s anchors at ages 20 and 40 (below 40) or 40 and 60 (40 to 60); the anchors themselves are [S3]
M,21,ami,3.1499e-05,[std] log-linear in ln(rate) between [S3]'s anchors at ages 20 and 40 (below 40) or 40 and 60 (40 to 60); the anchors themselves are [S3]
M,21,stroke,4.4532e-05,[std] log-linear in ln(rate) between [S3]'s anchors at ages 20 and 40 (below 40) or 40 and 60 (40 to 60); the anchors themselves are [S3]
M,21,other,2.4661e-05,"[std] the five remaining 중대한 질병, the four 중대한 수술 and 중대한 화상 및 부식 as 10.5% of the three headline rates: [S4]'s published 3대-to-17대 office premium step of 5.30% divided by the 50.6% share the CI benefit takes of the risk premium at male 40 in [S3]'s 보장위험별 연간보험료 disclosure"
M,21,ltc,0.0,"[std] 장기요양 1·2등급 inception, 0.12% at 65 growing 14% a year, a placeholder for the construction LTC_KR_S owns; scaled so the 65+ mean is of the order of the 0.5% a year implied by [REG-R42]'s 154,688 1·2등급 인정자 against the 65+ population at an assumed three-year mean duration. Nil below 65: the 노인성 질병 route under 65 [REG-R55] is not modelled"
M,22,cancer,0.000175192,[std] log-linear in ln(rate) between [S3]'s anchors at ages 20 and 40 (below 40) or 40 and 60 (40 to 60); the anchors themselves are [S3]
M,22,ami,3.6748e-05,[std] log-linear in ln(rate) between [S3]'s anchors at ages 20 and 40 (below 40) or 40 and 60 (40 to 60); the anchors themselves are [S3]
M,22,stroke,5.2187e-05,[std] log-linear in ln(rate) between [S3]'s anchors at ages 20 and 40 (below 40) or 40 and 60 (40 to 60); the anchors themselves are [S3]
M,22,other,2.7733e-05,"[std] the five remaining 중대한 질병, the four 중대한 수술 and 중대한 화상 및 부식 as 10.5% of the three headline rates: [S4]'s published 3대-to-17대 office premium step of 5.30% divided by the 50.6% share the CI benefit takes of the risk premium at male 40 in [S3]'s 보장위험별 연간보험료 disclosure"
M,22,ltc,0.0,"[std] 장기요양 1·2등급 inception, 0.12% at 65 growing 14% a year, a placeholder for the construction LTC_KR_S owns; scaled so the 65+ mean is of the order of the 0.5% a year implied by [REG-R42]'s 154,688 1·2등급 인정자 against the 65+ population at an assumed three-year mean duration. Nil below 65: the 노인성 질병 route under 65 [REG-R55] is not modelled"
M,23,cancer,0.000193237,[std] log-linear in ln(rate) between [S3]'s anchors at ages 20 and 40 (below 40) or 40 and 60 (40 to 60); the anchors themselves are [S3]
M,23,ami,4.2872e-05,[std] log-linear in ln(rate) between [S3]'s anchors at ages 20 and 40 (below 40) or 40 and 60 (40 to 60); the anchors themselves are [S3]
M,23,stroke,6.1159e-05,[std] log-linear in ln(rate) between [S3]'s anchors at ages 20 and 40 (below 40) or 40 and 60 (40 to 60); the anchors themselves are [S3]
M,23,other,3.1213e-05,"[std] the five remaining 중대한 질병, the four 중대한 수술 and 중대한 화상 및 부식 as 10.5% of the three headline rates: [S4]'s published 3대-to-17대 office premium step of 5.30% divided by the 50.6% share the CI benefit takes of the risk premium at male 40 in [S3]'s 보장위험별 연간보험료 disclosure"
M,23,ltc,0.0,"[std] 장기요양 1·2등급 inception, 0.12% at 65 growing 14% a year, a placeholder for the construction LTC_KR_S owns; scaled so the 65+ mean is of the order of the 0.5% a year implied by [REG-R42]'s 154,688 1·2등급 인정자 against the 65+ population at an assumed three-year mean duration. Nil below 65: the 노인성 질병 route under 65 [REG-R55] is not modelled"
M,24,cancer,0.00021314,[std] log-linear in ln(rate) between [S3]'s anchors at ages 20 and 40 (below 40) or 40 and 60 (40 to 60); the anchors themselves are [S3]
M,24,ami,5.0017e-05,[std] log-linear in ln(rate) between [S3]'s anchors at ages 20 and 40 (below 40) or 40 and 60 (40 to 60); the anchors themselves are [S3]
M,24,stroke,7.1672e-05,[std] log-linear in ln(rate) between [S3]'s anchors at ages 20 and 40 (below 40) or 40 and 60 (40 to 60); the anchors themselves are [S3]
M,24,other,3.5157e-05,"[std] the five remaining 중대한 질병, the four 중대한 수술 and 중대한 화상 및 부식 as 10.5% of the three headline rates: [S4]'s published 3대-to-17대 office premium step of 5.30% divided by the 50.6% share the CI benefit takes of the risk premium at male 40 in [S3]'s 보장위험별 연간보험료 disclosure"
M,24,ltc,0.0,"[std] 장기요양 1·2등급 inception, 0.12% at 65 growing 14% a year, a placeholder for the construction LTC_KR_S owns; scaled so the 65+ mean is of the order of the 0.5% a year implied by [REG-R42]'s 154,688 1·2등급 인정자 against the 65+ population at an assumed three-year mean duration. Nil below 65: the 노인성 질병 route under 65 [REG-R55] is not modelled"
M,25,cancer,0.000235094,[std] log-linear in ln(rate) between [S3]'s anchors at ages 20 and 40 (below 40) or 40 and 60 (40 to 60); the anchors themselves are [S3]
M,25,ami,5.8351e-05,[std] log-linear in ln(rate) between [S3]'s anchors at ages 20 and 40 (below 40) or 40 and 60 (40 to 60); the anchors themselves are [S3]
M,25,stroke,8.3992e-05,[std] log-linear in ln(rate) between [S3]'s anchors at ages 20 and 40 (below 40) or 40 and 60 (40 to 60); the anchors themselves are [S3]
M,25,other,3.9631e-05,"[std] the five remaining 중대한 질병, the four 중대한 수술 and 중대한 화상 및 부식 as 10.5% of the three headline rates: [S4]'s published 3대-to-17대 office premium step of 5.30% divided by the 50.6% share the CI benefit takes of the risk premium at male 40 in [S3]'s 보장위험별 연간보험료 disclosure"
M,25,ltc,0.0,"[std] 장기요양 1·2등급 inception, 0.12% at 65 growing 14% a year, a placeholder for the construction LTC_KR_S owns; scaled so the 65+ mean is of the order of the 0.5% a year implied by [REG-R42]'s 154,688 1·2등급 인정자 against the 65+ population at an assumed three-year mean duration. Nil below 65: the 노인성 질병 route under 65 [REG-R55] is not modelled"
M,26,cancer,0.000259308,[std] log-linear in ln(rate) between [S3]'s anchors at ages 20 and 40 (below 40) or 40 and 60 (40 to 60); the anchors themselves are [S3]
M,26,ami,6.8075e-05,[std] log-linear in ln(rate) between [S3]'s anchors at ages 20 and 40 (below 40) or 40 and 60 (40 to 60); the anchors themselves are [S3]
M,26,stroke,9.8431e-05,[std] log-linear in ln(rate) between [S3]'s anchors at ages 20 and 40 (below 40) or 40 and 60 (40 to 60); the anchors themselves are [S3]
M,26,other,4.4711e-05,"[std] the five remaining 중대한 질병, the four 중대한 수술 and 중대한 화상 및 부식 as 10.5% of the three headline rates: [S4]'s published 3대-to-17대 office premium step of 5.30% divided by the 50.6% share the CI benefit takes of the risk premium at male 40 in [S3]'s 보장위험별 연간보험료 disclosure"
M,26,ltc,0.0,"[std] 장기요양 1·2등급 inception, 0.12% at 65 growing 14% a year, a placeholder for the construction LTC_KR_S owns; scaled so the 65+ mean is of the order of the 0.5% a year implied by [REG-R42]'s 154,688 1·2등급 인정자 against the 65+ population at an assumed three-year mean duration. Nil below 65: the 노인성 질병 route under 65 [REG-R55] is not modelled"
M,27,cancer,0.000286017,[std] log-linear in ln(rate) between [S3]'s anchors at ages 20 and 40 (below 40) or 40 and 60 (40 to 60); the anchors themselves are [S3]
M,27,ami,7.9419e-05,[std] log-linear in ln(rate) between [S3]'s anchors at ages 20 and 40 (below 40) or 40 and 60 (40 to 60); the anchors themselves are [S3]
M,27,stroke,0.000115351,[std] log-linear in ln(rate) between [S3]'s anchors at ages 20 and 40 (below 40) or 40 and 60 (40 to 60); the anchors themselves are [S3]
M,27,other,5.0483e-05,"[std] the five remaining 중대한 질병, the four 중대한 수술 and 중대한 화상 및 부식 as 10.5% of the three headline rates: [S4]'s published 3대-to-17대 office premium step of 5.30% divided by the 50.6% share the CI benefit takes of the risk premium at male 40 in [S3]'s 보장위험별 연간보험료 disclosure"
M,27,ltc,0.0,"[std] 장기요양 1·2등급 inception, 0.12% at 65 growing 14% a year, a placeholder for the construction LTC_KR_S owns; scaled so the 65+ mean is of the order of the 0.5% a year implied by [REG-R42]'s 154,688 1·2등급 인정자 against the 65+ population at an assumed three-year mean duration. Nil below 65: the 노인성 질병 route under 65 [REG-R55] is not modelled"
M,28,cancer,0.000315477,[std] log-linear in ln(rate) between [S3]'s anchors at ages 20 and 40 (below 40) or 40 and 60 (40 to 60); the anchors themselves are [S3]
M,28,ami,9.2654e-05,[std] log-linear in ln(rate) between [S3]'s anchors at ages 20 and 40 (below 40) or 40 and 60 (40 to 60); the anchors themselves are [S3]
M,28,stroke,0.00013518,[std] log-linear in ln(rate) between [S3]'s anchors at ages 20 and 40 (below 40) or 40 and 60 (40 to 60); the anchors themselves are [S3]
M,28,other,5.7048e-05,"[std] the five remaining 중대한 질병, the four 중대한 수술 and 중대한 화상 및 부식 as 10.5% of the three headline rates: [S4]'s published 3대-to-17대 office premium step of 5.30% divided by the 50.6% share the CI benefit takes of the risk premium at male 40 in [S3]'s 보장위험별 연간보험료 disclosure"
M,28,ltc,0.0,"[std] 장기요양 1·2등급 inception, 0.12% at 65 growing 14% a year, a placeholder for the construction LTC_KR_S owns; scaled so the 65+ mean is of the order of the 0.5% a year implied by [REG-R42]'s 154,688 1·2등급 인정자 against the 65+ population at an assumed three-year mean duration. Nil below 65: the 노인성 질병 route under 65 [REG-R55] is not modelled"
M,29,cancer,0.000347971,[std] log-linear in ln(rate) between [S3]'s anchors at ages 20 and 40 (below 40) or 40 and 60 (40 to 60); the anchors themselves are [S3]
M,29,ami,0.000108094,[std] log-linear in ln(rate) between [S3]'s anchors at ages 20 and 40 (below 40) or 40 and 60 (40 to 60); the anchors themselves are [S3]
M,29,stroke,0.000158418,[std] log-linear in ln(rate) between [S3]'s anchors at ages 20 and 40 (below 40) or 40 and 60 (40 to 60); the anchors themselves are [S3]
M,29,other,6.4521e-05,"[std] the five remaining 중대한 질병, the four 중대한 수술 and 중대한 화상 및 부식 as 10.5% of the three headline rates: [S4]'s published 3대-to-17대 office premium step of 5.30% divided by the 50.6% share the CI benefit takes of the risk premium at male 40 in [S3]'s 보장위험별 연간보험료 disclosure"
M,29,ltc,0.0,"[std] 장기요양 1·2등급 inception, 0.12% at 65 growing 14% a year, a placeholder for the construction LTC_KR_S owns; scaled so the 65+ mean is of the order of the 0.5% a year implied by [REG-R42]'s 154,688 1·2등급 인정자 against the 65+ population at an assumed three-year mean duration. Nil below 65: the 노인성 질병 route under 65 [REG-R55] is not modelled"
M,30,cancer,0.000383812,[std] log-linear in ln(rate) between [S3]'s anchors at ages 20 and 40 (below 40) or 40 and 60 (40 to 60); the anchors themselves are [S3]
M,30,ami,0.000126107,[std] log-linear in ln(rate) between [S3]'s anchors at ages 20 and 40 (below 40) or 40 and 60 (40 to 60); the anchors themselves are [S3]
M,30,stroke,0.00018565,[std] log-linear in ln(rate) between [S3]'s anchors at ages 20 and 40 (below 40) or 40 and 60 (40 to 60); the anchors themselves are [S3]
M,30,other,7.3035e-05,"[std] the five remaining 중대한 질병, the four 중대한 수술 and 중대한 화상 및 부식 as 10.5% of the three headline rates: [S4]'s published 3대-to-17대 office premium step of 5.30% divided by the 50.6% share the CI benefit takes of the risk premium at male 40 in [S3]'s 보장위험별 연간보험료 disclosure"
M,30,ltc,0.0,"[std] 장기요양 1·2등급 inception, 0.12% at 65 growing 14% a year, a placeholder for the construction LTC_KR_S owns; scaled so the 65+ mean is of the order of the 0.5% a year implied by [REG-R42]'s 154,688 1·2등급 인정자 against the 65+ population at an assumed three-year mean duration. Nil below 65: the 노인성 질병 route under 65 [REG-R55] is not modelled"
M,31,cancer,0.000423345,[std] log-linear in ln(rate) between [S3]'s anchors at ages 20 and 40 (below 40) or 40 and 60 (40 to 60); the anchors themselves are [S3]
M,31,ami,0.000147122,[std] log-linear in ln(rate) between [S3]'s anchors at ages 20 and 40 (below 40) or 40 and 60 (40 to 60); the anchors themselves are [S3]
M,31,stroke,0.000217564,[std] log-linear in ln(rate) between [S3]'s anchors at ages 20 and 40 (below 40) or 40 and 60 (40 to 60); the anchors themselves are [S3]
M,31,other,8.2743e-05,"[std] the five remaining 중대한 질병, the four 중대한 수술 and 중대한 화상 및 부식 as 10.5% of the three headline rates: [S4]'s published 3대-to-17대 office premium step of 5.30% divided by the 50.6% share the CI benefit takes of the risk premium at male 40 in [S3]'s 보장위험별 연간보험료 disclosure"
M,31,ltc,0.0,"[std] 장기요양 1·2등급 inception, 0.12% at 65 growing 14% a year, a placeholder for the construction LTC_KR_S owns; scaled so the 65+ mean is of the order of the 0.5% a year implied by [REG-R42]'s 154,688 1·2등급 인정자 against the 65+ population at an assumed three-year mean duration. Nil below 65: the 노인성 질병 route under 65 [REG-R55] is not modelled"
M,32,cancer,0.00046695,[std] log-linear in ln(rate) between [S3]'s anchors at ages 20 and 40 (below 40) or 40 and 60 (40 to 60); the anchors themselves are [S3]
M,32,ami,0.000171638,[std] log-linear in ln(rate) between [S3]'s anchors at ages 20 and 40 (below 40) or 40 and 60 (40 to 60); the anchors themselves are [S3]
M,32,stroke,0.000254963,[std] log-linear in ln(rate) between [S3]'s anchors at ages 20 and 40 (below 40) or 40 and 60 (40 to 60); the anchors themselves are [S3]
M,32,other,9.3823e-05,"[std] the five remaining 중대한 질병, the four 중대한 수술 and 중대한 화상 및 부식 as 10.5% of the three headline rates: [S4]'s published 3대-to-17대 office premium step of 5.30% divided by the 50.6% share the CI benefit takes of the risk premium at male 40 in [S3]'s 보장위험별 연간보험료 disclosure"
M,32,ltc,0.0,"[std] 장기요양 1·2등급 inception, 0.12% at 65 growing 14% a year, a placeholder for the construction LTC_KR_S owns; scaled so the 65+ mean is of the order of the 0.5% a year implied by [REG-R42]'s 154,688 1·2등급 인정자 against the 65+ population at an assumed three-year mean duration. Nil below 65: the 노인성 질병 route under 65 [REG-R55] is not modelled"
M,33,cancer,0.000515046,[std] log-linear in ln(rate) between [S3]'s anchors at ages 20 and 40 (below 40) or 40 and 60 (40 to 60); the anchors themselves are [S3]
M,33,ami,0.000200241,[std] log-linear in ln(rate) between [S3]'s anchors at ages 20 and 40 (below 40) or 40 and 60 (40 to 60); the anchors themselves are [S3]
M,33,stroke,0.000298792,[std] log-linear in ln(rate) between [S3]'s anchors at ages 20 and 40 (below 40) or 40 and 60 (40 to 60); the anchors themselves are [S3]
M,33,other,0.000106478,"[std] the five remaining 중대한 질병, the four 중대한 수술 and 중대한 화상 및 부식 as 10.5% of the three headline rates: [S4]'s published 3대-to-17대 office premium step of 5.30% divided by the 50.6% share the CI benefit takes of the risk premium at male 40 in [S3]'s 보장위험별 연간보험료 disclosure"
M,33,ltc,0.0,"[std] 장기요양 1·2등급 inception, 0.12% at 65 growing 14% a year, a placeholder for the construction LTC_KR_S owns; scaled so the 65+ mean is of the order of the 0.5% a year implied by [REG-R42]'s 154,688 1·2등급 인정자 against the 65+ population at an assumed three-year mean duration. Nil below 65: the 노인성 질병 route under 65 [REG-R55] is not modelled"
M,34,cancer,0.000568096,[std] log-linear in ln(rate) between [S3]'s anchors at ages 20 and 40 (below 40) or 40 and 60 (40 to 60); the anchors themselves are [S3]
M,34,ami,0.000233609,[std] log-linear in ln(rate) between [S3]'s anchors at ages 20 and 40 (below 40) or 40 and 60 (40 to 60); the anchors themselves are [S3]
M,34,stroke,0.000350155,[std] log-linear in ln(rate) between [S3]'s anchors at ages 20 and 40 (below 40) or 40 and 60 (40 to 60); the anchors themselves are [S3]
M,34,other,0.000120945,"[std] the five remaining 중대한 질병, the four 중대한 수술 and 중대한 화상 및 부식 as 10.5% of the three headline rates: [S4]'s published 3대-to-17대 office premium step of 5.30% divided by the 50.6% share the CI benefit takes of the risk premium at male 40 in [S3]'s 보장위험별 연간보험료 disclosure"
M,34,ltc,0.0,"[std] 장기요양 1·2등급 inception, 0.12% at 65 growing 14% a year, a placeholder for the construction LTC_KR_S owns; scaled so the 65+ mean is of the order of the 0.5% a year implied by [REG-R42]'s 154,688 1·2등급 인정자 against the 65+ population at an assumed three-year mean duration. Nil below 65: the 노인성 질병 route under 65 [REG-R55] is not modelled"
M,35,cancer,0.00062661,[std] log-linear in ln(rate) between [S3]'s anchors at ages 20 and 40 (below 40) or 40 and 60 (40 to 60); the anchors themselves are [S3]
M,35,ami,0.000272538,[std] log-linear in ln(rate) between [S3]'s anchors at ages 20 and 40 (below 40) or 40 and 60 (40 to 60); the anchors themselves are [S3]
M,35,stroke,0.000410347,[std] log-linear in ln(rate) between [S3]'s anchors at ages 20 and 40 (below 40) or 40 and 60 (40 to 60); the anchors themselves are [S3]
M,35,other,0.000137497,"[std] the five remaining 중대한 질병, the four 중대한 수술 and 중대한 화상 및 부식 as 10.5% of the three headline rates: [S4]'s published 3대-to-17대 office premium step of 5.30% divided by the 50.6% share the CI benefit takes of the risk premium at male 40 in [S3]'s 보장위험별 연간보험료 disclosure"
M,35,ltc,0.0,"[std] 장기요양 1·2등급 inception, 0.12% at 65 growing 14% a year, a placeholder for the construction LTC_KR_S owns; scaled so the 65+ mean is of the order of the 0.5% a year implied by [REG-R42]'s 154,688 1·2등급 인정자 against the 65+ population at an assumed three-year mean duration. Nil below 65: the 노인성 질병 route under 65 [REG-R55] is not modelled"
M,36,cancer,0.000691151,[std] log-linear in ln(rate) between [S3]'s anchors at ages 20 and 40 (below 40) or 40 and 60 (40 to 60); the anchors themselves are [S3]
M,36,ami,0.000317955,[std] log-linear in ln(rate) between [S3]'s anchors at ages 20 and 40 (below 40) or 40 and 60 (40 to 60); the anchors themselves are [S3]
M,36,stroke,0.000480886,[std] log-linear in ln(rate) between [S3]'s anchors at ages 20 and 40 (below 40) or 40 and 60 (40 to 60); the anchors themselves are [S3]
M,36,other,0.000156449,"[std] the five remaining 중대한 질병, the four 중대한 수술 and 중대한 화상 및 부식 as 10.5% of the three headline rates: [S4]'s published 3대-to-17대 office premium step of 5.30% divided by the 50.6% share the CI benefit takes of the risk premium at male 40 in [S3]'s 보장위험별 연간보험료 disclosure"
M,36,ltc,0.0,"[std] 장기요양 1·2등급 inception, 0.12% at 65 growing 14% a year, a placeholder for the construction LTC_KR_S owns; scaled so the 65+ mean is of the order of the 0.5% a year implied by [REG-R42]'s 154,688 1·2등급 인정자 against the 65+ population at an assumed three-year mean duration. Nil below 65: the 노인성 질병 route under 65 [REG-R55] is not modelled"
M,37,cancer,0.00076234,[std] log-linear in ln(rate) between [S3]'s anchors at ages 20 and 40 (below 40) or 40 and 60 (40 to 60); the anchors themselves are [S3]
M,37,ami,0.000370939,[std] log-linear in ln(rate) between [S3]'s anchors at ages 20 and 40 (below 40) or 40 and 60 (40 to 60); the anchors themselves are [S3]
M,37,stroke,0.000563552,[std] log-linear in ln(rate) between [S3]'s anchors at ages 20 and 40 (below 40) or 40 and 60 (40 to 60); the anchors themselves are [S3]
M,37,other,0.000178167,"[std] the five remaining 중대한 질병, the four 중대한 수술 and 중대한 화상 및 부식 as 10.5% of the three headline rates: [S4]'s published 3대-to-17대 office premium step of 5.30% divided by the 50.6% share the CI benefit takes of the risk premium at male 40 in [S3]'s 보장위험별 연간보험료 disclosure"
M,37,ltc,0.0,"[std] 장기요양 1·2등급 inception, 0.12% at 65 growing 14% a year, a placeholder for the construction LTC_KR_S owns; scaled so the 65+ mean is of the order of the 0.5% a year implied by [REG-R42]'s 154,688 1·2등급 인정자 against the 65+ population at an assumed three-year mean duration. Nil below 65: the 노인성 질병 route under 65 [REG-R55] is not modelled"
M,38,cancer,0.000840861,[std] log-linear in ln(rate) between [S3]'s anchors at ages 20 and 40 (below 40) or 40 and 60 (40 to 60); the anchors themselves are [S3]
M,38,ami,0.000432753,[std] log-linear in ln(rate) between [S3]'s anchors at ages 20 and 40 (below 40) or 40 and 60 (40 to 60); the anchors themselves are [S3]
M,38,stroke,0.000660427,[std] log-linear in ln(rate) between [S3]'s anchors at ages 20 and 40 (below 40) or 40 and 60 (40 to 60); the anchors themselves are [S3]
M,38,other,0.000203074,"[std] the five remaining 중대한 질병, the four 중대한 수술 and 중대한 화상 및 부식 as 10.5% of the three headline rates: [S4]'s published 3대-to-17대 office premium step of 5.30% divided by the 50.6% share the CI benefit takes of the risk premium at male 40 in [S3]'s 보장위험별 연간보험료 disclosure"
M,38,ltc,0.0,"[std] 장기요양 1·2등급 inception, 0.12% at 65 growing 14% a year, a placeholder for the construction LTC_KR_S owns; scaled so the 65+ mean is of the order of the 0.5% a year implied by [REG-R42]'s 154,688 1·2등급 인정자 against the 65+ population at an assumed three-year mean duration. Nil below 65: the 노인성 질병 route under 65 [REG-R55] is not modelled"
M,39,cancer,0.00092747,[std] log-linear in ln(rate) between [S3]'s anchors at ages 20 and 40 (below 40) or 40 and 60 (40 to 60); the anchors themselves are [S3]
M,39,ami,0.000504868,[std] log-linear in ln(rate) between [S3]'s anchors at ages 20 and 40 (below 40) or 40 and 60 (40 to 60); the anchors themselves are [S3]
M,39,stroke,0.000773956,[std] log-linear in ln(rate) between [S3]'s anchors at ages 20 and 40 (below 40) or 40 and 60 (40 to 60); the anchors themselves are [S3]
M,39,other,0.000231661,"[std] the five remaining 중대한 질병, the four 중대한 수술 and 중대한 화상 및 부식 as 10.5% of the three headline rates: [S4]'s published 3대-to-17대 office premium step of 5.30% divided by the 50.6% share the CI benefit takes of the risk premium at male 40 in [S3]'s 보장위험별 연간보험료 disclosure"
M,39,ltc,0.0,"[std] 장기요양 1·2등급 inception, 0.12% at 65 growing 14% a year, a placeholder for the construction LTC_KR_S owns; scaled so the 65+ mean is of the order of the 0.5% a year implied by [REG-R42]'s 154,688 1·2등급 인정자 against the 65+ population at an assumed three-year mean duration. Nil below 65: the 노인성 질병 route under 65 [REG-R55] is not modelled"
M,40,cancer,0.001023,"[S3] ANCHOR - 예정위험률 disclosed by age and sex in a Korean CI 상품요약서, the only published Korean CI morbidity basis found"
M,40,ami,0.000589,"[S3] ANCHOR - 예정위험률 disclosed by age and sex in a Korean CI 상품요약서, the only published Korean CI morbidity basis found"
M,40,stroke,0.000907,"[S3] ANCHOR - 예정위험률 disclosed by age and sex in a Korean CI 상품요약서, the only published Korean CI morbidity basis found"
M,40,other,0.000264495,"[std] the five remaining 중대한 질병, the four 중대한 수술 and 중대한 화상 및 부식 as 10.5% of the three headline rates: [S4]'s published 3대-to-17대 office premium step of 5.30% divided by the 50.6% share the CI benefit takes of the risk premium at male 40 in [S3]'s 보장위험별 연간보험료 disclosure"
M,40,ltc,0.0,"[std] 장기요양 1·2등급 inception, 0.12% at 65 growing 14% a year, a placeholder for the construction LTC_KR_S owns; scaled so the 65+ mean is of the order of the 0.5% a year implied by [REG-R42]'s 154,688 1·2등급 인정자 against the 65+ population at an assumed three-year mean duration. Nil below 65: the 노인성 질병 route under 65 [REG-R55] is not modelled"
M,41,cancer,0.001152326,[std] log-linear in ln(rate) between [S3]'s anchors at ages 20 and 40 (below 40) or 40 and 60 (40 to 60); the anchors themselves are [S3]
M,41,ami,0.000651086,[std] log-linear in ln(rate) between [S3]'s anchors at ages 20 and 40 (below 40) or 40 and 60 (40 to 60); the anchors themselves are [S3]
M,41,stroke,0.000976842,[std] log-linear in ln(rate) between [S3]'s anchors at ages 20 and 40 (below 40) or 40 and 60 (40 to 60); the anchors themselves are [S3]
M,41,other,0.000291927,"[std] the five remaining 중대한 질병, the four 중대한 수술 and 중대한 화상 및 부식 as 10.5% of the three headline rates: [S4]'s published 3대-to-17대 office premium step of 5.30% divided by the 50.6% share the CI benefit takes of the risk premium at male 40 in [S3]'s 보장위험별 연간보험료 disclosure"
M,41,ltc,0.0,"[std] 장기요양 1·2등급 inception, 0.12% at 65 growing 14% a year, a placeholder for the construction LTC_KR_S owns; scaled so the 65+ mean is of the order of the 0.5% a year implied by [REG-R42]'s 154,688 1·2등급 인정자 against the 65+ population at an assumed three-year mean duration. Nil below 65: the 노인성 질병 route under 65 [REG-R55] is not modelled"
M,42,cancer,0.001298002,[std] log-linear in ln(rate) between [S3]'s anchors at ages 20 and 40 (below 40) or 40 and 60 (40 to 60); the anchors themselves are [S3]
M,42,ami,0.000719717,[std] log-linear in ln(rate) between [S3]'s anchors at ages 20 and 40 (below 40) or 40 and 60 (40 to 60); the anchors themselves are [S3]
M,42,stroke,0.001052063,[std] log-linear in ln(rate) between [S3]'s anchors at ages 20 and 40 (below 40) or 40 and 60 (40 to 60); the anchors themselves are [S3]
M,42,other,0.000322327,"[std] the five remaining 중대한 질병, the four 중대한 수술 and 중대한 화상 및 부식 as 10.5% of the three headline rates: [S4]'s published 3대-to-17대 office premium step of 5.30% divided by the 50.6% share the CI benefit takes of the risk premium at male 40 in [S3]'s 보장위험별 연간보험료 disclosure"
M,42,ltc,0.0,"[std] 장기요양 1·2등급 inception, 0.12% at 65 growing 14% a year, a placeholder for the construction LTC_KR_S owns; scaled so the 65+ mean is of the order of the 0.5% a year implied by [REG-R42]'s 154,688 1·2등급 인정자 against the 65+ population at an assumed three-year mean duration. Nil below 65: the 노인성 질병 route under 65 [REG-R55] is not modelled"
M,43,cancer,0.001462094,[std] log-linear in ln(rate) between [S3]'s anchors at ages 20 and 40 (below 40) or 40 and 60 (40 to 60); the anchors themselves are [S3]
M,43,ami,0.000795582,[std] log-linear in ln(rate) between [S3]'s anchors at ages 20 and 40 (below 40) or 40 and 60 (40 to 60); the anchors themselves are [S3]
M,43,stroke,0.001133076,[std] log-linear in ln(rate) between [S3]'s anchors at ages 20 and 40 (below 40) or 40 and 60 (40 to 60); the anchors themselves are [S3]
M,43,other,0.000356029,"[std] the five remaining 중대한 질병, the four 중대한 수술 and 중대한 화상 및 부식 as 10.5% of the three headline rates: [S4]'s published 3대-to-17대 office premium step of 5.30% divided by the 50.6% share the CI benefit takes of the risk premium at male 40 in [S3]'s 보장위험별 연간보험료 disclosure"
M,43,ltc,0.0,"[std] 장기요양 1·2등급 inception, 0.12% at 65 growing 14% a year, a placeholder for the construction LTC_KR_S owns; scaled so the 65+ mean is of the order of the 0.5% a year implied by [REG-R42]'s 154,688 1·2등급 인정자 against the 65+ population at an assumed three-year mean duration. Nil below 65: the 노인성 질병 route under 65 [REG-R55] is not modelled"
M,44,cancer,0.00164693,[std] log-linear in ln(rate) between [S3]'s anchors at ages 20 and 40 (below 40) or 40 and 60 (40 to 60); the anchors themselves are [S3]
M,44,ami,0.000879444,[std] log-linear in ln(rate) between [S3]'s anchors at ages 20 and 40 (below 40) or 40 and 60 (40 to 60); the anchors themselves are [S3]
M,44,stroke,0.001220327,[std] log-linear in ln(rate) between [S3]'s anchors at ages 20 and 40 (below 40) or 40 and 60 (40 to 60); the anchors themselves are [S3]
M,44,other,0.000393404,"[std] the five remaining 중대한 질병, the four 중대한 수술 and 중대한 화상 및 부식 as 10.5% of the three headline rates: [S4]'s published 3대-to-17대 office premium step of 5.30% divided by the 50.6% share the CI benefit takes of the risk premium at male 40 in [S3]'s 보장위험별 연간보험료 disclosure"
M,44,ltc,0.0,"[std] 장기요양 1·2등급 inception, 0.12% at 65 growing 14% a year, a placeholder for the construction LTC_KR_S owns; scaled so the 65+ mean is of the order of the 0.5% a year implied by [REG-R42]'s 154,688 1·2등급 인정자 against the 65+ population at an assumed three-year mean duration. Nil below 65: the 노인성 질병 route under 65 [REG-R55] is not modelled"
M,45,cancer,0.001855133,[std] log-linear in ln(rate) between [S3]'s anchors at ages 20 and 40 (below 40) or 40 and 60 (40 to 60); the anchors themselves are [S3]
M,45,ami,0.000972146,[std] log-linear in ln(rate) between [S3]'s anchors at ages 20 and 40 (below 40) or 40 and 60 (40 to 60); the anchors themselves are [S3]
M,45,stroke,0.001314296,[std] log-linear in ln(rate) between [S3]'s anchors at ages 20 and 40 (below 40) or 40 and 60 (40 to 60); the anchors themselves are [S3]
M,45,other,0.000434865,"[std] the five remaining 중대한 질병, the four 중대한 수술 and 중대한 화상 및 부식 as 10.5% of the three headline rates: [S4]'s published 3대-to-17대 office premium step of 5.30% divided by the 50.6% share the CI benefit takes of the risk premium at male 40 in [S3]'s 보장위험별 연간보험료 disclosure"
M,45,ltc,0.0,"[std] 장기요양 1·2등급 inception, 0.12% at 65 growing 14% a year, a placeholder for the construction LTC_KR_S owns; scaled so the 65+ mean is of the order of the 0.5% a year implied by [REG-R42]'s 154,688 1·2등급 인정자 against the 65+ population at an assumed three-year mean duration. Nil below 65: the 노인성 질병 route under 65 [REG-R55] is not modelled"
M,46,cancer,0.002089656,[std] log-linear in ln(rate) between [S3]'s anchors at ages 20 and 40 (below 40) or 40 and 60 (40 to 60); the anchors themselves are [S3]
M,46,ami,0.00107462,[std] log-linear in ln(rate) between [S3]'s anchors at ages 20 and 40 (below 40) or 40 and 60 (40 to 60); the anchors themselves are [S3]
M,46,stroke,0.001415502,[std] log-linear in ln(rate) between [S3]'s anchors at ages 20 and 40 (below 40) or 40 and 60 (40 to 60); the anchors themselves are [S3]
M,46,other,0.000480877,"[std] the five remaining 중대한 질병, the four 중대한 수술 and 중대한 화상 및 부식 as 10.5% of the three headline rates: [S4]'s published 3대-to-17대 office premium step of 5.30% divided by the 50.6% share the CI benefit takes of the risk premium at male 40 in [S3]'s 보장위험별 연간보험료 disclosure"
M,46,ltc,0.0,"[std] 장기요양 1·2등급 inception, 0.12% at 65 growing 14% a year, a placeholder for the construction LTC_KR_S owns; scaled so the 65+ mean is of the order of the 0.5% a year implied by [REG-R42]'s 154,688 1·2등급 인정자 against the 65+ population at an assumed three-year mean duration. Nil below 65: the 노인성 질병 route under 65 [REG-R55] is not modelled"
M,47,cancer,0.002353828,[std] log-linear in ln(rate) between [S3]'s anchors at ages 20 and 40 (below 40) or 40 and 60 (40 to 60); the anchors themselves are [S3]
M,47,ami,0.001187895,[std] log-linear in ln(rate) between [S3]'s anchors at ages 20 and 40 (below 40) or 40 and 60 (40 to 60); the anchors themselves are [S3]
M,47,stroke,0.001524501,[std] log-linear in ln(rate) between [S3]'s anchors at ages 20 and 40 (below 40) or 40 and 60 (40 to 60); the anchors themselves are [S3]
M,47,other,0.000531954,"[std] the five remaining 중대한 질병, the four 중대한 수술 and 중대한 화상 및 부식 as 10.5% of the three headline rates: [S4]'s published 3대-to-17대 office premium step of 5.30% divided by the 50.6% share the CI benefit takes of the risk premium at male 40 in [S3]'s 보장위험별 연간보험료 disclosure"
M,47,ltc,0.0,"[std] 장기요양 1·2등급 inception, 0.12% at 65 growing 14% a year, a placeholder for the construction LTC_KR_S owns; scaled so the 65+ mean is of the order of the 0.5% a year implied by [REG-R42]'s 154,688 1·2등급 인정자 against the 65+ population at an assumed three-year mean duration. Nil below 65: the 노인성 질병 route under 65 [REG-R55] is not modelled"
M,48,cancer,0.002651396,[std] log-linear in ln(rate) between [S3]'s anchors at ages 20 and 40 (below 40) or 40 and 60 (40 to 60); the anchors themselves are [S3]
M,48,ami,0.001313111,[std] log-linear in ln(rate) between [S3]'s anchors at ages 20 and 40 (below 40) or 40 and 60 (40 to 60); the anchors themselves are [S3]
M,48,stroke,0.001641893,[std] log-linear in ln(rate) between [S3]'s anchors at ages 20 and 40 (below 40) or 40 and 60 (40 to 60); the anchors themselves are [S3]
M,48,other,0.000588672,"[std] the five remaining 중대한 질병, the four 중대한 수술 and 중대한 화상 및 부식 as 10.5% of the three headline rates: [S4]'s published 3대-to-17대 office premium step of 5.30% divided by the 50.6% share the CI benefit takes of the risk premium at male 40 in [S3]'s 보장위험별 연간보험료 disclosure"
M,48,ltc,0.0,"[std] 장기요양 1·2등급 inception, 0.12% at 65 growing 14% a year, a placeholder for the construction LTC_KR_S owns; scaled so the 65+ mean is of the order of the 0.5% a year implied by [REG-R42]'s 154,688 1·2등급 인정자 against the 65+ population at an assumed three-year mean duration. Nil below 65: the 노인성 질병 route under 65 [REG-R55] is not modelled"
M,49,cancer,0.002986582,[std] log-linear in ln(rate) between [S3]'s anchors at ages 20 and 40 (below 40) or 40 and 60 (40 to 60); the anchors themselves are [S3]
M,49,ami,0.001451526,[std] log-linear in ln(rate) between [S3]'s anchors at ages 20 and 40 (below 40) or 40 and 60 (40 to 60); the anchors themselves are [S3]
M,49,stroke,0.001768325,[std] log-linear in ln(rate) between [S3]'s anchors at ages 20 and 40 (below 40) or 40 and 60 (40 to 60); the anchors themselves are [S3]
M,49,other,0.000651675,"[std] the five remaining 중대한 질병, the four 중대한 수술 and 중대한 화상 및 부식 as 10.5% of the three headline rates: [S4]'s published 3대-to-17대 office premium step of 5.30% divided by the 50.6% share the CI benefit takes of the risk premium at male 40 in [S3]'s 보장위험별 연간보험료 disclosure"
M,49,ltc,0.0,"[std] 장기요양 1·2등급 inception, 0.12% at 65 growing 14% a year, a placeholder for the construction LTC_KR_S owns; scaled so the 65+ mean is of the order of the 0.5% a year implied by [REG-R42]'s 154,688 1·2등급 인정자 against the 65+ population at an assumed three-year mean duration. Nil below 65: the 노인성 질병 route under 65 [REG-R55] is not modelled"
M,50,cancer,0.003364142,[std] log-linear in ln(rate) between [S3]'s anchors at ages 20 and 40 (below 40) or 40 and 60 (40 to 60); the anchors themselves are [S3]
M,50,ami,0.001604531,[std] log-linear in ln(rate) between [S3]'s anchors at ages 20 and 40 (below 40) or 40 and 60 (40 to 60); the anchors themselves are [S3]
M,50,stroke,0.001904493,[std] log-linear in ln(rate) between [S3]'s anchors at ages 20 and 40 (below 40) or 40 and 60 (40 to 60); the anchors themselves are [S3]
M,50,other,0.000721682,"[std] the five remaining 중대한 질병, the four 중대한 수술 and 중대한 화상 및 부식 as 10.5% of the three headline rates: [S4]'s published 3대-to-17대 office premium step of 5.30% divided by the 50.6% share the CI benefit takes of the risk premium at male 40 in [S3]'s 보장위험별 연간보험료 disclosure"
M,50,ltc,0.0,"[std] 장기요양 1·2등급 inception, 0.12% at 65 growing 14% a year, a placeholder for the construction LTC_KR_S owns; scaled so the 65+ mean is of the order of the 0.5% a year implied by [REG-R42]'s 154,688 1·2등급 인정자 against the 65+ population at an assumed three-year mean duration. Nil below 65: the 노인성 질병 route under 65 [REG-R55] is not modelled"
M,51,cancer,0.003789432,[std] log-linear in ln(rate) between [S3]'s anchors at ages 20 and 40 (below 40) or 40 and 60 (40 to 60); the anchors themselves are [S3]
M,51,ami,0.001773664,[std] log-linear in ln(rate) between [S3]'s anchors at ages 20 and 40 (below 40) or 40 and 60 (40 to 60); the anchors themselves are [S3]
M,51,stroke,0.002051146,[std] log-linear in ln(rate) between [S3]'s anchors at ages 20 and 40 (below 40) or 40 and 60 (40 to 60); the anchors themselves are [S3]
M,51,other,0.000799495,"[std] the five remaining 중대한 질병, the four 중대한 수술 and 중대한 화상 및 부식 as 10.5% of the three headline rates: [S4]'s published 3대-to-17대 office premium step of 5.30% divided by the 50.6% share the CI benefit takes of the risk premium at male 40 in [S3]'s 보장위험별 연간보험료 disclosure"
M,51,ltc,0.0,"[std] 장기요양 1·2등급 inception, 0.12% at 65 growing 14% a year, a placeholder for the construction LTC_KR_S owns; scaled so the 65+ mean is of the order of the 0.5% a year implied by [REG-R42]'s 154,688 1·2등급 인정자 against the 65+ population at an assumed three-year mean duration. Nil below 65: the 노인성 질병 route under 65 [REG-R55] is not modelled"
M,52,cancer,0.004268487,[std] log-linear in ln(rate) between [S3]'s anchors at ages 20 and 40 (below 40) or 40 and 60 (40 to 60); the anchors themselves are [S3]
M,52,ami,0.001960625,[std] log-linear in ln(rate) between [S3]'s anchors at ages 20 and 40 (below 40) or 40 and 60 (40 to 60); the anchors themselves are [S3]
M,52,stroke,0.002209092,[std] log-linear in ln(rate) between [S3]'s anchors at ages 20 and 40 (below 40) or 40 and 60 (40 to 60); the anchors themselves are [S3]
M,52,other,0.000886011,"[std] the five remaining 중대한 질병, the four 중대한 수술 and 중대한 화상 및 부식 as 10.5% of the three headline rates: [S4]'s published 3대-to-17대 office premium step of 5.30% divided by the 50.6% share the CI benefit takes of the risk premium at male 40 in [S3]'s 보장위험별 연간보험료 disclosure"
M,52,ltc,0.0,"[std] 장기요양 1·2등급 inception, 0.12% at 65 growing 14% a year, a placeholder for the construction LTC_KR_S owns; scaled so the 65+ mean is of the order of the 0.5% a year implied by [REG-R42]'s 154,688 1·2등급 인정자 against the 65+ population at an assumed three-year mean duration. Nil below 65: the 노인성 질병 route under 65 [REG-R55] is not modelled"
M,53,cancer,0.004808104,[std] log-linear in ln(rate) between [S3]'s anchors at ages 20 and 40 (below 40) or 40 and 60 (40 to 60); the anchors themselves are [S3]
M,53,ami,0.002167294,[std] log-linear in ln(rate) between [S3]'s anchors at ages 20 and 40 (below 40) or 40 and 60 (40 to 60); the anchors themselves are [S3]
M,53,stroke,0.0023792,[std] log-linear in ln(rate) between [S3]'s anchors at ages 20 and 40 (below 40) or 40 and 60 (40 to 60); the anchors themselves are [S3]
M,53,other,0.000982233,"[std] the five remaining 중대한 질병, the four 중대한 수술 and 중대한 화상 및 부식 as 10.5% of the three headline rates: [S4]'s published 3대-to-17대 office premium step of 5.30% divided by the 50.6% share the CI benefit takes of the risk premium at male 40 in [S3]'s 보장위험별 연간보험료 disclosure"
M,53,ltc,0.0,"[std] 장기요양 1·2등급 inception, 0.12% at 65 growing 14% a year, a placeholder for the construction LTC_KR_S owns; scaled so the 65+ mean is of the order of the 0.5% a year implied by [REG-R42]'s 154,688 1·2등급 인정자 against the 65+ population at an assumed three-year mean duration. Nil below 65: the 노인성 질병 route under 65 [REG-R55] is not modelled"
M,54,cancer,0.005415939,[std] log-linear in ln(rate) between [S3]'s anchors at ages 20 and 40 (below 40) or 40 and 60 (40 to 60); the anchors themselves are [S3]
M,54,ami,0.002395748,[std] log-linear in ln(rate) between [S3]'s anchors at ages 20 and 40 (below 40) or 40 and 60 (40 to 60); the anchors themselves are [S3]
M,54,stroke,0.002562407,[std] log-linear in ln(rate) between [S3]'s anchors at ages 20 and 40 (below 40) or 40 and 60 (40 to 60); the anchors themselves are [S3]
M,54,other,0.00108928,"[std] the five remaining 중대한 질병, the four 중대한 수술 and 중대한 화상 및 부식 as 10.5% of the three headline rates: [S4]'s published 3대-to-17대 office premium step of 5.30% divided by the 50.6% share the CI benefit takes of the risk premium at male 40 in [S3]'s 보장위험별 연간보험료 disclosure"
M,54,ltc,0.0,"[std] 장기요양 1·2등급 inception, 0.12% at 65 growing 14% a year, a placeholder for the construction LTC_KR_S owns; scaled so the 65+ mean is of the order of the 0.5% a year implied by [REG-R42]'s 154,688 1·2등급 인정자 against the 65+ population at an assumed three-year mean duration. Nil below 65: the 노인성 질병 route under 65 [REG-R55] is not modelled"
M,55,cancer,0.006100615,[std] log-linear in ln(rate) between [S3]'s anchors at ages 20 and 40 (below 40) or 40 and 60 (40 to 60); the anchors themselves are [S3]
M,55,ami,0.002648283,[std] log-linear in ln(rate) between [S3]'s anchors at ages 20 and 40 (below 40) or 40 and 60 (40 to 60); the anchors themselves are [S3]
M,55,stroke,0.002759722,[std] log-linear in ln(rate) between [S3]'s anchors at ages 20 and 40 (below 40) or 40 and 60 (40 to 60); the anchors themselves are [S3]
M,55,other,0.001208405,"[std] the five remaining 중대한 질병, the four 중대한 수술 and 중대한 화상 및 부식 as 10.5% of the three headline rates: [S4]'s published 3대-to-17대 office premium step of 5.30% divided by the 50.6% share the CI benefit takes of the risk premium at male 40 in [S3]'s 보장위험별 연간보험료 disclosure"
M,55,ltc,0.0,"[std] 장기요양 1·2등급 inception, 0.12% at 65 growing 14% a year, a placeholder for the construction LTC_KR_S owns; scaled so the 65+ mean is of the order of the 0.5% a year implied by [REG-R42]'s 154,688 1·2등급 인정자 against the 65+ population at an assumed three-year mean duration. Nil below 65: the 노인성 질병 route under 65 [REG-R55] is not modelled"
M,56,cancer,0.006871847,[std] log-linear in ln(rate) between [S3]'s anchors at ages 20 and 40 (below 40) or 40 and 60 (40 to 60); the anchors themselves are [S3]
M,56,ami,0.002927438,[std] log-linear in ln(rate) between [S3]'s anchors at ages 20 and 40 (below 40) or 40 and 60 (40 to 60); the anchors themselves are [S3]
M,56,stroke,0.002972231,[std] log-linear in ln(rate) between [S3]'s anchors at ages 20 and 40 (below 40) or 40 and 60 (40 to 60); the anchors themselves are [S3]
M,56,other,0.001341009,"[std] the five remaining 중대한 질병, the four 중대한 수술 and 중대한 화상 및 부식 as 10.5% of the three headline rates: [S4]'s published 3대-to-17대 office premium step of 5.30% divided by the 50.6% share the CI benefit takes of the risk premium at male 40 in [S3]'s 보장위험별 연간보험료 disclosure"
M,56,ltc,0.0,"[std] 장기요양 1·2등급 inception, 0.12% at 65 growing 14% a year, a placeholder for the construction LTC_KR_S owns; scaled so the 65+ mean is of the order of the 0.5% a year implied by [REG-R42]'s 154,688 1·2등급 인정자 against the 65+ population at an assumed three-year mean duration. Nil below 65: the 노인성 질병 route under 65 [REG-R55] is not modelled"
M,57,cancer,0.007740577,[std] log-linear in ln(rate) between [S3]'s anchors at ages 20 and 40 (below 40) or 40 and 60 (40 to 60); the anchors themselves are [S3]
M,57,ami,0.003236018,[std] log-linear in ln(rate) between [S3]'s anchors at ages 20 and 40 (below 40) or 40 and 60 (40 to 60); the anchors themselves are [S3]
M,57,stroke,0.003201104,[std] log-linear in ln(rate) between [S3]'s anchors at ages 20 and 40 (below 40) or 40 and 60 (40 to 60); the anchors themselves are [S3]
M,57,other,0.001488658,"[std] the five remaining 중대한 질병, the four 중대한 수술 and 중대한 화상 및 부식 as 10.5% of the three headline rates: [S4]'s published 3대-to-17대 office premium step of 5.30% divided by the 50.6% share the CI benefit takes of the risk premium at male 40 in [S3]'s 보장위험별 연간보험료 disclosure"
M,57,ltc,0.0,"[std] 장기요양 1·2등급 inception, 0.12% at 65 growing 14% a year, a placeholder for the construction LTC_KR_S owns; scaled so the 65+ mean is of the order of the 0.5% a year implied by [REG-R42]'s 154,688 1·2등급 인정자 against the 65+ population at an assumed three-year mean duration. Nil below 65: the 노인성 질병 route under 65 [REG-R55] is not modelled"
M,58,cancer,0.008719131,[std] log-linear in ln(rate) between [S3]'s anchors at ages 20 and 40 (below 40) or 40 and 60 (40 to 60); the anchors themselves are [S3]
M,58,ami,0.003577126,[std] log-linear in ln(rate) between [S3]'s anchors at ages 20 and 40 (below 40) or 40 and 60 (40 to 60); the anchors themselves are [S3]
M,58,stroke,0.003447601,[std] log-linear in ln(rate) between [S3]'s anchors at ages 20 and 40 (below 40) or 40 and 60 (40 to 60); the anchors themselves are [S3]
M,58,other,0.001653105,"[std] the five remaining 중대한 질병, the four 중대한 수술 and 중대한 화상 및 부식 as 10.5% of the three headline rates: [S4]'s published 3대-to-17대 office premium step of 5.30% divided by the 50.6% share the CI benefit takes of the risk premium at male 40 in [S3]'s 보장위험별 연간보험료 disclosure"
M,58,ltc,0.0,"[std] 장기요양 1·2등급 inception, 0.12% at 65 growing 14% a year, a placeholder for the construction LTC_KR_S owns; scaled so the 65+ mean is of the order of the 0.5% a year implied by [REG-R42]'s 154,688 1·2등급 인정자 against the 65+ population at an assumed three-year mean duration. Nil below 65: the 노인성 질병 route under 65 [REG-R55] is not modelled"
M,59,cancer,0.009821392,[std] log-linear in ln(rate) between [S3]'s anchors at ages 20 and 40 (below 40) or 40 and 60 (40 to 60); the anchors themselves are [S3]
M,59,ami,0.00395419,[std] log-linear in ln(rate) between [S3]'s anchors at ages 20 and 40 (below 40) or 40 and 60 (40 to 60); the anchors themselves are [S3]
M,59,stroke,0.003713079,[std] log-linear in ln(rate) between [S3]'s anchors at ages 20 and 40 (below 40) or 40 and 60 (40 to 60); the anchors themselves are [S3]
M,59,other,0.001836309,"[std] the five remaining 중대한 질병, the four 중대한 수술 and 중대한 화상 및 부식 as 10.5% of the three headline rates: [S4]'s published 3대-to-17대 office premium step of 5.30% divided by the 50.6% share the CI benefit takes of the risk premium at male 40 in [S3]'s 보장위험별 연간보험료 disclosure"
M,59,ltc,0.0,"[std] 장기요양 1·2등급 inception, 0.12% at 65 growing 14% a year, a placeholder for the construction LTC_KR_S owns; scaled so the 65+ mean is of the order of the 0.5% a year implied by [REG-R42]'s 154,688 1·2등급 인정자 against the 65+ population at an assumed three-year mean duration. Nil below 65: the 노인성 질병 route under 65 [REG-R55] is not modelled"
M,60,cancer,0.011063,"[S3] ANCHOR - 예정위험률 disclosed by age and sex in a Korean CI 상품요약서, the only published Korean CI morbidity basis found"
M,60,ami,0.004371,"[S3] ANCHOR - 예정위험률 disclosed by age and sex in a Korean CI 상품요약서, the only published Korean CI morbidity basis found"
M,60,stroke,0.003999,"[S3] ANCHOR - 예정위험률 disclosed by age and sex in a Korean CI 상품요약서, the only published Korean CI morbidity basis found"
M,60,other,0.002040465,"[std] the five remaining 중대한 질병, the four 중대한 수술 and 중대한 화상 및 부식 as 10.5% of the three headline rates: [S4]'s published 3대-to-17대 office premium step of 5.30% divided by the 50.6% share the CI benefit takes of the risk premium at male 40 in [S3]'s 보장위험별 연간보험료 disclosure"
M,60,ltc,0.0,"[std] 장기요양 1·2등급 inception, 0.12% at 65 growing 14% a year, a placeholder for the construction LTC_KR_S owns; scaled so the 65+ mean is of the order of the 0.5% a year implied by [REG-R42]'s 154,688 1·2등급 인정자 against the 65+ population at an assumed three-year mean duration. Nil below 65: the 노인성 질병 route under 65 [REG-R55] is not modelled"
M,61,cancer,0.012314103,[std] extrapolation above [S3]'s age-60 anchor with the 40-to-60 log-slope decaying geometrically at 0.90 a year; continuing the undamped slope gives a cancer rate above 1 before age 100
M,61,ami,0.004783566,[std] extrapolation above [S3]'s age-60 anchor with the 40-to-60 log-slope decaying geometrically at 0.90 a year; continuing the undamped slope gives a cancer rate above 1 before age 100
M,61,stroke,0.004275106,[std] extrapolation above [S3]'s age-60 anchor with the 40-to-60 log-slope decaying geometrically at 0.90 a year; continuing the undamped slope gives a cancer rate above 1 before age 100
M,61,other,0.002244141,"[std] the five remaining 중대한 질병, the four 중대한 수술 and 중대한 화상 및 부식 as 10.5% of the three headline rates: [S4]'s published 3대-to-17대 office premium step of 5.30% divided by the 50.6% share the CI benefit takes of the risk premium at male 40 in [S3]'s 보장위험별 연간보험료 disclosure"
M,61,ltc,0.0,"[std] 장기요양 1·2등급 inception, 0.12% at 65 growing 14% a year, a placeholder for the construction LTC_KR_S owns; scaled so the 65+ mean is of the order of the 0.5% a year implied by [REG-R42]'s 154,688 1·2등급 인정자 against the 65+ population at an assumed three-year mean duration. Nil below 65: the 노인성 질병 route under 65 [REG-R55] is not modelled"
M,62,cancer,0.013560624,[std] extrapolation above [S3]'s age-60 anchor with the 40-to-60 log-slope decaying geometrically at 0.90 a year; continuing the undamped slope gives a cancer rate above 1 before age 100
M,62,ami,0.005188067,[std] extrapolation above [S3]'s age-60 anchor with the 40-to-60 log-slope decaying geometrically at 0.90 a year; continuing the undamped slope gives a cancer rate above 1 before age 100
M,62,stroke,0.004539864,[std] extrapolation above [S3]'s age-60 anchor with the 40-to-60 log-slope decaying geometrically at 0.90 a year; continuing the undamped slope gives a cancer rate above 1 before age 100
M,62,other,0.002445298,"[std] the five remaining 중대한 질병, the four 중대한 수술 and 중대한 화상 및 부식 as 10.5% of the three headline rates: [S4]'s published 3대-to-17대 office premium step of 5.30% divided by the 50.6% share the CI benefit takes of the risk premium at male 40 in [S3]'s 보장위험별 연간보험료 disclosure"
M,62,ltc,0.0,"[std] 장기요양 1·2등급 inception, 0.12% at 65 growing 14% a year, a placeholder for the construction LTC_KR_S owns; scaled so the 65+ mean is of the order of the 0.5% a year implied by [REG-R42]'s 154,688 1·2등급 인정자 against the 65+ population at an assumed three-year mean duration. Nil below 65: the 노인성 질병 route under 65 [REG-R55] is not modelled"
M,63,cancer,0.014790024,[std] extrapolation above [S3]'s age-60 anchor with the 40-to-60 log-slope decaying geometrically at 0.90 a year; continuing the undamped slope gives a cancer rate above 1 before age 100
M,63,ami,0.005581283,[std] extrapolation above [S3]'s age-60 anchor with the 40-to-60 log-slope decaying geometrically at 0.90 a year; continuing the undamped slope gives a cancer rate above 1 before age 100
M,63,stroke,0.004792136,[std] extrapolation above [S3]'s age-60 anchor with the 40-to-60 log-slope decaying geometrically at 0.90 a year; continuing the undamped slope gives a cancer rate above 1 before age 100
M,63,other,0.002642162,"[std] the five remaining 중대한 질병, the four 중대한 수술 and 중대한 화상 및 부식 as 10.5% of the three headline rates: [S4]'s published 3대-to-17대 office premium step of 5.30% divided by the 50.6% share the CI benefit takes of the risk premium at male 40 in [S3]'s 보장위험별 연간보험료 disclosure"
M,63,ltc,0.0,"[std] 장기요양 1·2등급 inception, 0.12% at 65 growing 14% a year, a placeholder for the construction LTC_KR_S owns; scaled so the 65+ mean is of the order of the 0.5% a year implied by [REG-R42]'s 154,688 1·2등급 인정자 against the 65+ population at an assumed three-year mean duration. Nil below 65: the 노인성 질병 route under 65 [REG-R55] is not modelled"
M,64,cancer,0.015991498,[std] extrapolation above [S3]'s age-60 anchor with the 40-to-60 log-slope decaying geometrically at 0.90 a year; continuing the undamped slope gives a cancer rate above 1 before age 100
M,64,ami,0.005960596,[std] extrapolation above [S3]'s age-60 anchor with the 40-to-60 log-slope decaying geometrically at 0.90 a year; continuing the undamped slope gives a cancer rate above 1 before age 100
M,64,stroke,0.005031146,[std] extrapolation above [S3]'s age-60 anchor with the 40-to-60 log-slope decaying geometrically at 0.90 a year; continuing the undamped slope gives a cancer rate above 1 before age 100
M,64,other,0.00283324,"[std] the five remaining 중대한 질병, the four 중대한 수술 and 중대한 화상 및 부식 as 10.5% of the three headline rates: [S4]'s published 3대-to-17대 office premium step of 5.30% divided by the 50.6% share the CI benefit takes of the risk premium at male 40 in [S3]'s 보장위험별 연간보험료 disclosure"
M,64,ltc,0.0,"[std] 장기요양 1·2등급 inception, 0.12% at 65 growing 14% a year, a placeholder for the construction LTC_KR_S owns; scaled so the 65+ mean is of the order of the 0.5% a year implied by [REG-R42]'s 154,688 1·2등급 인정자 against the 65+ population at an assumed three-year mean duration. Nil below 65: the 노인성 질병 route under 65 [REG-R55] is not modelled"
M,65,cancer,0.017156054,[std] extrapolation above [S3]'s age-60 anchor with the 40-to-60 log-slope decaying geometrically at 0.90 a year; continuing the undamped slope gives a cancer rate above 1 before age 100
M,65,ami,0.006323969,[std] extrapolation above [S3]'s age-60 anchor with the 40-to-60 log-slope decaying geometrically at 0.90 a year; continuing the undamped slope gives a cancer rate above 1 before age 100
M,65,stroke,0.005256429,[std] extrapolation above [S3]'s age-60 anchor with the 40-to-60 log-slope decaying geometrically at 0.90 a year; continuing the undamped slope gives a cancer rate above 1 before age 100
M,65,other,0.003017328,"[std] the five remaining 중대한 질병, the four 중대한 수술 and 중대한 화상 및 부식 as 10.5% of the three headline rates: [S4]'s published 3대-to-17대 office premium step of 5.30% divided by the 50.6% share the CI benefit takes of the risk premium at male 40 in [S3]'s 보장위험별 연간보험료 disclosure"
M,65,ltc,0.0012,"[std] 장기요양 1·2등급 inception, 0.12% at 65 growing 14% a year, a placeholder for the construction LTC_KR_S owns; scaled so the 65+ mean is of the order of the 0.5% a year implied by [REG-R42]'s 154,688 1·2등급 인정자 against the 65+ population at an assumed three-year mean duration. Nil below 65: the 노인성 질병 route under 65 [REG-R55] is not modelled"
M,66,cancer,0.018276492,[std] extrapolation above [S3]'s age-60 anchor with the 40-to-60 log-slope decaying geometrically at 0.90 a year; continuing the undamped slope gives a cancer rate above 1 before age 100
M,66,ami,0.006669907,[std] extrapolation above [S3]'s age-60 anchor with the 40-to-60 log-slope decaying geometrically at 0.90 a year; continuing the undamped slope gives a cancer rate above 1 before age 100
M,66,stroke,0.005467797,[std] extrapolation above [S3]'s age-60 anchor with the 40-to-60 log-slope decaying geometrically at 0.90 a year; continuing the undamped slope gives a cancer rate above 1 before age 100
M,66,other,0.003193491,"[std] the five remaining 중대한 질병, the four 중대한 수술 and 중대한 화상 및 부식 as 10.5% of the three headline rates: [S4]'s published 3대-to-17대 office premium step of 5.30% divided by the 50.6% share the CI benefit takes of the risk premium at male 40 in [S3]'s 보장위험별 연간보험료 disclosure"
M,66,ltc,0.001368,"[std] 장기요양 1·2등급 inception, 0.12% at 65 growing 14% a year, a placeholder for the construction LTC_KR_S owns; scaled so the 65+ mean is of the order of the 0.5% a year implied by [REG-R42]'s 154,688 1·2등급 인정자 against the 65+ population at an assumed three-year mean duration. Nil below 65: the 노인성 질병 route under 65 [REG-R55] is not modelled"
M,67,cancer,0.019347316,[std] extrapolation above [S3]'s age-60 anchor with the 40-to-60 log-slope decaying geometrically at 0.90 a year; continuing the undamped slope gives a cancer rate above 1 before age 100
M,67,ami,0.006997403,[std] extrapolation above [S3]'s age-60 anchor with the 40-to-60 log-slope decaying geometrically at 0.90 a year; continuing the undamped slope gives a cancer rate above 1 before age 100
M,67,stroke,0.005665285,[std] extrapolation above [S3]'s age-60 anchor with the 40-to-60 log-slope decaying geometrically at 0.90 a year; continuing the undamped slope gives a cancer rate above 1 before age 100
M,67,other,0.00336105,"[std] the five remaining 중대한 질병, the four 중대한 수술 and 중대한 화상 및 부식 as 10.5% of the three headline rates: [S4]'s published 3대-to-17대 office premium step of 5.30% divided by the 50.6% share the CI benefit takes of the risk premium at male 40 in [S3]'s 보장위험별 연간보험료 disclosure"
M,67,ltc,0.00155952,"[std] 장기요양 1·2등급 inception, 0.12% at 65 growing 14% a year, a placeholder for the construction LTC_KR_S owns; scaled so the 65+ mean is of the order of the 0.5% a year implied by [REG-R42]'s 154,688 1·2등급 인정자 against the 65+ population at an assumed three-year mean duration. Nil below 65: the 노인성 질병 route under 65 [REG-R55] is not modelled"
M,68,cancer,0.020364597,[std] extrapolation above [S3]'s age-60 anchor with the 40-to-60 log-slope decaying geometrically at 0.90 a year; continuing the undamped slope gives a cancer rate above 1 before age 100
M,68,ami,0.007305874,[std] extrapolation above [S3]'s age-60 anchor with the 40-to-60 log-slope decaying geometrically at 0.90 a year; continuing the undamped slope gives a cancer rate above 1 before age 100
M,68,stroke,0.005849116,[std] extrapolation above [S3]'s age-60 anchor with the 40-to-60 log-slope decaying geometrically at 0.90 a year; continuing the undamped slope gives a cancer rate above 1 before age 100
M,68,other,0.003519557,"[std] the five remaining 중대한 질병, the four 중대한 수술 and 중대한 화상 및 부식 as 10.5% of the three headline rates: [S4]'s published 3대-to-17대 office premium step of 5.30% divided by the 50.6% share the CI benefit takes of the risk premium at male 40 in [S3]'s 보장위험별 연간보험료 disclosure"
M,68,ltc,0.001777853,"[std] 장기요양 1·2등급 inception, 0.12% at 65 growing 14% a year, a placeholder for the construction LTC_KR_S owns; scaled so the 65+ mean is of the order of the 0.5% a year implied by [REG-R42]'s 154,688 1·2등급 인정자 against the 65+ population at an assumed three-year mean duration. Nil below 65: the 노인성 질병 route under 65 [REG-R55] is not modelled"
M,69,cancer,0.021325804,[std] extrapolation above [S3]'s age-60 anchor with the 40-to-60 log-slope decaying geometrically at 0.90 a year; continuing the undamped slope gives a cancer rate above 1 before age 100
M,69,ami,0.007595109,[std] extrapolation above [S3]'s age-60 anchor with the 40-to-60 log-slope decaying geometrically at 0.90 a year; continuing the undamped slope gives a cancer rate above 1 before age 100
M,69,stroke,0.006019658,[std] extrapolation above [S3]'s age-60 anchor with the 40-to-60 log-slope decaying geometrically at 0.90 a year; continuing the undamped slope gives a cancer rate above 1 before age 100
M,69,other,0.00366876,"[std] the five remaining 중대한 질병, the four 중대한 수술 and 중대한 화상 및 부식 as 10.5% of the three headline rates: [S4]'s published 3대-to-17대 office premium step of 5.30% divided by the 50.6% share the CI benefit takes of the risk premium at male 40 in [S3]'s 보장위험별 연간보험료 disclosure"
M,69,ltc,0.002026752,"[std] 장기요양 1·2등급 inception, 0.12% at 65 growing 14% a year, a placeholder for the construction LTC_KR_S owns; scaled so the 65+ mean is of the order of the 0.5% a year implied by [REG-R42]'s 154,688 1·2등급 인정자 against the 65+ population at an assumed three-year mean duration. Nil below 65: the 노인성 질병 route under 65 [REG-R55] is not modelled"
M,70,cancer,0.02222962,[std] extrapolation above [S3]'s age-60 anchor with the 40-to-60 log-slope decaying geometrically at 0.90 a year; continuing the undamped slope gives a cancer rate above 1 before age 100
M,70,ami,0.007865198,[std] extrapolation above [S3]'s age-60 anchor with the 40-to-60 log-slope decaying geometrically at 0.90 a year; continuing the undamped slope gives a cancer rate above 1 before age 100
M,70,stroke,0.006177393,[std] extrapolation above [S3]'s age-60 anchor with the 40-to-60 log-slope decaying geometrically at 0.90 a year; continuing the undamped slope gives a cancer rate above 1 before age 100
M,70,other,0.003808582,"[std] the five remaining 중대한 질병, the four 중대한 수술 and 중대한 화상 및 부식 as 10.5% of the three headline rates: [S4]'s published 3대-to-17대 office premium step of 5.30% divided by the 50.6% share the CI benefit takes of the risk premium at male 40 in [S3]'s 보장위험별 연간보험료 disclosure"
M,70,ltc,0.002310497,"[std] 장기요양 1·2등급 inception, 0.12% at 65 growing 14% a year, a placeholder for the construction LTC_KR_S owns; scaled so the 65+ mean is of the order of the 0.5% a year implied by [REG-R42]'s 154,688 1·2등급 인정자 against the 65+ population at an assumed three-year mean duration. Nil below 65: the 노인성 질병 route under 65 [REG-R55] is not modelled"
M,71,cancer,0.023075759,[std] extrapolation above [S3]'s age-60 anchor with the 40-to-60 log-slope decaying geometrically at 0.90 a year; continuing the undamped slope gives a cancer rate above 1 before age 100
M,71,ami,0.00811648,[std] extrapolation above [S3]'s age-60 anchor with the 40-to-60 log-slope decaying geometrically at 0.90 a year; continuing the undamped slope gives a cancer rate above 1 before age 100
M,71,stroke,0.006322886,[std] extrapolation above [S3]'s age-60 anchor with the 40-to-60 log-slope decaying geometrically at 0.90 a year; continuing the undamped slope gives a cancer rate above 1 before age 100
M,71,other,0.003939088,"[std] the five remaining 중대한 질병, the four 중대한 수술 and 중대한 화상 및 부식 as 10.5% of the three headline rates: [S4]'s published 3대-to-17대 office premium step of 5.30% divided by the 50.6% share the CI benefit takes of the risk premium at male 40 in [S3]'s 보장위험별 연간보험료 disclosure"
M,71,ltc,0.002633967,"[std] 장기요양 1·2등급 inception, 0.12% at 65 growing 14% a year, a placeholder for the construction LTC_KR_S owns; scaled so the 65+ mean is of the order of the 0.5% a year implied by [REG-R42]'s 154,688 1·2등급 인정자 against the 65+ population at an assumed three-year mean duration. Nil below 65: the 노인성 질병 route under 65 [REG-R55] is not modelled"
M,72,cancer,0.023864787,[std] extrapolation above [S3]'s age-60 anchor with the 40-to-60 log-slope decaying geometrically at 0.90 a year; continuing the undamped slope gives a cancer rate above 1 before age 100
M,72,ami,0.00834949,[std] extrapolation above [S3]'s age-60 anchor with the 40-to-60 log-slope decaying geometrically at 0.90 a year; continuing the undamped slope gives a cancer rate above 1 before age 100
M,72,stroke,0.006456757,[std] extrapolation above [S3]'s age-60 anchor with the 40-to-60 log-slope decaying geometrically at 0.90 a year; continuing the undamped slope gives a cancer rate above 1 before age 100
M,72,other,0.004060459,"[std] the five remaining 중대한 질병, the four 중대한 수술 and 중대한 화상 및 부식 as 10.5% of the three headline rates: [S4]'s published 3대-to-17대 office premium step of 5.30% divided by the 50.6% share the CI benefit takes of the risk premium at male 40 in [S3]'s 보장위험별 연간보험료 disclosure"
M,72,ltc,0.003002723,"[std] 장기요양 1·2등급 inception, 0.12% at 65 growing 14% a year, a placeholder for the construction LTC_KR_S owns; scaled so the 65+ mean is of the order of the 0.5% a year implied by [REG-R42]'s 154,688 1·2등급 인정자 against the 65+ population at an assumed three-year mean duration. Nil below 65: the 노인성 질병 route under 65 [REG-R55] is not modelled"
M,73,cancer,0.024597954,[std] extrapolation above [S3]'s age-60 anchor with the 40-to-60 log-slope decaying geometrically at 0.90 a year; continuing the undamped slope gives a cancer rate above 1 before age 100
M,73,ami,0.008564914,[std] extrapolation above [S3]'s age-60 anchor with the 40-to-60 log-slope decaying geometrically at 0.90 a year; continuing the undamped slope gives a cancer rate above 1 before age 100
M,73,stroke,0.006579663,[std] extrapolation above [S3]'s age-60 anchor with the 40-to-60 log-slope decaying geometrically at 0.90 a year; continuing the undamped slope gives a cancer rate above 1 before age 100
M,73,other,0.004172966,"[std] the five remaining 중대한 질병, the four 중대한 수술 and 중대한 화상 및 부식 as 10.5% of the three headline rates: [S4]'s published 3대-to-17대 office premium step of 5.30% divided by the 50.6% share the CI benefit takes of the risk premium at male 40 in [S3]'s 보장위험별 연간보험료 disclosure"
M,73,ltc,0.003423104,"[std] 장기요양 1·2등급 inception, 0.12% at 65 growing 14% a year, a placeholder for the construction LTC_KR_S owns; scaled so the 65+ mean is of the order of the 0.5% a year implied by [REG-R42]'s 154,688 1·2등급 인정자 against the 65+ population at an assumed three-year mean duration. Nil below 65: the 노인성 질병 route under 65 [REG-R55] is not modelled"
M,74,cancer,0.025277042,[std] extrapolation above [S3]'s age-60 anchor with the 40-to-60 log-slope decaying geometrically at 0.90 a year; continuing the undamped slope gives a cancer rate above 1 before age 100
M,74,ami,0.008763543,[std] extrapolation above [S3]'s age-60 anchor with the 40-to-60 log-slope decaying geometrically at 0.90 a year; continuing the undamped slope gives a cancer rate above 1 before age 100
M,74,stroke,0.006692277,[std] extrapolation above [S3]'s age-60 anchor with the 40-to-60 log-slope decaying geometrically at 0.90 a year; continuing the undamped slope gives a cancer rate above 1 before age 100
M,74,other,0.00427695,"[std] the five remaining 중대한 질병, the four 중대한 수술 and 중대한 화상 및 부식 as 10.5% of the three headline rates: [S4]'s published 3대-to-17대 office premium step of 5.30% divided by the 50.6% share the CI benefit takes of the risk premium at male 40 in [S3]'s 보장위험별 연간보험료 disclosure"
M,74,ltc,0.003902338,"[std] 장기요양 1·2등급 inception, 0.12% at 65 growing 14% a year, a placeholder for the construction LTC_KR_S owns; scaled so the 65+ mean is of the order of the 0.5% a year implied by [REG-R42]'s 154,688 1·2등급 인정자 against the 65+ population at an assumed three-year mean duration. Nil below 65: the 노인성 질병 route under 65 [REG-R55] is not modelled"
M,75,cancer,0.025904236,[std] extrapolation above [S3]'s age-60 anchor with the 40-to-60 log-slope decaying geometrically at 0.90 a year; continuing the undamped slope gives a cancer rate above 1 before age 100
M,75,ami,0.008946245,[std] extrapolation above [S3]'s age-60 anchor with the 40-to-60 log-slope decaying geometrically at 0.90 a year; continuing the undamped slope gives a cancer rate above 1 before age 100
M,75,stroke,0.006795276,[std] extrapolation above [S3]'s age-60 anchor with the 40-to-60 log-slope decaying geometrically at 0.90 a year; continuing the undamped slope gives a cancer rate above 1 before age 100
M,75,other,0.004372805,"[std] the five remaining 중대한 질병, the four 중대한 수술 and 중대한 화상 및 부식 as 10.5% of the three headline rates: [S4]'s published 3대-to-17대 office premium step of 5.30% divided by the 50.6% share the CI benefit takes of the risk premium at male 40 in [S3]'s 보장위험별 연간보험료 disclosure"
M,75,ltc,0.004448666,"[std] 장기요양 1·2등급 inception, 0.12% at 65 growing 14% a year, a placeholder for the construction LTC_KR_S owns; scaled so the 65+ mean is of the order of the 0.5% a year implied by [REG-R42]'s 154,688 1·2등급 인정자 against the 65+ population at an assumed three-year mean duration. Nil below 65: the 노인성 질병 route under 65 [REG-R55] is not modelled"
M,76,cancer,0.026482006,[std] extrapolation above [S3]'s age-60 anchor with the 40-to-60 log-slope decaying geometrically at 0.90 a year; continuing the undamped slope gives a cancer rate above 1 before age 100
M,76,ami,0.009113931,[std] extrapolation above [S3]'s age-60 anchor with the 40-to-60 log-slope decaying geometrically at 0.90 a year; continuing the undamped slope gives a cancer rate above 1 before age 100
M,76,stroke,0.006889331,[std] extrapolation above [S3]'s age-60 anchor with the 40-to-60 log-slope decaying geometrically at 0.90 a year; continuing the undamped slope gives a cancer rate above 1 before age 100
M,76,other,0.004460953,"[std] the five remaining 중대한 질병, the four 중대한 수술 and 중대한 화상 및 부식 as 10.5% of the three headline rates: [S4]'s published 3대-to-17대 office premium step of 5.30% divided by the 50.6% share the CI benefit takes of the risk premium at male 40 in [S3]'s 보장위험별 연간보험료 disclosure"
M,76,ltc,0.005071479,"[std] 장기요양 1·2등급 inception, 0.12% at 65 growing 14% a year, a placeholder for the construction LTC_KR_S owns; scaled so the 65+ mean is of the order of the 0.5% a year implied by [REG-R42]'s 154,688 1·2등급 인정자 against the 65+ population at an assumed three-year mean duration. Nil below 65: the 노인성 질병 route under 65 [REG-R55] is not modelled"
M,77,cancer,0.027013009,[std] extrapolation above [S3]'s age-60 anchor with the 40-to-60 log-slope decaying geometrically at 0.90 a year; continuing the undamped slope gives a cancer rate above 1 before age 100
M,77,ami,0.009267534,[std] extrapolation above [S3]'s age-60 anchor with the 40-to-60 log-slope decaying geometrically at 0.90 a year; continuing the undamped slope gives a cancer rate above 1 before age 100
M,77,stroke,0.006975092,[std] extrapolation above [S3]'s age-60 anchor with the 40-to-60 log-slope decaying geometrically at 0.90 a year; continuing the undamped slope gives a cancer rate above 1 before age 100
M,77,other,0.004541842,"[std] the five remaining 중대한 질병, the four 중대한 수술 and 중대한 화상 및 부식 as 10.5% of the three headline rates: [S4]'s published 3대-to-17대 office premium step of 5.30% divided by the 50.6% share the CI benefit takes of the risk premium at male 40 in [S3]'s 보장위험별 연간보험료 disclosure"
M,77,ltc,0.005781486,"[std] 장기요양 1·2등급 inception, 0.12% at 65 growing 14% a year, a placeholder for the construction LTC_KR_S owns; scaled so the 65+ mean is of the order of the 0.5% a year implied by [REG-R42]'s 154,688 1·2등급 인정자 against the 65+ population at an assumed three-year mean duration. Nil below 65: the 노인성 질병 route under 65 [REG-R55] is not modelled"
M,78,cancer,0.027500009,[std] extrapolation above [S3]'s age-60 anchor with the 40-to-60 log-slope decaying geometrically at 0.90 a year; continuing the undamped slope gives a cancer rate above 1 before age 100
M,78,ami,0.009407989,[std] extrapolation above [S3]'s age-60 anchor with the 40-to-60 log-slope decaying geometrically at 0.90 a year; continuing the undamped slope gives a cancer rate above 1 before age 100
M,78,stroke,0.00705319,[std] extrapolation above [S3]'s age-60 anchor with the 40-to-60 log-slope decaying geometrically at 0.90 a year; continuing the undamped slope gives a cancer rate above 1 before age 100
M,78,other,0.004615925,"[std] the five remaining 중대한 질병, the four 중대한 수술 and 중대한 화상 및 부식 as 10.5% of the three headline rates: [S4]'s published 3대-to-17대 office premium step of 5.30% divided by the 50.6% share the CI benefit takes of the risk premium at male 40 in [S3]'s 보장위험별 연간보험료 disclosure"
M,78,ltc,0.006590894,"[std] 장기요양 1·2등급 inception, 0.12% at 65 growing 14% a year, a placeholder for the construction LTC_KR_S owns; scaled so the 65+ mean is of the order of the 0.5% a year implied by [REG-R42]'s 154,688 1·2등급 인정자 against the 65+ population at an assumed three-year mean duration. Nil below 65: the 노인성 질병 route under 65 [REG-R55] is not modelled"
M,79,cancer,0.027945811,[std] extrapolation above [S3]'s age-60 anchor with the 40-to-60 log-slope decaying geometrically at 0.90 a year; continuing the undamped slope gives a cancer rate above 1 before age 100
M,79,ami,0.009536217,[std] extrapolation above [S3]'s age-60 anchor with the 40-to-60 log-slope decaying geometrically at 0.90 a year; continuing the undamped slope gives a cancer rate above 1 before age 100
M,79,stroke,0.007124225,[std] extrapolation above [S3]'s age-60 anchor with the 40-to-60 log-slope decaying geometrically at 0.90 a year; continuing the undamped slope gives a cancer rate above 1 before age 100
M,79,other,0.004683657,"[std] the five remaining 중대한 질병, the four 중대한 수술 and 중대한 화상 및 부식 as 10.5% of the three headline rates: [S4]'s published 3대-to-17대 office premium step of 5.30% divided by the 50.6% share the CI benefit takes of the risk premium at male 40 in [S3]'s 보장위험별 연간보험료 disclosure"
M,79,ltc,0.007513619,"[std] 장기요양 1·2등급 inception, 0.12% at 65 growing 14% a year, a placeholder for the construction LTC_KR_S owns; scaled so the 65+ mean is of the order of the 0.5% a year implied by [REG-R42]'s 154,688 1·2등급 인정자 against the 65+ population at an assumed three-year mean duration. Nil below 65: the 노인성 질병 route under 65 [REG-R55] is not modelled"
M,80,cancer,0.028353209,[std] extrapolation above [S3]'s age-60 anchor with the 40-to-60 log-slope decaying geometrically at 0.90 a year; continuing the undamped slope gives a cancer rate above 1 before age 100
M,80,ami,0.009653117,[std] extrapolation above [S3]'s age-60 anchor with the 40-to-60 log-slope decaying geometrically at 0.90 a year; continuing the undamped slope gives a cancer rate above 1 before age 100
M,80,stroke,0.007188769,[std] extrapolation above [S3]'s age-60 anchor with the 40-to-60 log-slope decaying geometrically at 0.90 a year; continuing the undamped slope gives a cancer rate above 1 before age 100
M,80,other,0.004745485,"[std] the five remaining 중대한 질병, the four 중대한 수술 and 중대한 화상 및 부식 as 10.5% of the three headline rates: [S4]'s published 3대-to-17대 office premium step of 5.30% divided by the 50.6% share the CI benefit takes of the risk premium at male 40 in [S3]'s 보장위험별 연간보험료 disclosure"
M,80,ltc,0.008565526,"[std] 장기요양 1·2등급 inception, 0.12% at 65 growing 14% a year, a placeholder for the construction LTC_KR_S owns; scaled so the 65+ mean is of the order of the 0.5% a year implied by [REG-R42]'s 154,688 1·2등급 인정자 against the 65+ population at an assumed three-year mean duration. Nil below 65: the 노인성 질병 route under 65 [REG-R55] is not modelled"
M,81,cancer,0.028724942,[std] extrapolation above [S3]'s age-60 anchor with the 40-to-60 log-slope decaying geometrically at 0.90 a year; continuing the undamped slope gives a cancer rate above 1 before age 100
M,81,ami,0.009759551,[std] extrapolation above [S3]'s age-60 anchor with the 40-to-60 log-slope decaying geometrically at 0.90 a year; continuing the undamped slope gives a cancer rate above 1 before age 100
M,81,stroke,0.007247358,[std] extrapolation above [S3]'s age-60 anchor with the 40-to-60 log-slope decaying geometrically at 0.90 a year; continuing the undamped slope gives a cancer rate above 1 before age 100
M,81,other,0.004801844,"[std] the five remaining 중대한 질병, the four 중대한 수술 and 중대한 화상 및 부식 as 10.5% of the three headline rates: [S4]'s published 3대-to-17대 office premium step of 5.30% divided by the 50.6% share the CI benefit takes of the risk premium at male 40 in [S3]'s 보장위험별 연간보험료 disclosure"
M,81,ltc,0.009764699,"[std] 장기요양 1·2등급 inception, 0.12% at 65 growing 14% a year, a placeholder for the construction LTC_KR_S owns; scaled so the 65+ mean is of the order of the 0.5% a year implied by [REG-R42]'s 154,688 1·2등급 인정자 against the 65+ population at an assumed three-year mean duration. Nil below 65: the 노인성 질병 route under 65 [REG-R55] is not modelled"
M,82,cancer,0.029063668,[std] extrapolation above [S3]'s age-60 anchor with the 40-to-60 log-slope decaying geometrically at 0.90 a year; continuing the undamped slope gives a cancer rate above 1 before age 100
M,82,ami,0.009856345,[std] extrapolation above [S3]'s age-60 anchor with the 40-to-60 log-slope decaying geometrically at 0.90 a year; continuing the undamped slope gives a cancer rate above 1 before age 100
M,82,stroke,0.007300496,[std] extrapolation above [S3]'s age-60 anchor with the 40-to-60 log-slope decaying geometrically at 0.90 a year; continuing the undamped slope gives a cancer rate above 1 before age 100
M,82,other,0.004853153,"[std] the five remaining 중대한 질병, the four 중대한 수술 and 중대한 화상 및 부식 as 10.5% of the three headline rates: [S4]'s published 3대-to-17대 office premium step of 5.30% divided by the 50.6% share the CI benefit takes of the risk premium at male 40 in [S3]'s 보장위험별 연간보험료 disclosure"
M,82,ltc,0.011131757,"[std] 장기요양 1·2등급 inception, 0.12% at 65 growing 14% a year, a placeholder for the construction LTC_KR_S owns; scaled so the 65+ mean is of the order of the 0.5% a year implied by [REG-R42]'s 154,688 1·2등급 인정자 against the 65+ population at an assumed three-year mean duration. Nil below 65: the 노인성 질병 route under 65 [REG-R55] is not modelled"
M,83,cancer,0.029371934,[std] extrapolation above [S3]'s age-60 anchor with the 40-to-60 log-slope decaying geometrically at 0.90 a year; continuing the undamped slope gives a cancer rate above 1 before age 100
M,83,ami,0.009944279,[std] extrapolation above [S3]'s age-60 anchor with the 40-to-60 log-slope decaying geometrically at 0.90 a year; continuing the undamped slope gives a cancer rate above 1 before age 100
M,83,stroke,0.007348653,[std] extrapolation above [S3]'s age-60 anchor with the 40-to-60 log-slope decaying geometrically at 0.90 a year; continuing the undamped slope gives a cancer rate above 1 before age 100
M,83,other,0.004899811,"[std] the five remaining 중대한 질병, the four 중대한 수술 and 중대한 화상 및 부식 as 10.5% of the three headline rates: [S4]'s published 3대-to-17대 office premium step of 5.30% divided by the 50.6% share the CI benefit takes of the risk premium at male 40 in [S3]'s 보장위험별 연간보험료 disclosure"
M,83,ltc,0.012690203,"[std] 장기요양 1·2등급 inception, 0.12% at 65 growing 14% a year, a placeholder for the construction LTC_KR_S owns; scaled so the 65+ mean is of the order of the 0.5% a year implied by [REG-R42]'s 154,688 1·2등급 인정자 against the 65+ population at an assumed three-year mean duration. Nil below 65: the 노인성 질병 route under 65 [REG-R55] is not modelled"
M,84,cancer,0.029652169,[std] extrapolation above [S3]'s age-60 anchor with the 40-to-60 log-slope decaying geometrically at 0.90 a year; continuing the undamped slope gives a cancer rate above 1 before age 100
M,84,ami,0.010024091,[std] extrapolation above [S3]'s age-60 anchor with the 40-to-60 log-slope decaying geometrically at 0.90 a year; continuing the undamped slope gives a cancer rate above 1 before age 100
M,84,stroke,0.007392266,[std] extrapolation above [S3]'s age-60 anchor with the 40-to-60 log-slope decaying geometrically at 0.90 a year; continuing the undamped slope gives a cancer rate above 1 before age 100
M,84,other,0.004942195,"[std] the five remaining 중대한 질병, the four 중대한 수술 and 중대한 화상 및 부식 as 10.5% of the three headline rates: [S4]'s published 3대-to-17대 office premium step of 5.30% divided by the 50.6% share the CI benefit takes of the risk premium at male 40 in [S3]'s 보장위험별 연간보험료 disclosure"
M,84,ltc,0.014466831,"[std] 장기요양 1·2등급 inception, 0.12% at 65 growing 14% a year, a placeholder for the construction LTC_KR_S owns; scaled so the 65+ mean is of the order of the 0.5% a year implied by [REG-R42]'s 154,688 1·2등급 인정자 against the 65+ population at an assumed three-year mean duration. Nil below 65: the 노인성 질병 route under 65 [REG-R55] is not modelled"
M,85,cancer,0.029906665,[std] extrapolation above [S3]'s age-60 anchor with the 40-to-60 log-slope decaying geometrically at 0.90 a year; continuing the undamped slope gives a cancer rate above 1 before age 100
M,85,ami,0.01009647,[std] extrapolation above [S3]'s age-60 anchor with the 40-to-60 log-slope decaying geometrically at 0.90 a year; continuing the undamped slope gives a cancer rate above 1 before age 100
M,85,stroke,0.007431739,[std] extrapolation above [S3]'s age-60 anchor with the 40-to-60 log-slope decaying geometrically at 0.90 a year; continuing the undamped slope gives a cancer rate above 1 before age 100
M,85,other,0.004980662,"[std] the five remaining 중대한 질병, the four 중대한 수술 and 중대한 화상 및 부식 as 10.5% of the three headline rates: [S4]'s published 3대-to-17대 office premium step of 5.30% divided by the 50.6% share the CI benefit takes of the risk premium at male 40 in [S3]'s 보장위험별 연간보험료 disclosure"
M,85,ltc,0.016492188,"[std] 장기요양 1·2등급 inception, 0.12% at 65 growing 14% a year, a placeholder for the construction LTC_KR_S owns; scaled so the 65+ mean is of the order of the 0.5% a year implied by [REG-R42]'s 154,688 1·2등급 인정자 against the 65+ population at an assumed three-year mean duration. Nil below 65: the 노인성 질병 route under 65 [REG-R55] is not modelled"
M,86,cancer,0.030137578,[std] extrapolation above [S3]'s age-60 anchor with the 40-to-60 log-slope decaying geometrically at 0.90 a year; continuing the undamped slope gives a cancer rate above 1 before age 100
M,86,ami,0.010162057,[std] extrapolation above [S3]'s age-60 anchor with the 40-to-60 log-slope decaying geometrically at 0.90 a year; continuing the undamped slope gives a cancer rate above 1 before age 100
M,86,stroke,0.007467445,[std] extrapolation above [S3]'s age-60 anchor with the 40-to-60 log-slope decaying geometrically at 0.90 a year; continuing the undamped slope gives a cancer rate above 1 before age 100
M,86,other,0.005015543,"[std] the five remaining 중대한 질병, the four 중대한 수술 and 중대한 화상 및 부식 as 10.5% of the three headline rates: [S4]'s published 3대-to-17대 office premium step of 5.30% divided by the 50.6% share the CI benefit takes of the risk premium at male 40 in [S3]'s 보장위험별 연간보험료 disclosure"
M,86,ltc,0.018801094,"[std] 장기요양 1·2등급 inception, 0.12% at 65 growing 14% a year, a placeholder for the construction LTC_KR_S owns; scaled so the 65+ mean is of the order of the 0.5% a year implied by [REG-R42]'s 154,688 1·2등급 인정자 against the 65+ population at an assumed three-year mean duration. Nil below 65: the 노인성 질병 route under 65 [REG-R55] is not modelled"
M,87,cancer,0.030346925,[std] extrapolation above [S3]'s age-60 anchor with the 40-to-60 log-slope decaying geometrically at 0.90 a year; continuing the undamped slope gives a cancer rate above 1 before age 100
M,87,ami,0.010221449,[std] extrapolation above [S3]'s age-60 anchor with the 40-to-60 log-slope decaying geometrically at 0.90 a year; continuing the undamped slope gives a cancer rate above 1 before age 100
M,87,stroke,0.007499727,[std] extrapolation above [S3]'s age-60 anchor with the 40-to-60 log-slope decaying geometrically at 0.90 a year; continuing the undamped slope gives a cancer rate above 1 before age 100
M,87,other,0.005047151,"[std] the five remaining 중대한 질병, the four 중대한 수술 and 중대한 화상 및 부식 as 10.5% of the three headline rates: [S4]'s published 3대-to-17대 office premium step of 5.30% divided by the 50.6% share the CI benefit takes of the risk premium at male 40 in [S3]'s 보장위험별 연간보험료 disclosure"
M,87,ltc,0.021433247,"[std] 장기요양 1·2등급 inception, 0.12% at 65 growing 14% a year, a placeholder for the construction LTC_KR_S owns; scaled so the 65+ mean is of the order of the 0.5% a year implied by [REG-R42]'s 154,688 1·2등급 인정자 against the 65+ population at an assumed three-year mean duration. Nil below 65: the 노인성 질병 route under 65 [REG-R55] is not modelled"
M,88,cancer,0.030536579,[std] extrapolation above [S3]'s age-60 anchor with the 40-to-60 log-slope decaying geometrically at 0.90 a year; continuing the undamped slope gives a cancer rate above 1 before age 100
M,88,ami,0.0102752,[std] extrapolation above [S3]'s age-60 anchor with the 40-to-60 log-slope decaying geometrically at 0.90 a year; continuing the undamped slope gives a cancer rate above 1 before age 100
M,88,stroke,0.0075289,[std] extrapolation above [S3]'s age-60 anchor with the 40-to-60 log-slope decaying geometrically at 0.90 a year; continuing the undamped slope gives a cancer rate above 1 before age 100
M,88,other,0.005075771,"[std] the five remaining 중대한 질병, the four 중대한 수술 and 중대한 화상 및 부식 as 10.5% of the three headline rates: [S4]'s published 3대-to-17대 office premium step of 5.30% divided by the 50.6% share the CI benefit takes of the risk premium at male 40 in [S3]'s 보장위험별 연간보험료 disclosure"
M,88,ltc,0.024433902,"[std] 장기요양 1·2등급 inception, 0.12% at 65 growing 14% a year, a placeholder for the construction LTC_KR_S owns; scaled so the 65+ mean is of the order of the 0.5% a year implied by [REG-R42]'s 154,688 1·2등급 인정자 against the 65+ population at an assumed three-year mean duration. Nil below 65: the 노인성 질병 route under 65 [REG-R55] is not modelled"
M,89,cancer,0.030708282,[std] extrapolation above [S3]'s age-60 anchor with the 40-to-60 log-slope decaying geometrically at 0.90 a year; continuing the undamped slope gives a cancer rate above 1 before age 100
M,89,ami,0.010323816,[std] extrapolation above [S3]'s age-60 anchor with the 40-to-60 log-slope decaying geometrically at 0.90 a year; continuing the undamped slope gives a cancer rate above 1 before age 100
M,89,stroke,0.007555253,[std] extrapolation above [S3]'s age-60 anchor with the 40-to-60 log-slope decaying geometrically at 0.90 a year; continuing the undamped slope gives a cancer rate above 1 before age 100
M,89,other,0.005101672,"[std] the five remaining 중대한 질병, the four 중대한 수술 and 중대한 화상 및 부식 as 10.5% of the three headline rates: [S4]'s published 3대-to-17대 office premium step of 5.30% divided by the 50.6% share the CI benefit takes of the risk premium at male 40 in [S3]'s 보장위험별 연간보험료 disclosure"
M,89,ltc,0.027854648,"[std] 장기요양 1·2등급 inception, 0.12% at 65 growing 14% a year, a placeholder for the construction LTC_KR_S owns; scaled so the 65+ mean is of the order of the 0.5% a year implied by [REG-R42]'s 154,688 1·2등급 인정자 against the 65+ population at an assumed three-year mean duration. Nil below 65: the 노인성 질병 route under 65 [REG-R55] is not modelled"
M,90,cancer,0.030863639,[std] extrapolation above [S3]'s age-60 anchor with the 40-to-60 log-slope decaying geometrically at 0.90 a year; continuing the undamped slope gives a cancer rate above 1 before age 100
M,90,ami,0.010367768,[std] extrapolation above [S3]'s age-60 anchor with the 40-to-60 log-slope decaying geometrically at 0.90 a year; continuing the undamped slope gives a cancer rate above 1 before age 100
M,90,stroke,0.007579049,[std] extrapolation above [S3]'s age-60 anchor with the 40-to-60 log-slope decaying geometrically at 0.90 a year; continuing the undamped slope gives a cancer rate above 1 before age 100
M,90,other,0.005125098,"[std] the five remaining 중대한 질병, the four 중대한 수술 and 중대한 화상 및 부식 as 10.5% of the three headline rates: [S4]'s published 3대-to-17대 office premium step of 5.30% divided by the 50.6% share the CI benefit takes of the risk premium at male 40 in [S3]'s 보장위험별 연간보험료 disclosure"
M,90,ltc,0.031754299,"[std] 장기요양 1·2등급 inception, 0.12% at 65 growing 14% a year, a placeholder for the construction LTC_KR_S owns; scaled so the 65+ mean is of the order of the 0.5% a year implied by [REG-R42]'s 154,688 1·2등급 인정자 against the 65+ population at an assumed three-year mean duration. Nil below 65: the 노인성 질병 route under 65 [REG-R55] is not modelled"
M,91,cancer,0.031004133,[std] extrapolation above [S3]'s age-60 anchor with the 40-to-60 log-slope decaying geometrically at 0.90 a year; continuing the undamped slope gives a cancer rate above 1 before age 100
M,91,ami,0.010407484,[std] extrapolation above [S3]'s age-60 anchor with the 40-to-60 log-slope decaying geometrically at 0.90 a year; continuing the undamped slope gives a cancer rate above 1 before age 100
M,91,stroke,0.00760053,[std] extrapolation above [S3]'s age-60 anchor with the 40-to-60 log-slope decaying geometrically at 0.90 a year; continuing the undamped slope gives a cancer rate above 1 before age 100
M,91,other,0.005146275,"[std] the five remaining 중대한 질병, the four 중대한 수술 and 중대한 화상 및 부식 as 10.5% of the three headline rates: [S4]'s published 3대-to-17대 office premium step of 5.30% divided by the 50.6% share the CI benefit takes of the risk premium at male 40 in [S3]'s 보장위험별 연간보험료 disclosure"
M,91,ltc,0.036199901,"[std] 장기요양 1·2등급 inception, 0.12% at 65 growing 14% a year, a placeholder for the construction LTC_KR_S owns; scaled so the 65+ mean is of the order of the 0.5% a year implied by [REG-R42]'s 154,688 1·2등급 인정자 against the 65+ population at an assumed three-year mean duration. Nil below 65: the 노인성 질병 route under 65 [REG-R55] is not modelled"
M,92,cancer,0.031131124,[std] extrapolation above [S3]'s age-60 anchor with the 40-to-60 log-slope decaying geometrically at 0.90 a year; continuing the undamped slope gives a cancer rate above 1 before age 100
M,92,ami,0.010443359,[std] extrapolation above [S3]'s age-60 anchor with the 40-to-60 log-slope decaying geometrically at 0.90 a year; continuing the undamped slope gives a cancer rate above 1 before age 100
M,92,stroke,0.007619915,[std] extrapolation above [S3]'s age-60 anchor with the 40-to-60 log-slope decaying geometrically at 0.90 a year; continuing the undamped slope gives a cancer rate above 1 before age 100
M,92,other,0.005165412,"[std] the five remaining 중대한 질병, the four 중대한 수술 and 중대한 화상 및 부식 as 10.5% of the three headline rates: [S4]'s published 3대-to-17대 office premium step of 5.30% divided by the 50.6% share the CI benefit takes of the risk premium at male 40 in [S3]'s 보장위험별 연간보험료 disclosure"
M,92,ltc,0.041267887,"[std] 장기요양 1·2등급 inception, 0.12% at 65 growing 14% a year, a placeholder for the construction LTC_KR_S owns; scaled so the 65+ mean is of the order of the 0.5% a year implied by [REG-R42]'s 154,688 1·2등급 인정자 against the 65+ population at an assumed three-year mean duration. Nil below 65: the 노인성 질병 route under 65 [REG-R55] is not modelled"
M,93,cancer,0.03124586,[std] extrapolation above [S3]'s age-60 anchor with the 40-to-60 log-slope decaying geometrically at 0.90 a year; continuing the undamped slope gives a cancer rate above 1 before age 100
M,93,ami,0.010475752,[std] extrapolation above [S3]'s age-60 anchor with the 40-to-60 log-slope decaying geometrically at 0.90 a year; continuing the undamped slope gives a cancer rate above 1 before age 100
M,93,stroke,0.007637404,[std] extrapolation above [S3]'s age-60 anchor with the 40-to-60 log-slope decaying geometrically at 0.90 a year; continuing the undamped slope gives a cancer rate above 1 before age 100
M,93,other,0.005182697,"[std] the five remaining 중대한 질병, the four 중대한 수술 and 중대한 화상 및 부식 as 10.5% of the three headline rates: [S4]'s published 3대-to-17대 office premium step of 5.30% divided by the 50.6% share the CI benefit takes of the risk premium at male 40 in [S3]'s 보장위험별 연간보험료 disclosure"
M,93,ltc,0.047045391,"[std] 장기요양 1·2등급 inception, 0.12% at 65 growing 14% a year, a placeholder for the construction LTC_KR_S owns; scaled so the 65+ mean is of the order of the 0.5% a year implied by [REG-R42]'s 154,688 1·2등급 인정자 against the 65+ population at an assumed three-year mean duration. Nil below 65: the 노인성 질병 route under 65 [REG-R55] is not modelled"
M,94,cancer,0.031349485,[std] extrapolation above [S3]'s age-60 anchor with the 40-to-60 log-slope decaying geometrically at 0.90 a year; continuing the undamped slope gives a cancer rate above 1 before age 100
M,94,ami,0.010504992,[std] extrapolation above [S3]'s age-60 anchor with the 40-to-60 log-slope decaying geometrically at 0.90 a year; continuing the undamped slope gives a cancer rate above 1 before age 100
M,94,stroke,0.007653178,[std] extrapolation above [S3]'s age-60 anchor with the 40-to-60 log-slope decaying geometrically at 0.90 a year; continuing the undamped slope gives a cancer rate above 1 before age 100
M,94,other,0.005198304,"[std] the five remaining 중대한 질병, the four 중대한 수술 and 중대한 화상 및 부식 as 10.5% of the three headline rates: [S4]'s published 3대-to-17대 office premium step of 5.30% divided by the 50.6% share the CI benefit takes of the risk premium at male 40 in [S3]'s 보장위험별 연간보험료 disclosure"
M,94,ltc,0.053631746,"[std] 장기요양 1·2등급 inception, 0.12% at 65 growing 14% a year, a placeholder for the construction LTC_KR_S owns; scaled so the 65+ mean is of the order of the 0.5% a year implied by [REG-R42]'s 154,688 1·2등급 인정자 against the 65+ population at an assumed three-year mean duration. Nil below 65: the 노인성 질병 route under 65 [REG-R55] is not modelled"
M,95,cancer,0.031443041,[std] extrapolation above [S3]'s age-60 anchor with the 40-to-60 log-slope decaying geometrically at 0.90 a year; continuing the undamped slope gives a cancer rate above 1 before age 100
M,95,ami,0.010531378,[std] extrapolation above [S3]'s age-60 anchor with the 40-to-60 log-slope decaying geometrically at 0.90 a year; continuing the undamped slope gives a cancer rate above 1 before age 100
M,95,stroke,0.007667402,[std] extrapolation above [S3]'s age-60 anchor with the 40-to-60 log-slope decaying geometrically at 0.90 a year; continuing the undamped slope gives a cancer rate above 1 before age 100
M,95,other,0.005212391,"[std] the five remaining 중대한 질병, the four 중대한 수술 and 중대한 화상 및 부식 as 10.5% of the three headline rates: [S4]'s published 3대-to-17대 office premium step of 5.30% divided by the 50.6% share the CI benefit takes of the risk premium at male 40 in [S3]'s 보장위험별 연간보험료 disclosure"
M,95,ltc,0.06114019,"[std] 장기요양 1·2등급 inception, 0.12% at 65 growing 14% a year, a placeholder for the construction LTC_KR_S owns; scaled so the 65+ mean is of the order of the 0.5% a year implied by [REG-R42]'s 154,688 1·2등급 인정자 against the 65+ population at an assumed three-year mean duration. Nil below 65: the 노인성 질병 route under 65 [REG-R55] is not modelled"
M,96,cancer,0.031527479,[std] extrapolation above [S3]'s age-60 anchor with the 40-to-60 log-slope decaying geometrically at 0.90 a year; continuing the undamped slope gives a cancer rate above 1 before age 100
M,96,ami,0.010555181,[std] extrapolation above [S3]'s age-60 anchor with the 40-to-60 log-slope decaying geometrically at 0.90 a year; continuing the undamped slope gives a cancer rate above 1 before age 100
M,96,stroke,0.007680227,[std] extrapolation above [S3]'s age-60 anchor with the 40-to-60 log-slope decaying geometrically at 0.90 a year; continuing the undamped slope gives a cancer rate above 1 before age 100
M,96,other,0.005225103,"[std] the five remaining 중대한 질병, the four 중대한 수술 and 중대한 화상 및 부식 as 10.5% of the three headline rates: [S4]'s published 3대-to-17대 office premium step of 5.30% divided by the 50.6% share the CI benefit takes of the risk premium at male 40 in [S3]'s 보장위험별 연간보험료 disclosure"
M,96,ltc,0.069699817,"[std] 장기요양 1·2등급 inception, 0.12% at 65 growing 14% a year, a placeholder for the construction LTC_KR_S owns; scaled so the 65+ mean is of the order of the 0.5% a year implied by [REG-R42]'s 154,688 1·2등급 인정자 against the 65+ population at an assumed three-year mean duration. Nil below 65: the 노인성 질병 route under 65 [REG-R55] is not modelled"
M,97,cancer,0.031603668,[std] extrapolation above [S3]'s age-60 anchor with the 40-to-60 log-slope decaying geometrically at 0.90 a year; continuing the undamped slope gives a cancer rate above 1 before age 100
M,97,ami,0.010576651,[std] extrapolation above [S3]'s age-60 anchor with the 40-to-60 log-slope decaying geometrically at 0.90 a year; continuing the undamped slope gives a cancer rate above 1 before age 100
M,97,stroke,0.007691787,[std] extrapolation above [S3]'s age-60 anchor with the 40-to-60 log-slope decaying geometrically at 0.90 a year; continuing the undamped slope gives a cancer rate above 1 before age 100
M,97,other,0.005236571,"[std] the five remaining 중대한 질병, the four 중대한 수술 and 중대한 화상 및 부식 as 10.5% of the three headline rates: [S4]'s published 3대-to-17대 office premium step of 5.30% divided by the 50.6% share the CI benefit takes of the risk premium at male 40 in [S3]'s 보장위험별 연간보험료 disclosure"
M,97,ltc,0.079457791,"[std] 장기요양 1·2등급 inception, 0.12% at 65 growing 14% a year, a placeholder for the construction LTC_KR_S owns; scaled so the 65+ mean is of the order of the 0.5% a year implied by [REG-R42]'s 154,688 1·2등급 인정자 against the 65+ population at an assumed three-year mean duration. Nil below 65: the 노인성 질병 route under 65 [REG-R55] is not modelled"
M,98,cancer,0.031672396,[std] extrapolation above [S3]'s age-60 anchor with the 40-to-60 log-slope decaying geometrically at 0.90 a year; continuing the undamped slope gives a cancer rate above 1 before age 100
M,98,ami,0.01059601,[std] extrapolation above [S3]'s age-60 anchor with the 40-to-60 log-slope decaying geometrically at 0.90 a year; continuing the undamped slope gives a cancer rate above 1 before age 100
M,98,stroke,0.007702207,[std] extrapolation above [S3]'s age-60 anchor with the 40-to-60 log-slope decaying geometrically at 0.90 a year; continuing the undamped slope gives a cancer rate above 1 before age 100
M,98,other,0.005246914,"[std] the five remaining 중대한 질병, the four 중대한 수술 and 중대한 화상 및 부식 as 10.5% of the three headline rates: [S4]'s published 3대-to-17대 office premium step of 5.30% divided by the 50.6% share the CI benefit takes of the risk premium at male 40 in [S3]'s 보장위험별 연간보험료 disclosure"
M,98,ltc,0.090581882,"[std] 장기요양 1·2등급 inception, 0.12% at 65 growing 14% a year, a placeholder for the construction LTC_KR_S owns; scaled so the 65+ mean is of the order of the 0.5% a year implied by [REG-R42]'s 154,688 1·2등급 인정자 against the 65+ population at an assumed three-year mean duration. Nil below 65: the 노인성 질병 route under 65 [REG-R55] is not modelled"
M,99,cancer,0.031734378,[std] extrapolation above [S3]'s age-60 anchor with the 40-to-60 log-slope decaying geometrically at 0.90 a year; continuing the undamped slope gives a cancer rate above 1 before age 100
M,99,ami,0.010613464,[std] extrapolation above [S3]'s age-60 anchor with the 40-to-60 log-slope decaying geometrically at 0.90 a year; continuing the undamped slope gives a cancer rate above 1 before age 100
M,99,stroke,0.007711596,[std] extrapolation above [S3]'s age-60 anchor with the 40-to-60 log-slope decaying geometrically at 0.90 a year; continuing the undamped slope gives a cancer rate above 1 before age 100
M,99,other,0.005256241,"[std] the five remaining 중대한 질병, the four 중대한 수술 and 중대한 화상 및 부식 as 10.5% of the three headline rates: [S4]'s published 3대-to-17대 office premium step of 5.30% divided by the 50.6% share the CI benefit takes of the risk premium at male 40 in [S3]'s 보장위험별 연간보험료 disclosure"
M,99,ltc,0.103263346,"[std] 장기요양 1·2등급 inception, 0.12% at 65 growing 14% a year, a placeholder for the construction LTC_KR_S owns; scaled so the 65+ mean is of the order of the 0.5% a year implied by [REG-R42]'s 154,688 1·2등급 인정자 against the 65+ population at an assumed three-year mean duration. Nil below 65: the 노인성 질병 route under 65 [REG-R55] is not modelled"
M,100,cancer,0.031790266,[std] extrapolation above [S3]'s age-60 anchor with the 40-to-60 log-slope decaying geometrically at 0.90 a year; continuing the undamped slope gives a cancer rate above 1 before age 100
M,100,ami,0.010629197,[std] extrapolation above [S3]'s age-60 anchor with the 40-to-60 log-slope decaying geometrically at 0.90 a year; continuing the undamped slope gives a cancer rate above 1 before age 100
M,100,stroke,0.007720056,[std] extrapolation above [S3]'s age-60 anchor with the 40-to-60 log-slope decaying geometrically at 0.90 a year; continuing the undamped slope gives a cancer rate above 1 before age 100
M,100,other,0.00526465,"[std] the five remaining 중대한 질병, the four 중대한 수술 and 중대한 화상 및 부식 as 10.5% of the three headline rates: [S4]'s published 3대-to-17대 office premium step of 5.30% divided by the 50.6% share the CI benefit takes of the risk premium at male 40 in [S3]'s 보장위험별 연간보험료 disclosure"
M,100,ltc,0.117720214,"[std] 장기요양 1·2등급 inception, 0.12% at 65 growing 14% a year, a placeholder for the construction LTC_KR_S owns; scaled so the 65+ mean is of the order of the 0.5% a year implied by [REG-R42]'s 154,688 1·2등급 인정자 against the 65+ population at an assumed three-year mean duration. Nil below 65: the 노인성 질병 route under 65 [REG-R55] is not modelled"
F,15,cancer,0.000175097,[std] log-linear extrapolation below age 20 on [S3]'s own age-20-to-40 log-slope; no Korean CI rate below age 20 is published
F,15,ami,4.469e-06,[std] log-linear extrapolation below age 20 on [S3]'s own age-20-to-40 log-slope; no Korean CI rate below age 20 is published
F,15,stroke,2.2508e-05,[std] log-linear extrapolation below age 20 on [S3]'s own age-20-to-40 log-slope; no Korean CI rate below age 20 is published
F,15,other,2.1218e-05,"[std] the five remaining 중대한 질병, the four 중대한 수술 and 중대한 화상 및 부식 as 10.5% of the three headline rates: [S4]'s published 3대-to-17대 office premium step of 5.30% divided by the 50.6% share the CI benefit takes of the risk premium at male 40 in [S3]'s 보장위험별 연간보험료 disclosure"
F,15,ltc,0.0,"[std] 장기요양 1·2등급 inception, 0.12% at 65 growing 14% a year, a placeholder for the construction LTC_KR_S owns; scaled so the 65+ mean is of the order of the 0.5% a year implied by [REG-R42]'s 154,688 1·2등급 인정자 against the 65+ population at an assumed three-year mean duration. Nil below 65: the 노인성 질병 route under 65 [REG-R55] is not modelled"
F,16,cancer,0.000193821,[std] log-linear extrapolation below age 20 on [S3]'s own age-20-to-40 log-slope; no Korean CI rate below age 20 is published
F,16,ami,5.141e-06,[std] log-linear extrapolation below age 20 on [S3]'s own age-20-to-40 log-slope; no Korean CI rate below age 20 is published
F,16,stroke,2.5251e-05,[std] log-linear extrapolation below age 20 on [S3]'s own age-20-to-40 log-slope; no Korean CI rate below age 20 is published
F,16,other,2.3542e-05,"[std] the five remaining 중대한 질병, the four 중대한 수술 and 중대한 화상 및 부식 as 10.5% of the three headline rates: [S4]'s published 3대-to-17대 office premium step of 5.30% divided by the 50.6% share the CI benefit takes of the risk premium at male 40 in [S3]'s 보장위험별 연간보험료 disclosure"
F,16,ltc,0.0,"[std] 장기요양 1·2등급 inception, 0.12% at 65 growing 14% a year, a placeholder for the construction LTC_KR_S owns; scaled so the 65+ mean is of the order of the 0.5% a year implied by [REG-R42]'s 154,688 1·2등급 인정자 against the 65+ population at an assumed three-year mean duration. Nil below 65: the 노인성 질병 route under 65 [REG-R55] is not modelled"
F,17,cancer,0.000214548,[std] log-linear extrapolation below age 20 on [S3]'s own age-20-to-40 log-slope; no Korean CI rate below age 20 is published
F,17,ami,5.913e-06,[std] log-linear extrapolation below age 20 on [S3]'s own age-20-to-40 log-slope; no Korean CI rate below age 20 is published
F,17,stroke,2.8328e-05,[std] log-linear extrapolation below age 20 on [S3]'s own age-20-to-40 log-slope; no Korean CI rate below age 20 is published
F,17,other,2.6123e-05,"[std] the five remaining 중대한 질병, the four 중대한 수술 and 중대한 화상 및 부식 as 10.5% of the three headline rates: [S4]'s published 3대-to-17대 office premium step of 5.30% divided by the 50.6% share the CI benefit takes of the risk premium at male 40 in [S3]'s 보장위험별 연간보험료 disclosure"
F,17,ltc,0.0,"[std] 장기요양 1·2등급 inception, 0.12% at 65 growing 14% a year, a placeholder for the construction LTC_KR_S owns; scaled so the 65+ mean is of the order of the 0.5% a year implied by [REG-R42]'s 154,688 1·2등급 인정자 against the 65+ population at an assumed three-year mean duration. Nil below 65: the 노인성 질병 route under 65 [REG-R55] is not modelled"
F,18,cancer,0.000237491,[std] log-linear extrapolation below age 20 on [S3]'s own age-20-to-40 log-slope; no Korean CI rate below age 20 is published
F,18,ami,6.802e-06,[std] log-linear extrapolation below age 20 on [S3]'s own age-20-to-40 log-slope; no Korean CI rate below age 20 is published
F,18,stroke,3.1781e-05,[std] log-linear extrapolation below age 20 on [S3]'s own age-20-to-40 log-slope; no Korean CI rate below age 20 is published
F,18,other,2.8988e-05,"[std] the five remaining 중대한 질병, the four 중대한 수술 and 중대한 화상 및 부식 as 10.5% of the three headline rates: [S4]'s published 3대-to-17대 office premium step of 5.30% divided by the 50.6% share the CI benefit takes of the risk premium at male 40 in [S3]'s 보장위험별 연간보험료 disclosure"
F,18,ltc,0.0,"[std] 장기요양 1·2등급 inception, 0.12% at 65 growing 14% a year, a placeholder for the construction LTC_KR_S owns; scaled so the 65+ mean is of the order of the 0.5% a year implied by [REG-R42]'s 154,688 1·2등급 인정자 against the 65+ population at an assumed three-year mean duration. Nil below 65: the 노인성 질병 route under 65 [REG-R55] is not modelled"
F,19,cancer,0.000262888,[std] log-linear extrapolation below age 20 on [S3]'s own age-20-to-40 log-slope; no Korean CI rate below age 20 is published
F,19,ami,7.824e-06,[std] log-linear extrapolation below age 20 on [S3]'s own age-20-to-40 log-slope; no Korean CI rate below age 20 is published
F,19,stroke,3.5654e-05,[std] log-linear extrapolation below age 20 on [S3]'s own age-20-to-40 log-slope; no Korean CI rate below age 20 is published
F,19,other,3.2168e-05,"[std] the five remaining 중대한 질병, the four 중대한 수술 and 중대한 화상 및 부식 as 10.5% of the three headline rates: [S4]'s published 3대-to-17대 office premium step of 5.30% divided by the 50.6% share the CI benefit takes of the risk premium at male 40 in [S3]'s 보장위험별 연간보험료 disclosure"
F,19,ltc,0.0,"[std] 장기요양 1·2등급 inception, 0.12% at 65 growing 14% a year, a placeholder for the construction LTC_KR_S owns; scaled so the 65+ mean is of the order of the 0.5% a year implied by [REG-R42]'s 154,688 1·2등급 인정자 against the 65+ population at an assumed three-year mean duration. Nil below 65: the 노인성 질병 route under 65 [REG-R55] is not modelled"
F,20,cancer,0.000291,"[S3] ANCHOR - 예정위험률 disclosed by age and sex in a Korean CI 상품요약서, the only published Korean CI morbidity basis found"
F,20,ami,9e-06,"[S3] ANCHOR - 예정위험률 disclosed by age and sex in a Korean CI 상품요약서, the only published Korean CI morbidity basis found"
F,20,stroke,4e-05,"[S3] ANCHOR - 예정위험률 disclosed by age and sex in a Korean CI 상품요약서, the only published Korean CI morbidity basis found"
F,20,other,3.57e-05,"[std] the five remaining 중대한 질병, the four 중대한 수술 and 중대한 화상 및 부식 as 10.5% of the three headline rates: [S4]'s published 3대-to-17대 office premium step of 5.30% divided by the 50.6% share the CI benefit takes of the risk premium at male 40 in [S3]'s 보장위험별 연간보험료 disclosure"
F,20,ltc,0.0,"[std] 장기요양 1·2등급 inception, 0.12% at 65 growing 14% a year, a placeholder for the construction LTC_KR_S owns; scaled so the 65+ mean is of the order of the 0.5% a year implied by [REG-R42]'s 154,688 1·2등급 인정자 against the 65+ population at an assumed three-year mean duration. Nil below 65: the 노인성 질병 route under 65 [REG-R55] is not modelled"
F,21,cancer,0.000322119,[std] log-linear in ln(rate) between [S3]'s anchors at ages 20 and 40 (below 40) or 40 and 60 (40 to 60); the anchors themselves are [S3]
F,21,ami,1.0352e-05,[std] log-linear in ln(rate) between [S3]'s anchors at ages 20 and 40 (below 40) or 40 and 60 (40 to 60); the anchors themselves are [S3]
F,21,stroke,4.4875e-05,[std] log-linear in ln(rate) between [S3]'s anchors at ages 20 and 40 (below 40) or 40 and 60 (40 to 60); the anchors themselves are [S3]
F,21,other,3.9621e-05,"[std] the five remaining 중대한 질병, the four 중대한 수술 and 중대한 화상 및 부식 as 10.5% of the three headline rates: [S4]'s published 3대-to-17대 office premium step of 5.30% divided by the 50.6% share the CI benefit takes of the risk premium at male 40 in [S3]'s 보장위험별 연간보험료 disclosure"
F,21,ltc,0.0,"[std] 장기요양 1·2등급 inception, 0.12% at 65 growing 14% a year, a placeholder for the construction LTC_KR_S owns; scaled so the 65+ mean is of the order of the 0.5% a year implied by [REG-R42]'s 154,688 1·2등급 인정자 against the 65+ population at an assumed three-year mean duration. Nil below 65: the 노인성 질병 route under 65 [REG-R55] is not modelled"
F,22,cancer,0.000356565,[std] log-linear in ln(rate) between [S3]'s anchors at ages 20 and 40 (below 40) or 40 and 60 (40 to 60); the anchors themselves are [S3]
F,22,ami,1.1908e-05,[std] log-linear in ln(rate) between [S3]'s anchors at ages 20 and 40 (below 40) or 40 and 60 (40 to 60); the anchors themselves are [S3]
F,22,stroke,5.0344e-05,[std] log-linear in ln(rate) between [S3]'s anchors at ages 20 and 40 (below 40) or 40 and 60 (40 to 60); the anchors themselves are [S3]
F,22,other,4.3976e-05,"[std] the five remaining 중대한 질병, the four 중대한 수술 and 중대한 화상 및 부식 as 10.5% of the three headline rates: [S4]'s published 3대-to-17대 office premium step of 5.30% divided by the 50.6% share the CI benefit takes of the risk premium at male 40 in [S3]'s 보장위험별 연간보험료 disclosure"
F,22,ltc,0.0,"[std] 장기요양 1·2등급 inception, 0.12% at 65 growing 14% a year, a placeholder for the construction LTC_KR_S owns; scaled so the 65+ mean is of the order of the 0.5% a year implied by [REG-R42]'s 154,688 1·2등급 인정자 against the 65+ population at an assumed three-year mean duration. Nil below 65: the 노인성 질병 route under 65 [REG-R55] is not modelled"
F,23,cancer,0.000394695,[std] log-linear in ln(rate) between [S3]'s anchors at ages 20 and 40 (below 40) or 40 and 60 (40 to 60); the anchors themselves are [S3]
F,23,ami,1.3698e-05,[std] log-linear in ln(rate) between [S3]'s anchors at ages 20 and 40 (below 40) or 40 and 60 (40 to 60); the anchors themselves are [S3]
F,23,stroke,5.648e-05,[std] log-linear in ln(rate) between [S3]'s anchors at ages 20 and 40 (below 40) or 40 and 60 (40 to 60); the anchors themselves are [S3]
F,23,other,4.8812e-05,"[std] the five remaining 중대한 질병, the four 중대한 수술 and 중대한 화상 및 부식 as 10.5% of the three headline rates: [S4]'s published 3대-to-17대 office premium step of 5.30% divided by the 50.6% share the CI benefit takes of the risk premium at male 40 in [S3]'s 보장위험별 연간보험료 disclosure"
F,23,ltc,0.0,"[std] 장기요양 1·2등급 inception, 0.12% at 65 growing 14% a year, a placeholder for the construction LTC_KR_S owns; scaled so the 65+ mean is of the order of the 0.5% a year implied by [REG-R42]'s 154,688 1·2등급 인정자 against the 65+ population at an assumed three-year mean duration. Nil below 65: the 노인성 질병 route under 65 [REG-R55] is not modelled"
F,24,cancer,0.000436903,[std] log-linear in ln(rate) between [S3]'s anchors at ages 20 and 40 (below 40) or 40 and 60 (40 to 60); the anchors themselves are [S3]
F,24,ami,1.5756e-05,[std] log-linear in ln(rate) between [S3]'s anchors at ages 20 and 40 (below 40) or 40 and 60 (40 to 60); the anchors themselves are [S3]
F,24,stroke,6.3364e-05,[std] log-linear in ln(rate) between [S3]'s anchors at ages 20 and 40 (below 40) or 40 and 60 (40 to 60); the anchors themselves are [S3]
F,24,other,5.4182e-05,"[std] the five remaining 중대한 질병, the four 중대한 수술 and 중대한 화상 및 부식 as 10.5% of the three headline rates: [S4]'s published 3대-to-17대 office premium step of 5.30% divided by the 50.6% share the CI benefit takes of the risk premium at male 40 in [S3]'s 보장위험별 연간보험료 disclosure"
F,24,ltc,0.0,"[std] 장기요양 1·2등급 inception, 0.12% at 65 growing 14% a year, a placeholder for the construction LTC_KR_S owns; scaled so the 65+ mean is of the order of the 0.5% a year implied by [REG-R42]'s 154,688 1·2등급 인정자 against the 65+ population at an assumed three-year mean duration. Nil below 65: the 노인성 질병 route under 65 [REG-R55] is not modelled"
F,25,cancer,0.000483624,[std] log-linear in ln(rate) between [S3]'s anchors at ages 20 and 40 (below 40) or 40 and 60 (40 to 60); the anchors themselves are [S3]
F,25,ami,1.8124e-05,[std] log-linear in ln(rate) between [S3]'s anchors at ages 20 and 40 (below 40) or 40 and 60 (40 to 60); the anchors themselves are [S3]
F,25,stroke,7.1087e-05,[std] log-linear in ln(rate) between [S3]'s anchors at ages 20 and 40 (below 40) or 40 and 60 (40 to 60); the anchors themselves are [S3]
F,25,other,6.0148e-05,"[std] the five remaining 중대한 질병, the four 중대한 수술 and 중대한 화상 및 부식 as 10.5% of the three headline rates: [S4]'s published 3대-to-17대 office premium step of 5.30% divided by the 50.6% share the CI benefit takes of the risk premium at male 40 in [S3]'s 보장위험별 연간보험료 disclosure"
F,25,ltc,0.0,"[std] 장기요양 1·2등급 inception, 0.12% at 65 growing 14% a year, a placeholder for the construction LTC_KR_S owns; scaled so the 65+ mean is of the order of the 0.5% a year implied by [REG-R42]'s 154,688 1·2등급 인정자 against the 65+ population at an assumed three-year mean duration. Nil below 65: the 노인성 질병 route under 65 [REG-R55] is not modelled"
F,26,cancer,0.000535342,[std] log-linear in ln(rate) between [S3]'s anchors at ages 20 and 40 (below 40) or 40 and 60 (40 to 60); the anchors themselves are [S3]
F,26,ami,2.0847e-05,[std] log-linear in ln(rate) between [S3]'s anchors at ages 20 and 40 (below 40) or 40 and 60 (40 to 60); the anchors themselves are [S3]
F,26,stroke,7.9751e-05,[std] log-linear in ln(rate) between [S3]'s anchors at ages 20 and 40 (below 40) or 40 and 60 (40 to 60); the anchors themselves are [S3]
F,26,other,6.6774e-05,"[std] the five remaining 중대한 질병, the four 중대한 수술 and 중대한 화상 및 부식 as 10.5% of the three headline rates: [S4]'s published 3대-to-17대 office premium step of 5.30% divided by the 50.6% share the CI benefit takes of the risk premium at male 40 in [S3]'s 보장위험별 연간보험료 disclosure"
F,26,ltc,0.0,"[std] 장기요양 1·2등급 inception, 0.12% at 65 growing 14% a year, a placeholder for the construction LTC_KR_S owns; scaled so the 65+ mean is of the order of the 0.5% a year implied by [REG-R42]'s 154,688 1·2등급 인정자 against the 65+ population at an assumed three-year mean duration. Nil below 65: the 노인성 질병 route under 65 [REG-R55] is not modelled"
F,27,cancer,0.00059259,[std] log-linear in ln(rate) between [S3]'s anchors at ages 20 and 40 (below 40) or 40 and 60 (40 to 60); the anchors themselves are [S3]
F,27,ami,2.398e-05,[std] log-linear in ln(rate) between [S3]'s anchors at ages 20 and 40 (below 40) or 40 and 60 (40 to 60); the anchors themselves are [S3]
F,27,stroke,8.947e-05,[std] log-linear in ln(rate) between [S3]'s anchors at ages 20 and 40 (below 40) or 40 and 60 (40 to 60); the anchors themselves are [S3]
F,27,other,7.4134e-05,"[std] the five remaining 중대한 질병, the four 중대한 수술 and 중대한 화상 및 부식 as 10.5% of the three headline rates: [S4]'s published 3대-to-17대 office premium step of 5.30% divided by the 50.6% share the CI benefit takes of the risk premium at male 40 in [S3]'s 보장위험별 연간보험료 disclosure"
F,27,ltc,0.0,"[std] 장기요양 1·2등급 inception, 0.12% at 65 growing 14% a year, a placeholder for the construction LTC_KR_S owns; scaled so the 65+ mean is of the order of the 0.5% a year implied by [REG-R42]'s 154,688 1·2등급 인정자 against the 65+ population at an assumed three-year mean duration. Nil below 65: the 노인성 질병 route under 65 [REG-R55] is not modelled"
F,28,cancer,0.000655959,[std] log-linear in ln(rate) between [S3]'s anchors at ages 20 and 40 (below 40) or 40 and 60 (40 to 60); the anchors themselves are [S3]
F,28,ami,2.7584e-05,[std] log-linear in ln(rate) between [S3]'s anchors at ages 20 and 40 (below 40) or 40 and 60 (40 to 60); the anchors themselves are [S3]
F,28,stroke,0.000100375,[std] log-linear in ln(rate) between [S3]'s anchors at ages 20 and 40 (below 40) or 40 and 60 (40 to 60); the anchors themselves are [S3]
F,28,other,8.2311e-05,"[std] the five remaining 중대한 질병, the four 중대한 수술 and 중대한 화상 및 부식 as 10.5% of the three headline rates: [S4]'s published 3대-to-17대 office premium step of 5.30% divided by the 50.6% share the CI benefit takes of the risk premium at male 40 in [S3]'s 보장위험별 연간보험료 disclosure"
F,28,ltc,0.0,"[std] 장기요양 1·2등급 inception, 0.12% at 65 growing 14% a year, a placeholder for the construction LTC_KR_S owns; scaled so the 65+ mean is of the order of the 0.5% a year implied by [REG-R42]'s 154,688 1·2등급 인정자 against the 65+ population at an assumed three-year mean duration. Nil below 65: the 노인성 질병 route under 65 [REG-R55] is not modelled"
F,29,cancer,0.000726106,[std] log-linear in ln(rate) between [S3]'s anchors at ages 20 and 40 (below 40) or 40 and 60 (40 to 60); the anchors themselves are [S3]
F,29,ami,3.1729e-05,[std] log-linear in ln(rate) between [S3]'s anchors at ages 20 and 40 (below 40) or 40 and 60 (40 to 60); the anchors themselves are [S3]
F,29,stroke,0.000112608,[std] log-linear in ln(rate) between [S3]'s anchors at ages 20 and 40 (below 40) or 40 and 60 (40 to 60); the anchors themselves are [S3]
F,29,other,9.1397e-05,"[std] the five remaining 중대한 질병, the four 중대한 수술 and 중대한 화상 및 부식 as 10.5% of the three headline rates: [S4]'s published 3대-to-17대 office premium step of 5.30% divided by the 50.6% share the CI benefit takes of the risk premium at male 40 in [S3]'s 보장위험별 연간보험료 disclosure"
F,29,ltc,0.0,"[std] 장기요양 1·2등급 inception, 0.12% at 65 growing 14% a year, a placeholder for the construction LTC_KR_S owns; scaled so the 65+ mean is of the order of the 0.5% a year implied by [REG-R42]'s 154,688 1·2등급 인정자 against the 65+ population at an assumed three-year mean duration. Nil below 65: the 노인성 질병 route under 65 [REG-R55] is not modelled"
F,30,cancer,0.000803754,[std] log-linear in ln(rate) between [S3]'s anchors at ages 20 and 40 (below 40) or 40 and 60 (40 to 60); the anchors themselves are [S3]
F,30,ami,3.6497e-05,[std] log-linear in ln(rate) between [S3]'s anchors at ages 20 and 40 (below 40) or 40 and 60 (40 to 60); the anchors themselves are [S3]
F,30,stroke,0.000126333,[std] log-linear in ln(rate) between [S3]'s anchors at ages 20 and 40 (below 40) or 40 and 60 (40 to 60); the anchors themselves are [S3]
F,30,other,0.000101491,"[std] the five remaining 중대한 질병, the four 중대한 수술 and 중대한 화상 및 부식 as 10.5% of the three headline rates: [S4]'s published 3대-to-17대 office premium step of 5.30% divided by the 50.6% share the CI benefit takes of the risk premium at male 40 in [S3]'s 보장위험별 연간보험료 disclosure"
F,30,ltc,0.0,"[std] 장기요양 1·2등급 inception, 0.12% at 65 growing 14% a year, a placeholder for the construction LTC_KR_S owns; scaled so the 65+ mean is of the order of the 0.5% a year implied by [REG-R42]'s 154,688 1·2등급 인정자 against the 65+ population at an assumed three-year mean duration. Nil below 65: the 노인성 질병 route under 65 [REG-R55] is not modelled"
F,31,cancer,0.000889705,[std] log-linear in ln(rate) between [S3]'s anchors at ages 20 and 40 (below 40) or 40 and 60 (40 to 60); the anchors themselves are [S3]
F,31,ami,4.1981e-05,[std] log-linear in ln(rate) between [S3]'s anchors at ages 20 and 40 (below 40) or 40 and 60 (40 to 60); the anchors themselves are [S3]
F,31,stroke,0.00014173,[std] log-linear in ln(rate) between [S3]'s anchors at ages 20 and 40 (below 40) or 40 and 60 (40 to 60); the anchors themselves are [S3]
F,31,other,0.000112709,"[std] the five remaining 중대한 질병, the four 중대한 수술 and 중대한 화상 및 부식 as 10.5% of the three headline rates: [S4]'s published 3대-to-17대 office premium step of 5.30% divided by the 50.6% share the CI benefit takes of the risk premium at male 40 in [S3]'s 보장위험별 연간보험료 disclosure"
F,31,ltc,0.0,"[std] 장기요양 1·2등급 inception, 0.12% at 65 growing 14% a year, a placeholder for the construction LTC_KR_S owns; scaled so the 65+ mean is of the order of the 0.5% a year implied by [REG-R42]'s 154,688 1·2등급 인정자 against the 65+ population at an assumed three-year mean duration. Nil below 65: the 노인성 질병 route under 65 [REG-R55] is not modelled"
F,32,cancer,0.000984847,[std] log-linear in ln(rate) between [S3]'s anchors at ages 20 and 40 (below 40) or 40 and 60 (40 to 60); the anchors themselves are [S3]
F,32,ami,4.829e-05,[std] log-linear in ln(rate) between [S3]'s anchors at ages 20 and 40 (below 40) or 40 and 60 (40 to 60); the anchors themselves are [S3]
F,32,stroke,0.000159004,[std] log-linear in ln(rate) between [S3]'s anchors at ages 20 and 40 (below 40) or 40 and 60 (40 to 60); the anchors themselves are [S3]
F,32,other,0.000125175,"[std] the five remaining 중대한 질병, the four 중대한 수술 and 중대한 화상 및 부식 as 10.5% of the three headline rates: [S4]'s published 3대-to-17대 office premium step of 5.30% divided by the 50.6% share the CI benefit takes of the risk premium at male 40 in [S3]'s 보장위험별 연간보험료 disclosure"
F,32,ltc,0.0,"[std] 장기요양 1·2등급 inception, 0.12% at 65 growing 14% a year, a placeholder for the construction LTC_KR_S owns; scaled so the 65+ mean is of the order of the 0.5% a year implied by [REG-R42]'s 154,688 1·2등급 인정자 against the 65+ population at an assumed three-year mean duration. Nil below 65: the 노인성 질병 route under 65 [REG-R55] is not modelled"
F,33,cancer,0.001090164,[std] log-linear in ln(rate) between [S3]'s anchors at ages 20 and 40 (below 40) or 40 and 60 (40 to 60); the anchors themselves are [S3]
F,33,ami,5.5546e-05,[std] log-linear in ln(rate) between [S3]'s anchors at ages 20 and 40 (below 40) or 40 and 60 (40 to 60); the anchors themselves are [S3]
F,33,stroke,0.000178383,[std] log-linear in ln(rate) between [S3]'s anchors at ages 20 and 40 (below 40) or 40 and 60 (40 to 60); the anchors themselves are [S3]
F,33,other,0.00013903,"[std] the five remaining 중대한 질병, the four 중대한 수술 and 중대한 화상 및 부식 as 10.5% of the three headline rates: [S4]'s published 3대-to-17대 office premium step of 5.30% divided by the 50.6% share the CI benefit takes of the risk premium at male 40 in [S3]'s 보장위험별 연간보험료 disclosure"
F,33,ltc,0.0,"[std] 장기요양 1·2등급 inception, 0.12% at 65 growing 14% a year, a placeholder for the construction LTC_KR_S owns; scaled so the 65+ mean is of the order of the 0.5% a year implied by [REG-R42]'s 154,688 1·2등급 인정자 against the 65+ population at an assumed three-year mean duration. Nil below 65: the 노인성 질병 route under 65 [REG-R55] is not modelled"
F,34,cancer,0.001206744,[std] log-linear in ln(rate) between [S3]'s anchors at ages 20 and 40 (below 40) or 40 and 60 (40 to 60); the anchors themselves are [S3]
F,34,ami,6.3893e-05,[std] log-linear in ln(rate) between [S3]'s anchors at ages 20 and 40 (below 40) or 40 and 60 (40 to 60); the anchors themselves are [S3]
F,34,stroke,0.000200124,[std] log-linear in ln(rate) between [S3]'s anchors at ages 20 and 40 (below 40) or 40 and 60 (40 to 60); the anchors themselves are [S3]
F,34,other,0.00015443,"[std] the five remaining 중대한 질병, the four 중대한 수술 and 중대한 화상 및 부식 as 10.5% of the three headline rates: [S4]'s published 3대-to-17대 office premium step of 5.30% divided by the 50.6% share the CI benefit takes of the risk premium at male 40 in [S3]'s 보장위험별 연간보험료 disclosure"
F,34,ltc,0.0,"[std] 장기요양 1·2등급 inception, 0.12% at 65 growing 14% a year, a placeholder for the construction LTC_KR_S owns; scaled so the 65+ mean is of the order of the 0.5% a year implied by [REG-R42]'s 154,688 1·2등급 인정자 against the 65+ population at an assumed three-year mean duration. Nil below 65: the 노인성 질병 route under 65 [REG-R55] is not modelled"
F,35,cancer,0.001335789,[std] log-linear in ln(rate) between [S3]'s anchors at ages 20 and 40 (below 40) or 40 and 60 (40 to 60); the anchors themselves are [S3]
F,35,ami,7.3495e-05,[std] log-linear in ln(rate) between [S3]'s anchors at ages 20 and 40 (below 40) or 40 and 60 (40 to 60); the anchors themselves are [S3]
F,35,stroke,0.000224515,[std] log-linear in ln(rate) between [S3]'s anchors at ages 20 and 40 (below 40) or 40 and 60 (40 to 60); the anchors themselves are [S3]
F,35,other,0.000171549,"[std] the five remaining 중대한 질병, the four 중대한 수술 and 중대한 화상 및 부식 as 10.5% of the three headline rates: [S4]'s published 3대-to-17대 office premium step of 5.30% divided by the 50.6% share the CI benefit takes of the risk premium at male 40 in [S3]'s 보장위험별 연간보험료 disclosure"
F,35,ltc,0.0,"[std] 장기요양 1·2등급 inception, 0.12% at 65 growing 14% a year, a placeholder for the construction LTC_KR_S owns; scaled so the 65+ mean is of the order of the 0.5% a year implied by [REG-R42]'s 154,688 1·2등급 인정자 against the 65+ population at an assumed three-year mean duration. Nil below 65: the 노인성 질병 route under 65 [REG-R55] is not modelled"
F,36,cancer,0.001478635,[std] log-linear in ln(rate) between [S3]'s anchors at ages 20 and 40 (below 40) or 40 and 60 (40 to 60); the anchors themselves are [S3]
F,36,ami,8.4539e-05,[std] log-linear in ln(rate) between [S3]'s anchors at ages 20 and 40 (below 40) or 40 and 60 (40 to 60); the anchors themselves are [S3]
F,36,stroke,0.000251878,[std] log-linear in ln(rate) between [S3]'s anchors at ages 20 and 40 (below 40) or 40 and 60 (40 to 60); the anchors themselves are [S3]
F,36,other,0.00019058,"[std] the five remaining 중대한 질병, the four 중대한 수술 and 중대한 화상 및 부식 as 10.5% of the three headline rates: [S4]'s published 3대-to-17대 office premium step of 5.30% divided by the 50.6% share the CI benefit takes of the risk premium at male 40 in [S3]'s 보장위험별 연간보험료 disclosure"
F,36,ltc,0.0,"[std] 장기요양 1·2등급 inception, 0.12% at 65 growing 14% a year, a placeholder for the construction LTC_KR_S owns; scaled so the 65+ mean is of the order of the 0.5% a year implied by [REG-R42]'s 154,688 1·2등급 인정자 against the 65+ population at an assumed three-year mean duration. Nil below 65: the 노인성 질병 route under 65 [REG-R55] is not modelled"
F,37,cancer,0.001636756,[std] log-linear in ln(rate) between [S3]'s anchors at ages 20 and 40 (below 40) or 40 and 60 (40 to 60); the anchors themselves are [S3]
F,37,ami,9.7243e-05,[std] log-linear in ln(rate) between [S3]'s anchors at ages 20 and 40 (below 40) or 40 and 60 (40 to 60); the anchors themselves are [S3]
F,37,stroke,0.000282576,[std] log-linear in ln(rate) between [S3]'s anchors at ages 20 and 40 (below 40) or 40 and 60 (40 to 60); the anchors themselves are [S3]
F,37,other,0.00021174,"[std] the five remaining 중대한 질병, the four 중대한 수술 and 중대한 화상 및 부식 as 10.5% of the three headline rates: [S4]'s published 3대-to-17대 office premium step of 5.30% divided by the 50.6% share the CI benefit takes of the risk premium at male 40 in [S3]'s 보장위험별 연간보험료 disclosure"
F,37,ltc,0.0,"[std] 장기요양 1·2등급 inception, 0.12% at 65 growing 14% a year, a placeholder for the construction LTC_KR_S owns; scaled so the 65+ mean is of the order of the 0.5% a year implied by [REG-R42]'s 154,688 1·2등급 인정자 against the 65+ population at an assumed three-year mean duration. Nil below 65: the 노인성 질병 route under 65 [REG-R55] is not modelled"
F,38,cancer,0.001811786,[std] log-linear in ln(rate) between [S3]'s anchors at ages 20 and 40 (below 40) or 40 and 60 (40 to 60); the anchors themselves are [S3]
F,38,ami,0.000111856,[std] log-linear in ln(rate) between [S3]'s anchors at ages 20 and 40 (below 40) or 40 and 60 (40 to 60); the anchors themselves are [S3]
F,38,stroke,0.000317016,[std] log-linear in ln(rate) between [S3]'s anchors at ages 20 and 40 (below 40) or 40 and 60 (40 to 60); the anchors themselves are [S3]
F,38,other,0.000235269,"[std] the five remaining 중대한 질병, the four 중대한 수술 and 중대한 화상 및 부식 as 10.5% of the three headline rates: [S4]'s published 3대-to-17대 office premium step of 5.30% divided by the 50.6% share the CI benefit takes of the risk premium at male 40 in [S3]'s 보장위험별 연간보험료 disclosure"
F,38,ltc,0.0,"[std] 장기요양 1·2등급 inception, 0.12% at 65 growing 14% a year, a placeholder for the construction LTC_KR_S owns; scaled so the 65+ mean is of the order of the 0.5% a year implied by [REG-R42]'s 154,688 1·2등급 인정자 against the 65+ population at an assumed three-year mean duration. Nil below 65: the 노인성 질병 route under 65 [REG-R55] is not modelled"
F,39,cancer,0.002005534,[std] log-linear in ln(rate) between [S3]'s anchors at ages 20 and 40 (below 40) or 40 and 60 (40 to 60); the anchors themselves are [S3]
F,39,ami,0.000128665,[std] log-linear in ln(rate) between [S3]'s anchors at ages 20 and 40 (below 40) or 40 and 60 (40 to 60); the anchors themselves are [S3]
F,39,stroke,0.000355654,[std] log-linear in ln(rate) between [S3]'s anchors at ages 20 and 40 (below 40) or 40 and 60 (40 to 60); the anchors themselves are [S3]
F,39,other,0.000261435,"[std] the five remaining 중대한 질병, the four 중대한 수술 and 중대한 화상 및 부식 as 10.5% of the three headline rates: [S4]'s published 3대-to-17대 office premium step of 5.30% divided by the 50.6% share the CI benefit takes of the risk premium at male 40 in [S3]'s 보장위험별 연간보험료 disclosure"
F,39,ltc,0.0,"[std] 장기요양 1·2등급 inception, 0.12% at 65 growing 14% a year, a placeholder for the construction LTC_KR_S owns; scaled so the 65+ mean is of the order of the 0.5% a year implied by [REG-R42]'s 154,688 1·2등급 인정자 against the 65+ population at an assumed three-year mean duration. Nil below 65: the 노인성 질병 route under 65 [REG-R55] is not modelled"
F,40,cancer,0.00222,"[S3] ANCHOR - 예정위험률 disclosed by age and sex in a Korean CI 상품요약서, the only published Korean CI morbidity basis found"
F,40,ami,0.000148,"[S3] ANCHOR - 예정위험률 disclosed by age and sex in a Korean CI 상품요약서, the only published Korean CI morbidity basis found"
F,40,stroke,0.000399,"[S3] ANCHOR - 예정위험률 disclosed by age and sex in a Korean CI 상품요약서, the only published Korean CI morbidity basis found"
F,40,other,0.000290535,"[std] the five remaining 중대한 질병, the four 중대한 수술 and 중대한 화상 및 부식 as 10.5% of the three headline rates: [S4]'s published 3대-to-17대 office premium step of 5.30% divided by the 50.6% share the CI benefit takes of the risk premium at male 40 in [S3]'s 보장위험별 연간보험료 disclosure"
F,40,ltc,0.0,"[std] 장기요양 1·2등급 inception, 0.12% at 65 growing 14% a year, a placeholder for the construction LTC_KR_S owns; scaled so the 65+ mean is of the order of the 0.5% a year implied by [REG-R42]'s 154,688 1·2등급 인정자 against the 65+ population at an assumed three-year mean duration. Nil below 65: the 노인성 질병 route under 65 [REG-R55] is not modelled"
F,41,cancer,0.002333345,[std] log-linear in ln(rate) between [S3]'s anchors at ages 20 and 40 (below 40) or 40 and 60 (40 to 60); the anchors themselves are [S3]
F,41,ami,0.000167757,[std] log-linear in ln(rate) between [S3]'s anchors at ages 20 and 40 (below 40) or 40 and 60 (40 to 60); the anchors themselves are [S3]
F,41,stroke,0.000439543,[std] log-linear in ln(rate) between [S3]'s anchors at ages 20 and 40 (below 40) or 40 and 60 (40 to 60); the anchors themselves are [S3]
F,41,other,0.000308768,"[std] the five remaining 중대한 질병, the four 중대한 수술 and 중대한 화상 및 부식 as 10.5% of the three headline rates: [S4]'s published 3대-to-17대 office premium step of 5.30% divided by the 50.6% share the CI benefit takes of the risk premium at male 40 in [S3]'s 보장위험별 연간보험료 disclosure"
F,41,ltc,0.0,"[std] 장기요양 1·2등급 inception, 0.12% at 65 growing 14% a year, a placeholder for the construction LTC_KR_S owns; scaled so the 65+ mean is of the order of the 0.5% a year implied by [REG-R42]'s 154,688 1·2등급 인정자 against the 65+ population at an assumed three-year mean duration. Nil below 65: the 노인성 질병 route under 65 [REG-R55] is not modelled"
F,42,cancer,0.002452478,[std] log-linear in ln(rate) between [S3]'s anchors at ages 20 and 40 (below 40) or 40 and 60 (40 to 60); the anchors themselves are [S3]
F,42,ami,0.000190151,[std] log-linear in ln(rate) between [S3]'s anchors at ages 20 and 40 (below 40) or 40 and 60 (40 to 60); the anchors themselves are [S3]
F,42,stroke,0.000484205,[std] log-linear in ln(rate) between [S3]'s anchors at ages 20 and 40 (below 40) or 40 and 60 (40 to 60); the anchors themselves are [S3]
F,42,other,0.000328318,"[std] the five remaining 중대한 질병, the four 중대한 수술 and 중대한 화상 및 부식 as 10.5% of the three headline rates: [S4]'s published 3대-to-17대 office premium step of 5.30% divided by the 50.6% share the CI benefit takes of the risk premium at male 40 in [S3]'s 보장위험별 연간보험료 disclosure"
F,42,ltc,0.0,"[std] 장기요양 1·2등급 inception, 0.12% at 65 growing 14% a year, a placeholder for the construction LTC_KR_S owns; scaled so the 65+ mean is of the order of the 0.5% a year implied by [REG-R42]'s 154,688 1·2등급 인정자 against the 65+ population at an assumed three-year mean duration. Nil below 65: the 노인성 질병 route under 65 [REG-R55] is not modelled"
F,43,cancer,0.002577693,[std] log-linear in ln(rate) between [S3]'s anchors at ages 20 and 40 (below 40) or 40 and 60 (40 to 60); the anchors themselves are [S3]
F,43,ami,0.000215535,[std] log-linear in ln(rate) between [S3]'s anchors at ages 20 and 40 (below 40) or 40 and 60 (40 to 60); the anchors themselves are [S3]
F,43,stroke,0.000533406,[std] log-linear in ln(rate) between [S3]'s anchors at ages 20 and 40 (below 40) or 40 and 60 (40 to 60); the anchors themselves are [S3]
F,43,other,0.000349297,"[std] the five remaining 중대한 질병, the four 중대한 수술 and 중대한 화상 및 부식 as 10.5% of the three headline rates: [S4]'s published 3대-to-17대 office premium step of 5.30% divided by the 50.6% share the CI benefit takes of the risk premium at male 40 in [S3]'s 보장위험별 연간보험료 disclosure"
F,43,ltc,0.0,"[std] 장기요양 1·2등급 inception, 0.12% at 65 growing 14% a year, a placeholder for the construction LTC_KR_S owns; scaled so the 65+ mean is of the order of the 0.5% a year implied by [REG-R42]'s 154,688 1·2등급 인정자 against the 65+ population at an assumed three-year mean duration. Nil below 65: the 노인성 질병 route under 65 [REG-R55] is not modelled"
F,44,cancer,0.002709301,[std] log-linear in ln(rate) between [S3]'s anchors at ages 20 and 40 (below 40) or 40 and 60 (40 to 60); the anchors themselves are [S3]
F,44,ami,0.000244308,[std] log-linear in ln(rate) between [S3]'s anchors at ages 20 and 40 (below 40) or 40 and 60 (40 to 60); the anchors themselves are [S3]
F,44,stroke,0.000587606,[std] log-linear in ln(rate) between [S3]'s anchors at ages 20 and 40 (below 40) or 40 and 60 (40 to 60); the anchors themselves are [S3]
F,44,other,0.000371827,"[std] the five remaining 중대한 질병, the four 중대한 수술 and 중대한 화상 및 부식 as 10.5% of the three headline rates: [S4]'s published 3대-to-17대 office premium step of 5.30% divided by the 50.6% share the CI benefit takes of the risk premium at male 40 in [S3]'s 보장위험별 연간보험료 disclosure"
F,44,ltc,0.0,"[std] 장기요양 1·2등급 inception, 0.12% at 65 growing 14% a year, a placeholder for the construction LTC_KR_S owns; scaled so the 65+ mean is of the order of the 0.5% a year implied by [REG-R42]'s 154,688 1·2등급 인정자 against the 65+ population at an assumed three-year mean duration. Nil below 65: the 노인성 질병 route under 65 [REG-R55] is not modelled"
F,45,cancer,0.002847629,[std] log-linear in ln(rate) between [S3]'s anchors at ages 20 and 40 (below 40) or 40 and 60 (40 to 60); the anchors themselves are [S3]
F,45,ami,0.000276921,[std] log-linear in ln(rate) between [S3]'s anchors at ages 20 and 40 (below 40) or 40 and 60 (40 to 60); the anchors themselves are [S3]
F,45,stroke,0.000647313,[std] log-linear in ln(rate) between [S3]'s anchors at ages 20 and 40 (below 40) or 40 and 60 (40 to 60); the anchors themselves are [S3]
F,45,other,0.000396046,"[std] the five remaining 중대한 질병, the four 중대한 수술 and 중대한 화상 및 부식 as 10.5% of the three headline rates: [S4]'s published 3대-to-17대 office premium step of 5.30% divided by the 50.6% share the CI benefit takes of the risk premium at male 40 in [S3]'s 보장위험별 연간보험료 disclosure"
F,45,ltc,0.0,"[std] 장기요양 1·2등급 inception, 0.12% at 65 growing 14% a year, a placeholder for the construction LTC_KR_S owns; scaled so the 65+ mean is of the order of the 0.5% a year implied by [REG-R42]'s 154,688 1·2등급 인정자 against the 65+ population at an assumed three-year mean duration. Nil below 65: the 노인성 질병 route under 65 [REG-R55] is not modelled"
F,46,cancer,0.002993019,[std] log-linear in ln(rate) between [S3]'s anchors at ages 20 and 40 (below 40) or 40 and 60 (40 to 60); the anchors themselves are [S3]
F,46,ami,0.000313888,[std] log-linear in ln(rate) between [S3]'s anchors at ages 20 and 40 (below 40) or 40 and 60 (40 to 60); the anchors themselves are [S3]
F,46,stroke,0.000713087,[std] log-linear in ln(rate) between [S3]'s anchors at ages 20 and 40 (below 40) or 40 and 60 (40 to 60); the anchors themselves are [S3]
F,46,other,0.000422099,"[std] the five remaining 중대한 질병, the four 중대한 수술 and 중대한 화상 및 부식 as 10.5% of the three headline rates: [S4]'s published 3대-to-17대 office premium step of 5.30% divided by the 50.6% share the CI benefit takes of the risk premium at male 40 in [S3]'s 보장위험별 연간보험료 disclosure"
F,46,ltc,0.0,"[std] 장기요양 1·2등급 inception, 0.12% at 65 growing 14% a year, a placeholder for the construction LTC_KR_S owns; scaled so the 65+ mean is of the order of the 0.5% a year implied by [REG-R42]'s 154,688 1·2등급 인정자 against the 65+ population at an assumed three-year mean duration. Nil below 65: the 노인성 질병 route under 65 [REG-R55] is not modelled"
F,47,cancer,0.003145832,[std] log-linear in ln(rate) between [S3]'s anchors at ages 20 and 40 (below 40) or 40 and 60 (40 to 60); the anchors themselves are [S3]
F,47,ami,0.00035579,[std] log-linear in ln(rate) between [S3]'s anchors at ages 20 and 40 (below 40) or 40 and 60 (40 to 60); the anchors themselves are [S3]
F,47,stroke,0.000785544,[std] log-linear in ln(rate) between [S3]'s anchors at ages 20 and 40 (below 40) or 40 and 60 (40 to 60); the anchors themselves are [S3]
F,47,other,0.000450152,"[std] the five remaining 중대한 질병, the four 중대한 수술 and 중대한 화상 및 부식 as 10.5% of the three headline rates: [S4]'s published 3대-to-17대 office premium step of 5.30% divided by the 50.6% share the CI benefit takes of the risk premium at male 40 in [S3]'s 보장위험별 연간보험료 disclosure"
F,47,ltc,0.0,"[std] 장기요양 1·2등급 inception, 0.12% at 65 growing 14% a year, a placeholder for the construction LTC_KR_S owns; scaled so the 65+ mean is of the order of the 0.5% a year implied by [REG-R42]'s 154,688 1·2등급 인정자 against the 65+ population at an assumed three-year mean duration. Nil below 65: the 노인성 질병 route under 65 [REG-R55] is not modelled"
F,48,cancer,0.003306447,[std] log-linear in ln(rate) between [S3]'s anchors at ages 20 and 40 (below 40) or 40 and 60 (40 to 60); the anchors themselves are [S3]
F,48,ami,0.000403285,[std] log-linear in ln(rate) between [S3]'s anchors at ages 20 and 40 (below 40) or 40 and 60 (40 to 60); the anchors themselves are [S3]
F,48,stroke,0.000865364,[std] log-linear in ln(rate) between [S3]'s anchors at ages 20 and 40 (below 40) or 40 and 60 (40 to 60); the anchors themselves are [S3]
F,48,other,0.000480385,"[std] the five remaining 중대한 질병, the four 중대한 수술 and 중대한 화상 및 부식 as 10.5% of the three headline rates: [S4]'s published 3대-to-17대 office premium step of 5.30% divided by the 50.6% share the CI benefit takes of the risk premium at male 40 in [S3]'s 보장위험별 연간보험료 disclosure"
F,48,ltc,0.0,"[std] 장기요양 1·2등급 inception, 0.12% at 65 growing 14% a year, a placeholder for the construction LTC_KR_S owns; scaled so the 65+ mean is of the order of the 0.5% a year implied by [REG-R42]'s 154,688 1·2등급 인정자 against the 65+ population at an assumed three-year mean duration. Nil below 65: the 노인성 질병 route under 65 [REG-R55] is not modelled"
F,49,cancer,0.003475263,[std] log-linear in ln(rate) between [S3]'s anchors at ages 20 and 40 (below 40) or 40 and 60 (40 to 60); the anchors themselves are [S3]
F,49,ami,0.000457121,[std] log-linear in ln(rate) between [S3]'s anchors at ages 20 and 40 (below 40) or 40 and 60 (40 to 60); the anchors themselves are [S3]
F,49,stroke,0.000953295,[std] log-linear in ln(rate) between [S3]'s anchors at ages 20 and 40 (below 40) or 40 and 60 (40 to 60); the anchors themselves are [S3]
F,49,other,0.000512996,"[std] the five remaining 중대한 질병, the four 중대한 수술 and 중대한 화상 및 부식 as 10.5% of the three headline rates: [S4]'s published 3대-to-17대 office premium step of 5.30% divided by the 50.6% share the CI benefit takes of the risk premium at male 40 in [S3]'s 보장위험별 연간보험료 disclosure"
F,49,ltc,0.0,"[std] 장기요양 1·2등급 inception, 0.12% at 65 growing 14% a year, a placeholder for the construction LTC_KR_S owns; scaled so the 65+ mean is of the order of the 0.5% a year implied by [REG-R42]'s 154,688 1·2등급 인정자 against the 65+ population at an assumed three-year mean duration. Nil below 65: the 노인성 질병 route under 65 [REG-R55] is not modelled"
F,50,cancer,0.003652698,[std] log-linear in ln(rate) between [S3]'s anchors at ages 20 and 40 (below 40) or 40 and 60 (40 to 60); the anchors themselves are [S3]
F,50,ami,0.000518143,[std] log-linear in ln(rate) between [S3]'s anchors at ages 20 and 40 (below 40) or 40 and 60 (40 to 60); the anchors themselves are [S3]
F,50,stroke,0.00105016,[std] log-linear in ln(rate) between [S3]'s anchors at ages 20 and 40 (below 40) or 40 and 60 (40 to 60); the anchors themselves are [S3]
F,50,other,0.000548205,"[std] the five remaining 중대한 질병, the four 중대한 수술 and 중대한 화상 및 부식 as 10.5% of the three headline rates: [S4]'s published 3대-to-17대 office premium step of 5.30% divided by the 50.6% share the CI benefit takes of the risk premium at male 40 in [S3]'s 보장위험별 연간보험료 disclosure"
F,50,ltc,0.0,"[std] 장기요양 1·2등급 inception, 0.12% at 65 growing 14% a year, a placeholder for the construction LTC_KR_S owns; scaled so the 65+ mean is of the order of the 0.5% a year implied by [REG-R42]'s 154,688 1·2등급 인정자 against the 65+ population at an assumed three-year mean duration. Nil below 65: the 노인성 질병 route under 65 [REG-R55] is not modelled"
F,51,cancer,0.003839192,[std] log-linear in ln(rate) between [S3]'s anchors at ages 20 and 40 (below 40) or 40 and 60 (40 to 60); the anchors themselves are [S3]
F,51,ami,0.000587311,[std] log-linear in ln(rate) between [S3]'s anchors at ages 20 and 40 (below 40) or 40 and 60 (40 to 60); the anchors themselves are [S3]
F,51,stroke,0.001156868,[std] log-linear in ln(rate) between [S3]'s anchors at ages 20 and 40 (below 40) or 40 and 60 (40 to 60); the anchors themselves are [S3]
F,51,other,0.000586254,"[std] the five remaining 중대한 질병, the four 중대한 수술 and 중대한 화상 및 부식 as 10.5% of the three headline rates: [S4]'s published 3대-to-17대 office premium step of 5.30% divided by the 50.6% share the CI benefit takes of the risk premium at male 40 in [S3]'s 보장위험별 연간보험료 disclosure"
F,51,ltc,0.0,"[std] 장기요양 1·2등급 inception, 0.12% at 65 growing 14% a year, a placeholder for the construction LTC_KR_S owns; scaled so the 65+ mean is of the order of the 0.5% a year implied by [REG-R42]'s 154,688 1·2등급 인정자 against the 65+ population at an assumed three-year mean duration. Nil below 65: the 노인성 질병 route under 65 [REG-R55] is not modelled"
F,52,cancer,0.004035208,[std] log-linear in ln(rate) between [S3]'s anchors at ages 20 and 40 (below 40) or 40 and 60 (40 to 60); the anchors themselves are [S3]
F,52,ami,0.000665713,[std] log-linear in ln(rate) between [S3]'s anchors at ages 20 and 40 (below 40) or 40 and 60 (40 to 60); the anchors themselves are [S3]
F,52,stroke,0.001274418,[std] log-linear in ln(rate) between [S3]'s anchors at ages 20 and 40 (below 40) or 40 and 60 (40 to 60); the anchors themselves are [S3]
F,52,other,0.000627411,"[std] the five remaining 중대한 질병, the four 중대한 수술 and 중대한 화상 및 부식 as 10.5% of the three headline rates: [S4]'s published 3대-to-17대 office premium step of 5.30% divided by the 50.6% share the CI benefit takes of the risk premium at male 40 in [S3]'s 보장위험별 연간보험료 disclosure"
F,52,ltc,0.0,"[std] 장기요양 1·2등급 inception, 0.12% at 65 growing 14% a year, a placeholder for the construction LTC_KR_S owns; scaled so the 65+ mean is of the order of the 0.5% a year implied by [REG-R42]'s 154,688 1·2등급 인정자 against the 65+ population at an assumed three-year mean duration. Nil below 65: the 노인성 질병 route under 65 [REG-R55] is not modelled"
F,53,cancer,0.004241231,[std] log-linear in ln(rate) between [S3]'s anchors at ages 20 and 40 (below 40) or 40 and 60 (40 to 60); the anchors themselves are [S3]
F,53,ami,0.000754581,[std] log-linear in ln(rate) between [S3]'s anchors at ages 20 and 40 (below 40) or 40 and 60 (40 to 60); the anchors themselves are [S3]
F,53,stroke,0.001403913,[std] log-linear in ln(rate) between [S3]'s anchors at ages 20 and 40 (below 40) or 40 and 60 (40 to 60); the anchors themselves are [S3]
F,53,other,0.000671971,"[std] the five remaining 중대한 질병, the four 중대한 수술 and 중대한 화상 및 부식 as 10.5% of the three headline rates: [S4]'s published 3대-to-17대 office premium step of 5.30% divided by the 50.6% share the CI benefit takes of the risk premium at male 40 in [S3]'s 보장위험별 연간보험료 disclosure"
F,53,ltc,0.0,"[std] 장기요양 1·2등급 inception, 0.12% at 65 growing 14% a year, a placeholder for the construction LTC_KR_S owns; scaled so the 65+ mean is of the order of the 0.5% a year implied by [REG-R42]'s 154,688 1·2등급 인정자 against the 65+ population at an assumed three-year mean duration. Nil below 65: the 노인성 질병 route under 65 [REG-R55] is not modelled"
F,54,cancer,0.004457774,[std] log-linear in ln(rate) between [S3]'s anchors at ages 20 and 40 (below 40) or 40 and 60 (40 to 60); the anchors themselves are [S3]
F,54,ami,0.000855312,[std] log-linear in ln(rate) between [S3]'s anchors at ages 20 and 40 (below 40) or 40 and 60 (40 to 60); the anchors themselves are [S3]
F,54,stroke,0.001546566,[std] log-linear in ln(rate) between [S3]'s anchors at ages 20 and 40 (below 40) or 40 and 60 (40 to 60); the anchors themselves are [S3]
F,54,other,0.000720263,"[std] the five remaining 중대한 질병, the four 중대한 수술 and 중대한 화상 및 부식 as 10.5% of the three headline rates: [S4]'s published 3대-to-17대 office premium step of 5.30% divided by the 50.6% share the CI benefit takes of the risk premium at male 40 in [S3]'s 보장위험별 연간보험료 disclosure"
F,54,ltc,0.0,"[std] 장기요양 1·2등급 inception, 0.12% at 65 growing 14% a year, a placeholder for the construction LTC_KR_S owns; scaled so the 65+ mean is of the order of the 0.5% a year implied by [REG-R42]'s 154,688 1·2등급 인정자 against the 65+ population at an assumed three-year mean duration. Nil below 65: the 노인성 질병 route under 65 [REG-R55] is not modelled"
F,55,cancer,0.004685372,[std] log-linear in ln(rate) between [S3]'s anchors at ages 20 and 40 (below 40) or 40 and 60 (40 to 60); the anchors themselves are [S3]
F,55,ami,0.00096949,[std] log-linear in ln(rate) between [S3]'s anchors at ages 20 and 40 (below 40) or 40 and 60 (40 to 60); the anchors themselves are [S3]
F,55,stroke,0.001703714,[std] log-linear in ln(rate) between [S3]'s anchors at ages 20 and 40 (below 40) or 40 and 60 (40 to 60); the anchors themselves are [S3]
F,55,other,0.000772651,"[std] the five remaining 중대한 질병, the four 중대한 수술 and 중대한 화상 및 부식 as 10.5% of the three headline rates: [S4]'s published 3대-to-17대 office premium step of 5.30% divided by the 50.6% share the CI benefit takes of the risk premium at male 40 in [S3]'s 보장위험별 연간보험료 disclosure"
F,55,ltc,0.0,"[std] 장기요양 1·2등급 inception, 0.12% at 65 growing 14% a year, a placeholder for the construction LTC_KR_S owns; scaled so the 65+ mean is of the order of the 0.5% a year implied by [REG-R42]'s 154,688 1·2등급 인정자 against the 65+ population at an assumed three-year mean duration. Nil below 65: the 노인성 질병 route under 65 [REG-R55] is not modelled"
F,56,cancer,0.004924591,[std] log-linear in ln(rate) between [S3]'s anchors at ages 20 and 40 (below 40) or 40 and 60 (40 to 60); the anchors themselves are [S3]
F,56,ami,0.00109891,[std] log-linear in ln(rate) between [S3]'s anchors at ages 20 and 40 (below 40) or 40 and 60 (40 to 60); the anchors themselves are [S3]
F,56,stroke,0.00187683,[std] log-linear in ln(rate) between [S3]'s anchors at ages 20 and 40 (below 40) or 40 and 60 (40 to 60); the anchors themselves are [S3]
F,56,other,0.000829535,"[std] the five remaining 중대한 질병, the four 중대한 수술 and 중대한 화상 및 부식 as 10.5% of the three headline rates: [S4]'s published 3대-to-17대 office premium step of 5.30% divided by the 50.6% share the CI benefit takes of the risk premium at male 40 in [S3]'s 보장위험별 연간보험료 disclosure"
F,56,ltc,0.0,"[std] 장기요양 1·2등급 inception, 0.12% at 65 growing 14% a year, a placeholder for the construction LTC_KR_S owns; scaled so the 65+ mean is of the order of the 0.5% a year implied by [REG-R42]'s 154,688 1·2등급 인정자 against the 65+ population at an assumed three-year mean duration. Nil below 65: the 노인성 질병 route under 65 [REG-R55] is not modelled"
F,57,cancer,0.005176024,[std] log-linear in ln(rate) between [S3]'s anchors at ages 20 and 40 (below 40) or 40 and 60 (40 to 60); the anchors themselves are [S3]
F,57,ami,0.001245607,[std] log-linear in ln(rate) between [S3]'s anchors at ages 20 and 40 (below 40) or 40 and 60 (40 to 60); the anchors themselves are [S3]
F,57,stroke,0.002067537,[std] log-linear in ln(rate) between [S3]'s anchors at ages 20 and 40 (below 40) or 40 and 60 (40 to 60); the anchors themselves are [S3]
F,57,other,0.000891363,"[std] the five remaining 중대한 질병, the four 중대한 수술 and 중대한 화상 및 부식 as 10.5% of the three headline rates: [S4]'s published 3대-to-17대 office premium step of 5.30% divided by the 50.6% share the CI benefit takes of the risk premium at male 40 in [S3]'s 보장위험별 연간보험료 disclosure"
F,57,ltc,0.0,"[std] 장기요양 1·2등급 inception, 0.12% at 65 growing 14% a year, a placeholder for the construction LTC_KR_S owns; scaled so the 65+ mean is of the order of the 0.5% a year implied by [REG-R42]'s 154,688 1·2등급 인정자 against the 65+ population at an assumed three-year mean duration. Nil below 65: the 노인성 질병 route under 65 [REG-R55] is not modelled"
F,58,cancer,0.005440293,[std] log-linear in ln(rate) between [S3]'s anchors at ages 20 and 40 (below 40) or 40 and 60 (40 to 60); the anchors themselves are [S3]
F,58,ami,0.001411886,[std] log-linear in ln(rate) between [S3]'s anchors at ages 20 and 40 (below 40) or 40 and 60 (40 to 60); the anchors themselves are [S3]
F,58,stroke,0.002277621,[std] log-linear in ln(rate) between [S3]'s anchors at ages 20 and 40 (below 40) or 40 and 60 (40 to 60); the anchors themselves are [S3]
F,58,other,0.000958629,"[std] the five remaining 중대한 질병, the four 중대한 수술 and 중대한 화상 및 부식 as 10.5% of the three headline rates: [S4]'s published 3대-to-17대 office premium step of 5.30% divided by the 50.6% share the CI benefit takes of the risk premium at male 40 in [S3]'s 보장위험별 연간보험료 disclosure"
F,58,ltc,0.0,"[std] 장기요양 1·2등급 inception, 0.12% at 65 growing 14% a year, a placeholder for the construction LTC_KR_S owns; scaled so the 65+ mean is of the order of the 0.5% a year implied by [REG-R42]'s 154,688 1·2등급 인정자 against the 65+ population at an assumed three-year mean duration. Nil below 65: the 노인성 질병 route under 65 [REG-R55] is not modelled"
F,59,cancer,0.005718056,[std] log-linear in ln(rate) between [S3]'s anchors at ages 20 and 40 (below 40) or 40 and 60 (40 to 60); the anchors themselves are [S3]
F,59,ami,0.001600363,[std] log-linear in ln(rate) between [S3]'s anchors at ages 20 and 40 (below 40) or 40 and 60 (40 to 60); the anchors themselves are [S3]
F,59,stroke,0.002509053,[std] log-linear in ln(rate) between [S3]'s anchors at ages 20 and 40 (below 40) or 40 and 60 (40 to 60); the anchors themselves are [S3]
F,59,other,0.001031885,"[std] the five remaining 중대한 질병, the four 중대한 수술 and 중대한 화상 및 부식 as 10.5% of the three headline rates: [S4]'s published 3대-to-17대 office premium step of 5.30% divided by the 50.6% share the CI benefit takes of the risk premium at male 40 in [S3]'s 보장위험별 연간보험료 disclosure"
F,59,ltc,0.0,"[std] 장기요양 1·2등급 inception, 0.12% at 65 growing 14% a year, a placeholder for the construction LTC_KR_S owns; scaled so the 65+ mean is of the order of the 0.5% a year implied by [REG-R42]'s 154,688 1·2등급 인정자 against the 65+ population at an assumed three-year mean duration. Nil below 65: the 노인성 질병 route under 65 [REG-R55] is not modelled"
F,60,cancer,0.00601,"[S3] ANCHOR - 예정위험률 disclosed by age and sex in a Korean CI 상품요약서, the only published Korean CI morbidity basis found"
F,60,ami,0.001814,"[S3] ANCHOR - 예정위험률 disclosed by age and sex in a Korean CI 상품요약서, the only published Korean CI morbidity basis found"
F,60,stroke,0.002764,"[S3] ANCHOR - 예정위험률 disclosed by age and sex in a Korean CI 상품요약서, the only published Korean CI morbidity basis found"
F,60,other,0.00111174,"[std] the five remaining 중대한 질병, the four 중대한 수술 and 중대한 화상 및 부식 as 10.5% of the three headline rates: [S4]'s published 3대-to-17대 office premium step of 5.30% divided by the 50.6% share the CI benefit takes of the risk premium at male 40 in [S3]'s 보장위험별 연간보험료 disclosure"
F,60,ltc,0.0,"[std] 장기요양 1·2등급 inception, 0.12% at 65 growing 14% a year, a placeholder for the construction LTC_KR_S owns; scaled so the 65+ mean is of the order of the 0.5% a year implied by [REG-R42]'s 154,688 1·2등급 인정자 against the 65+ population at an assumed three-year mean duration. Nil below 65: the 노인성 질병 route under 65 [REG-R55] is not modelled"
F,61,cancer,0.006285473,[std] extrapolation above [S3]'s age-60 anchor with the 40-to-60 log-slope decaying geometrically at 0.90 a year; continuing the undamped slope gives a cancer rate above 1 before age 100
F,61,ami,0.002030552,[std] extrapolation above [S3]'s age-60 anchor with the 40-to-60 log-slope decaying geometrically at 0.90 a year; continuing the undamped slope gives a cancer rate above 1 before age 100
F,61,stroke,0.003015529,[std] extrapolation above [S3]'s age-60 anchor with the 40-to-60 log-slope decaying geometrically at 0.90 a year; continuing the undamped slope gives a cancer rate above 1 before age 100
F,61,other,0.001189813,"[std] the five remaining 중대한 질병, the four 중대한 수술 and 중대한 화상 및 부식 as 10.5% of the three headline rates: [S4]'s published 3대-to-17대 office premium step of 5.30% divided by the 50.6% share the CI benefit takes of the risk premium at male 40 in [S3]'s 보장위험별 연간보험료 disclosure"
F,61,ltc,0.0,"[std] 장기요양 1·2등급 inception, 0.12% at 65 growing 14% a year, a placeholder for the construction LTC_KR_S owns; scaled so the 65+ mean is of the order of the 0.5% a year implied by [REG-R42]'s 154,688 1·2등급 인정자 against the 65+ population at an assumed three-year mean duration. Nil below 65: the 노인성 질병 route under 65 [REG-R55] is not modelled"
F,62,cancer,0.006544177,[std] extrapolation above [S3]'s age-60 anchor with the 40-to-60 log-slope decaying geometrically at 0.90 a year; continuing the undamped slope gives a cancer rate above 1 before age 100
F,62,ami,0.002247467,[std] extrapolation above [S3]'s age-60 anchor with the 40-to-60 log-slope decaying geometrically at 0.90 a year; continuing the undamped slope gives a cancer rate above 1 before age 100
F,62,stroke,0.003261417,[std] extrapolation above [S3]'s age-60 anchor with the 40-to-60 log-slope decaying geometrically at 0.90 a year; continuing the undamped slope gives a cancer rate above 1 before age 100
F,62,other,0.001265572,"[std] the five remaining 중대한 질병, the four 중대한 수술 and 중대한 화상 및 부식 as 10.5% of the three headline rates: [S4]'s published 3대-to-17대 office premium step of 5.30% divided by the 50.6% share the CI benefit takes of the risk premium at male 40 in [S3]'s 보장위험별 연간보험료 disclosure"
F,62,ltc,0.0,"[std] 장기요양 1·2등급 inception, 0.12% at 65 growing 14% a year, a placeholder for the construction LTC_KR_S owns; scaled so the 65+ mean is of the order of the 0.5% a year implied by [REG-R42]'s 154,688 1·2등급 인정자 against the 65+ population at an assumed three-year mean duration. Nil below 65: the 노인성 질병 route under 65 [REG-R55] is not modelled"
F,63,cancer,0.006786103,[std] extrapolation above [S3]'s age-60 anchor with the 40-to-60 log-slope decaying geometrically at 0.90 a year; continuing the undamped slope gives a cancer rate above 1 before age 100
F,63,ami,0.002462434,[std] extrapolation above [S3]'s age-60 anchor with the 40-to-60 log-slope decaying geometrically at 0.90 a year; continuing the undamped slope gives a cancer rate above 1 before age 100
F,63,stroke,0.003499814,[std] extrapolation above [S3]'s age-60 anchor with the 40-to-60 log-slope decaying geometrically at 0.90 a year; continuing the undamped slope gives a cancer rate above 1 before age 100
F,63,other,0.001338577,"[std] the five remaining 중대한 질병, the four 중대한 수술 and 중대한 화상 및 부식 as 10.5% of the three headline rates: [S4]'s published 3대-to-17대 office premium step of 5.30% divided by the 50.6% share the CI benefit takes of the risk premium at male 40 in [S3]'s 보장위험별 연간보험료 disclosure"
F,63,ltc,0.0,"[std] 장기요양 1·2등급 inception, 0.12% at 65 growing 14% a year, a placeholder for the construction LTC_KR_S owns; scaled so the 65+ mean is of the order of the 0.5% a year implied by [REG-R42]'s 154,688 1·2등급 인정자 against the 65+ population at an assumed three-year mean duration. Nil below 65: the 노인성 질병 route under 65 [REG-R55] is not modelled"
F,64,cancer,0.007011474,[std] extrapolation above [S3]'s age-60 anchor with the 40-to-60 log-slope decaying geometrically at 0.90 a year; continuing the undamped slope gives a cancer rate above 1 before age 100
F,64,ami,0.00267343,[std] extrapolation above [S3]'s age-60 anchor with the 40-to-60 log-slope decaying geometrically at 0.90 a year; continuing the undamped slope gives a cancer rate above 1 before age 100
F,64,stroke,0.003729235,[std] extrapolation above [S3]'s age-60 anchor with the 40-to-60 log-slope decaying geometrically at 0.90 a year; continuing the undamped slope gives a cancer rate above 1 before age 100
F,64,other,0.001408485,"[std] the five remaining 중대한 질병, the four 중대한 수술 and 중대한 화상 및 부식 as 10.5% of the three headline rates: [S4]'s published 3대-to-17대 office premium step of 5.30% divided by the 50.6% share the CI benefit takes of the risk premium at male 40 in [S3]'s 보장위험별 연간보험료 disclosure"
F,64,ltc,0.0,"[std] 장기요양 1·2등급 inception, 0.12% at 65 growing 14% a year, a placeholder for the construction LTC_KR_S owns; scaled so the 65+ mean is of the order of the 0.5% a year implied by [REG-R42]'s 154,688 1·2등급 인정자 against the 65+ population at an assumed three-year mean duration. Nil below 65: the 노인성 질병 route under 65 [REG-R55] is not modelled"
F,65,cancer,0.0072207,[std] extrapolation above [S3]'s age-60 anchor with the 40-to-60 log-slope decaying geometrically at 0.90 a year; continuing the undamped slope gives a cancer rate above 1 before age 100
F,65,ami,0.002878741,[std] extrapolation above [S3]'s age-60 anchor with the 40-to-60 log-slope decaying geometrically at 0.90 a year; continuing the undamped slope gives a cancer rate above 1 before age 100
F,65,stroke,0.003948544,[std] extrapolation above [S3]'s age-60 anchor with the 40-to-60 log-slope decaying geometrically at 0.90 a year; continuing the undamped slope gives a cancer rate above 1 before age 100
F,65,other,0.001475038,"[std] the five remaining 중대한 질병, the four 중대한 수술 and 중대한 화상 및 부식 as 10.5% of the three headline rates: [S4]'s published 3대-to-17대 office premium step of 5.30% divided by the 50.6% share the CI benefit takes of the risk premium at male 40 in [S3]'s 보장위험별 연간보험료 disclosure"
F,65,ltc,0.0012,"[std] 장기요양 1·2등급 inception, 0.12% at 65 growing 14% a year, a placeholder for the construction LTC_KR_S owns; scaled so the 65+ mean is of the order of the 0.5% a year implied by [REG-R42]'s 154,688 1·2등급 인정자 against the 65+ population at an assumed three-year mean duration. Nil below 65: the 노인성 질병 route under 65 [REG-R55] is not modelled"
F,66,cancer,0.007414337,[std] extrapolation above [S3]'s age-60 anchor with the 40-to-60 log-slope decaying geometrically at 0.90 a year; continuing the undamped slope gives a cancer rate above 1 before age 100
F,66,ami,0.003076968,[std] extrapolation above [S3]'s age-60 anchor with the 40-to-60 log-slope decaying geometrically at 0.90 a year; continuing the undamped slope gives a cancer rate above 1 before age 100
F,66,stroke,0.004156928,[std] extrapolation above [S3]'s age-60 anchor with the 40-to-60 log-slope decaying geometrically at 0.90 a year; continuing the undamped slope gives a cancer rate above 1 before age 100
F,66,other,0.001538064,"[std] the five remaining 중대한 질병, the four 중대한 수술 and 중대한 화상 및 부식 as 10.5% of the three headline rates: [S4]'s published 3대-to-17대 office premium step of 5.30% divided by the 50.6% share the CI benefit takes of the risk premium at male 40 in [S3]'s 보장위험별 연간보험료 disclosure"
F,66,ltc,0.001368,"[std] 장기요양 1·2등급 inception, 0.12% at 65 growing 14% a year, a placeholder for the construction LTC_KR_S owns; scaled so the 65+ mean is of the order of the 0.5% a year implied by [REG-R42]'s 154,688 1·2등급 인정자 against the 65+ population at an assumed three-year mean duration. Nil below 65: the 노인성 질병 route under 65 [REG-R55] is not modelled"
F,67,cancer,0.007593045,[std] extrapolation above [S3]'s age-60 anchor with the 40-to-60 log-slope decaying geometrically at 0.90 a year; continuing the undamped slope gives a cancer rate above 1 before age 100
F,67,ami,0.003267016,[std] extrapolation above [S3]'s age-60 anchor with the 40-to-60 log-slope decaying geometrically at 0.90 a year; continuing the undamped slope gives a cancer rate above 1 before age 100
F,67,stroke,0.00435386,[std] extrapolation above [S3]'s age-60 anchor with the 40-to-60 log-slope decaying geometrically at 0.90 a year; continuing the undamped slope gives a cancer rate above 1 before age 100
F,67,other,0.001597462,"[std] the five remaining 중대한 질병, the four 중대한 수술 and 중대한 화상 및 부식 as 10.5% of the three headline rates: [S4]'s published 3대-to-17대 office premium step of 5.30% divided by the 50.6% share the CI benefit takes of the risk premium at male 40 in [S3]'s 보장위험별 연간보험료 disclosure"
F,67,ltc,0.00155952,"[std] 장기요양 1·2등급 inception, 0.12% at 65 growing 14% a year, a placeholder for the construction LTC_KR_S owns; scaled so the 65+ mean is of the order of the 0.5% a year implied by [REG-R42]'s 154,688 1·2등급 인정자 against the 65+ population at an assumed three-year mean duration. Nil below 65: the 노인성 질병 route under 65 [REG-R55] is not modelled"
F,68,cancer,0.007757563,[std] extrapolation above [S3]'s age-60 anchor with the 40-to-60 log-slope decaying geometrically at 0.90 a year; continuing the undamped slope gives a cancer rate above 1 before age 100
F,68,ami,0.003448076,[std] extrapolation above [S3]'s age-60 anchor with the 40-to-60 log-slope decaying geometrically at 0.90 a year; continuing the undamped slope gives a cancer rate above 1 before age 100
F,68,stroke,0.004539064,[std] extrapolation above [S3]'s age-60 anchor with the 40-to-60 log-slope decaying geometrically at 0.90 a year; continuing the undamped slope gives a cancer rate above 1 before age 100
F,68,other,0.001653194,"[std] the five remaining 중대한 질병, the four 중대한 수술 and 중대한 화상 및 부식 as 10.5% of the three headline rates: [S4]'s published 3대-to-17대 office premium step of 5.30% divided by the 50.6% share the CI benefit takes of the risk premium at male 40 in [S3]'s 보장위험별 연간보험료 disclosure"
F,68,ltc,0.001777853,"[std] 장기요양 1·2등급 inception, 0.12% at 65 growing 14% a year, a placeholder for the construction LTC_KR_S owns; scaled so the 65+ mean is of the order of the 0.5% a year implied by [REG-R42]'s 154,688 1·2등급 인정자 against the 65+ population at an assumed three-year mean duration. Nil below 65: the 노인성 질병 route under 65 [REG-R55] is not modelled"
F,69,cancer,0.007908674,[std] extrapolation above [S3]'s age-60 anchor with the 40-to-60 log-slope decaying geometrically at 0.90 a year; continuing the undamped slope gives a cancer rate above 1 before age 100
F,69,ami,0.003619593,[std] extrapolation above [S3]'s age-60 anchor with the 40-to-60 log-slope decaying geometrically at 0.90 a year; continuing the undamped slope gives a cancer rate above 1 before age 100
F,69,stroke,0.004712473,[std] extrapolation above [S3]'s age-60 anchor with the 40-to-60 log-slope decaying geometrically at 0.90 a year; continuing the undamped slope gives a cancer rate above 1 before age 100
F,69,other,0.001705278,"[std] the five remaining 중대한 질병, the four 중대한 수술 and 중대한 화상 및 부식 as 10.5% of the three headline rates: [S4]'s published 3대-to-17대 office premium step of 5.30% divided by the 50.6% share the CI benefit takes of the risk premium at male 40 in [S3]'s 보장위험별 연간보험료 disclosure"
F,69,ltc,0.002026752,"[std] 장기요양 1·2등급 inception, 0.12% at 65 growing 14% a year, a placeholder for the construction LTC_KR_S owns; scaled so the 65+ mean is of the order of the 0.5% a year implied by [REG-R42]'s 154,688 1·2등급 인정자 against the 65+ population at an assumed three-year mean duration. Nil below 65: the 노인성 질병 route under 65 [REG-R55] is not modelled"
F,70,cancer,0.00804719,[std] extrapolation above [S3]'s age-60 anchor with the 40-to-60 log-slope decaying geometrically at 0.90 a year; continuing the undamped slope gives a cancer rate above 1 before age 100
F,70,ami,0.003781241,[std] extrapolation above [S3]'s age-60 anchor with the 40-to-60 log-slope decaying geometrically at 0.90 a year; continuing the undamped slope gives a cancer rate above 1 before age 100
F,70,stroke,0.004874199,[std] extrapolation above [S3]'s age-60 anchor with the 40-to-60 log-slope decaying geometrically at 0.90 a year; continuing the undamped slope gives a cancer rate above 1 before age 100
F,70,other,0.001753776,"[std] the five remaining 중대한 질병, the four 중대한 수술 and 중대한 화상 및 부식 as 10.5% of the three headline rates: [S4]'s published 3대-to-17대 office premium step of 5.30% divided by the 50.6% share the CI benefit takes of the risk premium at male 40 in [S3]'s 보장위험별 연간보험료 disclosure"
F,70,ltc,0.002310497,"[std] 장기요양 1·2등급 inception, 0.12% at 65 growing 14% a year, a placeholder for the construction LTC_KR_S owns; scaled so the 65+ mean is of the order of the 0.5% a year implied by [REG-R42]'s 154,688 1·2등급 인정자 against the 65+ population at an assumed three-year mean duration. Nil below 65: the 노인성 질병 route under 65 [REG-R55] is not modelled"
F,71,cancer,0.008173926,[std] extrapolation above [S3]'s age-60 anchor with the 40-to-60 log-slope decaying geometrically at 0.90 a year; continuing the undamped slope gives a cancer rate above 1 before age 100
F,71,ami,0.003932888,[std] extrapolation above [S3]'s age-60 anchor with the 40-to-60 log-slope decaying geometrically at 0.90 a year; continuing the undamped slope gives a cancer rate above 1 before age 100
F,71,stroke,0.005024492,[std] extrapolation above [S3]'s age-60 anchor with the 40-to-60 log-slope decaying geometrically at 0.90 a year; continuing the undamped slope gives a cancer rate above 1 before age 100
F,71,other,0.001798787,"[std] the five remaining 중대한 질병, the four 중대한 수술 and 중대한 화상 및 부식 as 10.5% of the three headline rates: [S4]'s published 3대-to-17대 office premium step of 5.30% divided by the 50.6% share the CI benefit takes of the risk premium at male 40 in [S3]'s 보장위험별 연간보험료 disclosure"
F,71,ltc,0.002633967,"[std] 장기요양 1·2등급 inception, 0.12% at 65 growing 14% a year, a placeholder for the construction LTC_KR_S owns; scaled so the 65+ mean is of the order of the 0.5% a year implied by [REG-R42]'s 154,688 1·2등급 인정자 against the 65+ population at an assumed three-year mean duration. Nil below 65: the 노인성 질병 route under 65 [REG-R55] is not modelled"
F,72,cancer,0.008289695,[std] extrapolation above [S3]'s age-60 anchor with the 40-to-60 log-slope decaying geometrically at 0.90 a year; continuing the undamped slope gives a cancer rate above 1 before age 100
F,72,ami,0.004074563,[std] extrapolation above [S3]'s age-60 anchor with the 40-to-60 log-slope decaying geometrically at 0.90 a year; continuing the undamped slope gives a cancer rate above 1 before age 100
F,72,stroke,0.005163714,[std] extrapolation above [S3]'s age-60 anchor with the 40-to-60 log-slope decaying geometrically at 0.90 a year; continuing the undamped slope gives a cancer rate above 1 before age 100
F,72,other,0.001840437,"[std] the five remaining 중대한 질병, the four 중대한 수술 and 중대한 화상 및 부식 as 10.5% of the three headline rates: [S4]'s published 3대-to-17대 office premium step of 5.30% divided by the 50.6% share the CI benefit takes of the risk premium at male 40 in [S3]'s 보장위험별 연간보험료 disclosure"
F,72,ltc,0.003002723,"[std] 장기요양 1·2등급 inception, 0.12% at 65 growing 14% a year, a placeholder for the construction LTC_KR_S owns; scaled so the 65+ mean is of the order of the 0.5% a year implied by [REG-R42]'s 154,688 1·2등급 인정자 against the 65+ population at an assumed three-year mean duration. Nil below 65: the 노인성 질병 route under 65 [REG-R55] is not modelled"
F,73,cancer,0.008395288,[std] extrapolation above [S3]'s age-60 anchor with the 40-to-60 log-slope decaying geometrically at 0.90 a year; continuing the undamped slope gives a cancer rate above 1 before age 100
F,73,ami,0.004206429,[std] extrapolation above [S3]'s age-60 anchor with the 40-to-60 log-slope decaying geometrically at 0.90 a year; continuing the undamped slope gives a cancer rate above 1 before age 100
F,73,stroke,0.005292309,[std] extrapolation above [S3]'s age-60 anchor with the 40-to-60 log-slope decaying geometrically at 0.90 a year; continuing the undamped slope gives a cancer rate above 1 before age 100
F,73,other,0.001878873,"[std] the five remaining 중대한 질병, the four 중대한 수술 and 중대한 화상 및 부식 as 10.5% of the three headline rates: [S4]'s published 3대-to-17대 office premium step of 5.30% divided by the 50.6% share the CI benefit takes of the risk premium at male 40 in [S3]'s 보장위험별 연간보험료 disclosure"
F,73,ltc,0.003423104,"[std] 장기요양 1·2등급 inception, 0.12% at 65 growing 14% a year, a placeholder for the construction LTC_KR_S owns; scaled so the 65+ mean is of the order of the 0.5% a year implied by [REG-R42]'s 154,688 1·2등급 인정자 against the 65+ population at an assumed three-year mean duration. Nil below 65: the 노인성 질병 route under 65 [REG-R55] is not modelled"
F,74,cancer,0.008491472,[std] extrapolation above [S3]'s age-60 anchor with the 40-to-60 log-slope decaying geometrically at 0.90 a year; continuing the undamped slope gives a cancer rate above 1 before age 100
F,74,ami,0.004328753,[std] extrapolation above [S3]'s age-60 anchor with the 40-to-60 log-slope decaying geometrically at 0.90 a year; continuing the undamped slope gives a cancer rate above 1 before age 100
F,74,stroke,0.00541078,[std] extrapolation above [S3]'s age-60 anchor with the 40-to-60 log-slope decaying geometrically at 0.90 a year; continuing the undamped slope gives a cancer rate above 1 before age 100
F,74,other,0.001914256,"[std] the five remaining 중대한 질병, the four 중대한 수술 and 중대한 화상 및 부식 as 10.5% of the three headline rates: [S4]'s published 3대-to-17대 office premium step of 5.30% divided by the 50.6% share the CI benefit takes of the risk premium at male 40 in [S3]'s 보장위험별 연간보험료 disclosure"
F,74,ltc,0.003902338,"[std] 장기요양 1·2등급 inception, 0.12% at 65 growing 14% a year, a placeholder for the construction LTC_KR_S owns; scaled so the 65+ mean is of the order of the 0.5% a year implied by [REG-R42]'s 154,688 1·2등급 인정자 against the 65+ population at an assumed three-year mean duration. Nil below 65: the 노인성 질병 route under 65 [REG-R55] is not modelled"
F,75,cancer,0.008578979,[std] extrapolation above [S3]'s age-60 anchor with the 40-to-60 log-slope decaying geometrically at 0.90 a year; continuing the undamped slope gives a cancer rate above 1 before age 100
F,75,ami,0.004441884,[std] extrapolation above [S3]'s age-60 anchor with the 40-to-60 log-slope decaying geometrically at 0.90 a year; continuing the undamped slope gives a cancer rate above 1 before age 100
F,75,stroke,0.00551967,[std] extrapolation above [S3]'s age-60 anchor with the 40-to-60 log-slope decaying geometrically at 0.90 a year; continuing the undamped slope gives a cancer rate above 1 before age 100
F,75,other,0.001946756,"[std] the five remaining 중대한 질병, the four 중대한 수술 and 중대한 화상 및 부식 as 10.5% of the three headline rates: [S4]'s published 3대-to-17대 office premium step of 5.30% divided by the 50.6% share the CI benefit takes of the risk premium at male 40 in [S3]'s 보장위험별 연간보험료 disclosure"
F,75,ltc,0.004448666,"[std] 장기요양 1·2등급 inception, 0.12% at 65 growing 14% a year, a placeholder for the construction LTC_KR_S owns; scaled so the 65+ mean is of the order of the 0.5% a year implied by [REG-R42]'s 154,688 1·2등급 인정자 against the 65+ population at an assumed three-year mean duration. Nil below 65: the 노인성 질병 route under 65 [REG-R55] is not modelled"
F,76,cancer,0.008658506,[std] extrapolation above [S3]'s age-60 anchor with the 40-to-60 log-slope decaying geometrically at 0.90 a year; continuing the undamped slope gives a cancer rate above 1 before age 100
F,76,ami,0.004546227,[std] extrapolation above [S3]'s age-60 anchor with the 40-to-60 log-slope decaying geometrically at 0.90 a year; continuing the undamped slope gives a cancer rate above 1 before age 100
F,76,stroke,0.005619544,[std] extrapolation above [S3]'s age-60 anchor with the 40-to-60 log-slope decaying geometrically at 0.90 a year; continuing the undamped slope gives a cancer rate above 1 before age 100
F,76,other,0.001976549,"[std] the five remaining 중대한 질병, the four 중대한 수술 and 중대한 화상 및 부식 as 10.5% of the three headline rates: [S4]'s published 3대-to-17대 office premium step of 5.30% divided by the 50.6% share the CI benefit takes of the risk premium at male 40 in [S3]'s 보장위험별 연간보험료 disclosure"
F,76,ltc,0.005071479,"[std] 장기요양 1·2등급 inception, 0.12% at 65 growing 14% a year, a placeholder for the construction LTC_KR_S owns; scaled so the 65+ mean is of the order of the 0.5% a year implied by [REG-R42]'s 154,688 1·2등급 인정자 against the 65+ population at an assumed three-year mean duration. Nil below 65: the 노인성 질병 route under 65 [REG-R55] is not modelled"
F,77,cancer,0.00873071,[std] extrapolation above [S3]'s age-60 anchor with the 40-to-60 log-slope decaying geometrically at 0.90 a year; continuing the undamped slope gives a cancer rate above 1 before age 100
F,77,ami,0.00464223,[std] extrapolation above [S3]'s age-60 anchor with the 40-to-60 log-slope decaying geometrically at 0.90 a year; continuing the undamped slope gives a cancer rate above 1 before age 100
F,77,stroke,0.005710974,[std] extrapolation above [S3]'s age-60 anchor with the 40-to-60 log-slope decaying geometrically at 0.90 a year; continuing the undamped slope gives a cancer rate above 1 before age 100
F,77,other,0.002003811,"[std] the five remaining 중대한 질병, the four 중대한 수술 and 중대한 화상 및 부식 as 10.5% of the three headline rates: [S4]'s published 3대-to-17대 office premium step of 5.30% divided by the 50.6% share the CI benefit takes of the risk premium at male 40 in [S3]'s 보장위험별 연간보험료 disclosure"
F,77,ltc,0.005781486,"[std] 장기요양 1·2등급 inception, 0.12% at 65 growing 14% a year, a placeholder for the construction LTC_KR_S owns; scaled so the 65+ mean is of the order of the 0.5% a year implied by [REG-R42]'s 154,688 1·2등급 인정자 against the 65+ population at an assumed three-year mean duration. Nil below 65: the 노인성 질병 route under 65 [REG-R55] is not modelled"
F,78,cancer,0.008796209,[std] extrapolation above [S3]'s age-60 anchor with the 40-to-60 log-slope decaying geometrically at 0.90 a year; continuing the undamped slope gives a cancer rate above 1 before age 100
F,78,ami,0.004730364,[std] extrapolation above [S3]'s age-60 anchor with the 40-to-60 log-slope decaying geometrically at 0.90 a year; continuing the undamped slope gives a cancer rate above 1 before age 100
F,78,stroke,0.005794533,[std] extrapolation above [S3]'s age-60 anchor with the 40-to-60 log-slope decaying geometrically at 0.90 a year; continuing the undamped slope gives a cancer rate above 1 before age 100
F,78,other,0.002028716,"[std] the five remaining 중대한 질병, the four 중대한 수술 and 중대한 화상 및 부식 as 10.5% of the three headline rates: [S4]'s published 3대-to-17대 office premium step of 5.30% divided by the 50.6% share the CI benefit takes of the risk premium at male 40 in [S3]'s 보장위험별 연간보험료 disclosure"
F,78,ltc,0.006590894,"[std] 장기요양 1·2등급 inception, 0.12% at 65 growing 14% a year, a placeholder for the construction LTC_KR_S owns; scaled so the 65+ mean is of the order of the 0.5% a year implied by [REG-R42]'s 154,688 1·2등급 인정자 against the 65+ population at an assumed three-year mean duration. Nil below 65: the 노인성 질병 route under 65 [REG-R55] is not modelled"
F,79,cancer,0.008855577,[std] extrapolation above [S3]'s age-60 anchor with the 40-to-60 log-slope decaying geometrically at 0.90 a year; continuing the undamped slope gives a cancer rate above 1 before age 100
F,79,ami,0.004811115,[std] extrapolation above [S3]'s age-60 anchor with the 40-to-60 log-slope decaying geometrically at 0.90 a year; continuing the undamped slope gives a cancer rate above 1 before age 100
F,79,stroke,0.00587078,[std] extrapolation above [S3]'s age-60 anchor with the 40-to-60 log-slope decaying geometrically at 0.90 a year; continuing the undamped slope gives a cancer rate above 1 before age 100
F,79,other,0.002051435,"[std] the five remaining 중대한 질병, the four 중대한 수술 and 중대한 화상 및 부식 as 10.5% of the three headline rates: [S4]'s published 3대-to-17대 office premium step of 5.30% divided by the 50.6% share the CI benefit takes of the risk premium at male 40 in [S3]'s 보장위험별 연간보험료 disclosure"
F,79,ltc,0.007513619,"[std] 장기요양 1·2등급 inception, 0.12% at 65 growing 14% a year, a placeholder for the construction LTC_KR_S owns; scaled so the 65+ mean is of the order of the 0.5% a year implied by [REG-R42]'s 154,688 1·2등급 인정자 against the 65+ population at an assumed three-year mean duration. Nil below 65: the 노인성 질병 route under 65 [REG-R55] is not modelled"
F,80,cancer,0.008909352,[std] extrapolation above [S3]'s age-60 anchor with the 40-to-60 log-slope decaying geometrically at 0.90 a year; continuing the undamped slope gives a cancer rate above 1 before age 100
F,80,ami,0.004884969,[std] extrapolation above [S3]'s age-60 anchor with the 40-to-60 log-slope decaying geometrically at 0.90 a year; continuing the undamped slope gives a cancer rate above 1 before age 100
F,80,stroke,0.00594026,[std] extrapolation above [S3]'s age-60 anchor with the 40-to-60 log-slope decaying geometrically at 0.90 a year; continuing the undamped slope gives a cancer rate above 1 before age 100
F,80,other,0.002072131,"[std] the five remaining 중대한 질병, the four 중대한 수술 and 중대한 화상 및 부식 as 10.5% of the three headline rates: [S4]'s published 3대-to-17대 office premium step of 5.30% divided by the 50.6% share the CI benefit takes of the risk premium at male 40 in [S3]'s 보장위험별 연간보험료 disclosure"
F,80,ltc,0.008565526,"[std] 장기요양 1·2등급 inception, 0.12% at 65 growing 14% a year, a placeholder for the construction LTC_KR_S owns; scaled so the 65+ mean is of the order of the 0.5% a year implied by [REG-R42]'s 154,688 1·2등급 인정자 against the 65+ population at an assumed three-year mean duration. Nil below 65: the 노인성 질병 route under 65 [REG-R55] is not modelled"
F,81,cancer,0.008958028,[std] extrapolation above [S3]'s age-60 anchor with the 40-to-60 log-slope decaying geometrically at 0.90 a year; continuing the undamped slope gives a cancer rate above 1 before age 100
F,81,ami,0.004952406,[std] extrapolation above [S3]'s age-60 anchor with the 40-to-60 log-slope decaying geometrically at 0.90 a year; continuing the undamped slope gives a cancer rate above 1 before age 100
F,81,stroke,0.006003495,[std] extrapolation above [S3]'s age-60 anchor with the 40-to-60 log-slope decaying geometrically at 0.90 a year; continuing the undamped slope gives a cancer rate above 1 before age 100
F,81,other,0.002090963,"[std] the five remaining 중대한 질병, the four 중대한 수술 and 중대한 화상 및 부식 as 10.5% of the three headline rates: [S4]'s published 3대-to-17대 office premium step of 5.30% divided by the 50.6% share the CI benefit takes of the risk premium at male 40 in [S3]'s 보장위험별 연간보험료 disclosure"
F,81,ltc,0.009764699,"[std] 장기요양 1·2등급 inception, 0.12% at 65 growing 14% a year, a placeholder for the construction LTC_KR_S owns; scaled so the 65+ mean is of the order of the 0.5% a year implied by [REG-R42]'s 154,688 1·2등급 인정자 against the 65+ population at an assumed three-year mean duration. Nil below 65: the 노인성 질병 route under 65 [REG-R55] is not modelled"
F,82,cancer,0.009002064,[std] extrapolation above [S3]'s age-60 anchor with the 40-to-60 log-slope decaying geometrically at 0.90 a year; continuing the undamped slope gives a cancer rate above 1 before age 100
F,82,ami,0.005013895,[std] extrapolation above [S3]'s age-60 anchor with the 40-to-60 log-slope decaying geometrically at 0.90 a year; continuing the undamped slope gives a cancer rate above 1 before age 100
F,82,stroke,0.006060982,[std] extrapolation above [S3]'s age-60 anchor with the 40-to-60 log-slope decaying geometrically at 0.90 a year; continuing the undamped slope gives a cancer rate above 1 before age 100
F,82,other,0.002108079,"[std] the five remaining 중대한 질병, the four 중대한 수술 and 중대한 화상 및 부식 as 10.5% of the three headline rates: [S4]'s published 3대-to-17대 office premium step of 5.30% divided by the 50.6% share the CI benefit takes of the risk premium at male 40 in [S3]'s 보장위험별 연간보험료 disclosure"
F,82,ltc,0.011131757,"[std] 장기요양 1·2등급 inception, 0.12% at 65 growing 14% a year, a placeholder for the construction LTC_KR_S owns; scaled so the 65+ mean is of the order of the 0.5% a year implied by [REG-R42]'s 154,688 1·2등급 인정자 against the 65+ population at an assumed three-year mean duration. Nil below 65: the 노인성 질병 route under 65 [REG-R55] is not modelled"
F,83,cancer,0.009041881,[std] extrapolation above [S3]'s age-60 anchor with the 40-to-60 log-slope decaying geometrically at 0.90 a year; continuing the undamped slope gives a cancer rate above 1 before age 100
F,83,ami,0.005069888,[std] extrapolation above [S3]'s age-60 anchor with the 40-to-60 log-slope decaying geometrically at 0.90 a year; continuing the undamped slope gives a cancer rate above 1 before age 100
F,83,stroke,0.00611319,[std] extrapolation above [S3]'s age-60 anchor with the 40-to-60 log-slope decaying geometrically at 0.90 a year; continuing the undamped slope gives a cancer rate above 1 before age 100
F,83,other,0.002123621,"[std] the five remaining 중대한 질병, the four 중대한 수술 and 중대한 화상 및 부식 as 10.5% of the three headline rates: [S4]'s published 3대-to-17대 office premium step of 5.30% divided by the 50.6% share the CI benefit takes of the risk premium at male 40 in [S3]'s 보장위험별 연간보험료 disclosure"
F,83,ltc,0.012690203,"[std] 장기요양 1·2등급 inception, 0.12% at 65 growing 14% a year, a placeholder for the construction LTC_KR_S owns; scaled so the 65+ mean is of the order of the 0.5% a year implied by [REG-R42]'s 154,688 1·2등급 인정자 against the 65+ population at an assumed three-year mean duration. Nil below 65: the 노인성 질병 route under 65 [REG-R55] is not modelled"
F,84,cancer,0.009077867,[std] extrapolation above [S3]'s age-60 anchor with the 40-to-60 log-slope decaying geometrically at 0.90 a year; continuing the undamped slope gives a cancer rate above 1 before age 100
F,84,ami,0.005120816,[std] extrapolation above [S3]'s age-60 anchor with the 40-to-60 log-slope decaying geometrically at 0.90 a year; continuing the undamped slope gives a cancer rate above 1 before age 100
F,84,stroke,0.006160562,[std] extrapolation above [S3]'s age-60 anchor with the 40-to-60 log-slope decaying geometrically at 0.90 a year; continuing the undamped slope gives a cancer rate above 1 before age 100
F,84,other,0.002137721,"[std] the five remaining 중대한 질병, the four 중대한 수술 and 중대한 화상 및 부식 as 10.5% of the three headline rates: [S4]'s published 3대-to-17대 office premium step of 5.30% divided by the 50.6% share the CI benefit takes of the risk premium at male 40 in [S3]'s 보장위험별 연간보험료 disclosure"
F,84,ltc,0.014466831,"[std] 장기요양 1·2등급 inception, 0.12% at 65 growing 14% a year, a placeholder for the construction LTC_KR_S owns; scaled so the 65+ mean is of the order of the 0.5% a year implied by [REG-R42]'s 154,688 1·2등급 인정자 against the 65+ population at an assumed three-year mean duration. Nil below 65: the 노인성 질병 route under 65 [REG-R55] is not modelled"
F,85,cancer,0.009110377,[std] extrapolation above [S3]'s age-60 anchor with the 40-to-60 log-slope decaying geometrically at 0.90 a year; continuing the undamped slope gives a cancer rate above 1 before age 100
F,85,ami,0.005167088,[std] extrapolation above [S3]'s age-60 anchor with the 40-to-60 log-slope decaying geometrically at 0.90 a year; continuing the undamped slope gives a cancer rate above 1 before age 100
F,85,stroke,0.006203511,[std] extrapolation above [S3]'s age-60 anchor with the 40-to-60 log-slope decaying geometrically at 0.90 a year; continuing the undamped slope gives a cancer rate above 1 before age 100
F,85,other,0.002150503,"[std] the five remaining 중대한 질병, the four 중대한 수술 and 중대한 화상 및 부식 as 10.5% of the three headline rates: [S4]'s published 3대-to-17대 office premium step of 5.30% divided by the 50.6% share the CI benefit takes of the risk premium at male 40 in [S3]'s 보장위험별 연간보험료 disclosure"
F,85,ltc,0.016492188,"[std] 장기요양 1·2등급 inception, 0.12% at 65 growing 14% a year, a placeholder for the construction LTC_KR_S owns; scaled so the 65+ mean is of the order of the 0.5% a year implied by [REG-R42]'s 154,688 1·2등급 인정자 against the 65+ population at an assumed three-year mean duration. Nil below 65: the 노인성 질병 route under 65 [REG-R55] is not modelled"
F,86,cancer,0.009139736,[std] extrapolation above [S3]'s age-60 anchor with the 40-to-60 log-slope decaying geometrically at 0.90 a year; continuing the undamped slope gives a cancer rate above 1 before age 100
F,86,ami,0.005209091,[std] extrapolation above [S3]'s age-60 anchor with the 40-to-60 log-slope decaying geometrically at 0.90 a year; continuing the undamped slope gives a cancer rate above 1 before age 100
F,86,stroke,0.006242421,[std] extrapolation above [S3]'s age-60 anchor with the 40-to-60 log-slope decaying geometrically at 0.90 a year; continuing the undamped slope gives a cancer rate above 1 before age 100
F,86,other,0.002162081,"[std] the five remaining 중대한 질병, the four 중대한 수술 and 중대한 화상 및 부식 as 10.5% of the three headline rates: [S4]'s published 3대-to-17대 office premium step of 5.30% divided by the 50.6% share the CI benefit takes of the risk premium at male 40 in [S3]'s 보장위험별 연간보험료 disclosure"
F,86,ltc,0.018801094,"[std] 장기요양 1·2등급 inception, 0.12% at 65 growing 14% a year, a placeholder for the construction LTC_KR_S owns; scaled so the 65+ mean is of the order of the 0.5% a year implied by [REG-R42]'s 154,688 1·2등급 인정자 against the 65+ population at an assumed three-year mean duration. Nil below 65: the 노인성 질병 route under 65 [REG-R55] is not modelled"
F,87,cancer,0.009166239,[std] extrapolation above [S3]'s age-60 anchor with the 40-to-60 log-slope decaying geometrically at 0.90 a year; continuing the undamped slope gives a cancer rate above 1 before age 100
F,87,ami,0.005247185,[std] extrapolation above [S3]'s age-60 anchor with the 40-to-60 log-slope decaying geometrically at 0.90 a year; continuing the undamped slope gives a cancer rate above 1 before age 100
F,87,stroke,0.006277648,[std] extrapolation above [S3]'s age-60 anchor with the 40-to-60 log-slope decaying geometrically at 0.90 a year; continuing the undamped slope gives a cancer rate above 1 before age 100
F,87,other,0.002172563,"[std] the five remaining 중대한 질병, the four 중대한 수술 and 중대한 화상 및 부식 as 10.5% of the three headline rates: [S4]'s published 3대-to-17대 office premium step of 5.30% divided by the 50.6% share the CI benefit takes of the risk premium at male 40 in [S3]'s 보장위험별 연간보험료 disclosure"
F,87,ltc,0.021433247,"[std] 장기요양 1·2등급 inception, 0.12% at 65 growing 14% a year, a placeholder for the construction LTC_KR_S owns; scaled so the 65+ mean is of the order of the 0.5% a year implied by [REG-R42]'s 154,688 1·2등급 인정자 against the 65+ population at an assumed three-year mean duration. Nil below 65: the 노인성 질병 route under 65 [REG-R55] is not modelled"
F,88,cancer,0.009190158,[std] extrapolation above [S3]'s age-60 anchor with the 40-to-60 log-slope decaying geometrically at 0.90 a year; continuing the undamped slope gives a cancer rate above 1 before age 100
F,88,ami,0.005281707,[std] extrapolation above [S3]'s age-60 anchor with the 40-to-60 log-slope decaying geometrically at 0.90 a year; continuing the undamped slope gives a cancer rate above 1 before age 100
F,88,stroke,0.006309523,[std] extrapolation above [S3]'s age-60 anchor with the 40-to-60 log-slope decaying geometrically at 0.90 a year; continuing the undamped slope gives a cancer rate above 1 before age 100
F,88,other,0.002182046,"[std] the five remaining 중대한 질병, the four 중대한 수술 and 중대한 화상 및 부식 as 10.5% of the three headline rates: [S4]'s published 3대-to-17대 office premium step of 5.30% divided by the 50.6% share the CI benefit takes of the risk premium at male 40 in [S3]'s 보장위험별 연간보험료 disclosure"
F,88,ltc,0.024433902,"[std] 장기요양 1·2등급 inception, 0.12% at 65 growing 14% a year, a placeholder for the construction LTC_KR_S owns; scaled so the 65+ mean is of the order of the 0.5% a year implied by [REG-R42]'s 154,688 1·2등급 인정자 against the 65+ population at an assumed three-year mean duration. Nil below 65: the 노인성 질병 route under 65 [REG-R55] is not modelled"
F,89,cancer,0.009211739,[std] extrapolation above [S3]'s age-60 anchor with the 40-to-60 log-slope decaying geometrically at 0.90 a year; continuing the undamped slope gives a cancer rate above 1 before age 100
F,89,ami,0.005312972,[std] extrapolation above [S3]'s age-60 anchor with the 40-to-60 log-slope decaying geometrically at 0.90 a year; continuing the undamped slope gives a cancer rate above 1 before age 100
F,89,stroke,0.006338348,[std] extrapolation above [S3]'s age-60 anchor with the 40-to-60 log-slope decaying geometrically at 0.90 a year; continuing the undamped slope gives a cancer rate above 1 before age 100
F,89,other,0.002190621,"[std] the five remaining 중대한 질병, the four 중대한 수술 and 중대한 화상 및 부식 as 10.5% of the three headline rates: [S4]'s published 3대-to-17대 office premium step of 5.30% divided by the 50.6% share the CI benefit takes of the risk premium at male 40 in [S3]'s 보장위험별 연간보험료 disclosure"
F,89,ltc,0.027854648,"[std] 장기요양 1·2등급 inception, 0.12% at 65 growing 14% a year, a placeholder for the construction LTC_KR_S owns; scaled so the 65+ mean is of the order of the 0.5% a year implied by [REG-R42]'s 154,688 1·2등급 인정자 against the 65+ population at an assumed three-year mean duration. Nil below 65: the 노인성 질병 route under 65 [REG-R55] is not modelled"
F,90,cancer,0.009231204,[std] extrapolation above [S3]'s age-60 anchor with the 40-to-60 log-slope decaying geometrically at 0.90 a year; continuing the undamped slope gives a cancer rate above 1 before age 100
F,90,ami,0.005341269,[std] extrapolation above [S3]'s age-60 anchor with the 40-to-60 log-slope decaying geometrically at 0.90 a year; continuing the undamped slope gives a cancer rate above 1 before age 100
F,90,stroke,0.006364404,[std] extrapolation above [S3]'s age-60 anchor with the 40-to-60 log-slope decaying geometrically at 0.90 a year; continuing the undamped slope gives a cancer rate above 1 before age 100
F,90,other,0.002198372,"[std] the five remaining 중대한 질병, the four 중대한 수술 and 중대한 화상 및 부식 as 10.5% of the three headline rates: [S4]'s published 3대-to-17대 office premium step of 5.30% divided by the 50.6% share the CI benefit takes of the risk premium at male 40 in [S3]'s 보장위험별 연간보험료 disclosure"
F,90,ltc,0.031754299,"[std] 장기요양 1·2등급 inception, 0.12% at 65 growing 14% a year, a placeholder for the construction LTC_KR_S owns; scaled so the 65+ mean is of the order of the 0.5% a year implied by [REG-R42]'s 154,688 1·2등급 인정자 against the 65+ population at an assumed three-year mean duration. Nil below 65: the 노인성 질병 route under 65 [REG-R55] is not modelled"
F,91,cancer,0.009248758,[std] extrapolation above [S3]'s age-60 anchor with the 40-to-60 log-slope decaying geometrically at 0.90 a year; continuing the undamped slope gives a cancer rate above 1 before age 100
F,91,ami,0.005366864,[std] extrapolation above [S3]'s age-60 anchor with the 40-to-60 log-slope decaying geometrically at 0.90 a year; continuing the undamped slope gives a cancer rate above 1 before age 100
F,91,stroke,0.006387945,[std] extrapolation above [S3]'s age-60 anchor with the 40-to-60 log-slope decaying geometrically at 0.90 a year; continuing the undamped slope gives a cancer rate above 1 before age 100
F,91,other,0.002205375,"[std] the five remaining 중대한 질병, the four 중대한 수술 and 중대한 화상 및 부식 as 10.5% of the three headline rates: [S4]'s published 3대-to-17대 office premium step of 5.30% divided by the 50.6% share the CI benefit takes of the risk premium at male 40 in [S3]'s 보장위험별 연간보험료 disclosure"
F,91,ltc,0.036199901,"[std] 장기요양 1·2등급 inception, 0.12% at 65 growing 14% a year, a placeholder for the construction LTC_KR_S owns; scaled so the 65+ mean is of the order of the 0.5% a year implied by [REG-R42]'s 154,688 1·2등급 인정자 against the 65+ population at an assumed three-year mean duration. Nil below 65: the 노인성 질병 route under 65 [REG-R55] is not modelled"
F,92,cancer,0.009264586,[std] extrapolation above [S3]'s age-60 anchor with the 40-to-60 log-slope decaying geometrically at 0.90 a year; continuing the undamped slope gives a cancer rate above 1 before age 100
F,92,ami,0.005390005,[std] extrapolation above [S3]'s age-60 anchor with the 40-to-60 log-slope decaying geometrically at 0.90 a year; continuing the undamped slope gives a cancer rate above 1 before age 100
F,92,stroke,0.006409207,[std] extrapolation above [S3]'s age-60 anchor with the 40-to-60 log-slope decaying geometrically at 0.90 a year; continuing the undamped slope gives a cancer rate above 1 before age 100
F,92,other,0.002211699,"[std] the five remaining 중대한 질병, the four 중대한 수술 and 중대한 화상 및 부식 as 10.5% of the three headline rates: [S4]'s published 3대-to-17대 office premium step of 5.30% divided by the 50.6% share the CI benefit takes of the risk premium at male 40 in [S3]'s 보장위험별 연간보험료 disclosure"
F,92,ltc,0.041267887,"[std] 장기요양 1·2등급 inception, 0.12% at 65 growing 14% a year, a placeholder for the construction LTC_KR_S owns; scaled so the 65+ mean is of the order of the 0.5% a year implied by [REG-R42]'s 154,688 1·2등급 인정자 against the 65+ population at an assumed three-year mean duration. Nil below 65: the 노인성 질병 route under 65 [REG-R55] is not modelled"
F,93,cancer,0.009278854,[std] extrapolation above [S3]'s age-60 anchor with the 40-to-60 log-slope decaying geometrically at 0.90 a year; continuing the undamped slope gives a cancer rate above 1 before age 100
F,93,ami,0.005410917,[std] extrapolation above [S3]'s age-60 anchor with the 40-to-60 log-slope decaying geometrically at 0.90 a year; continuing the undamped slope gives a cancer rate above 1 before age 100
F,93,stroke,0.006428403,[std] extrapolation above [S3]'s age-60 anchor with the 40-to-60 log-slope decaying geometrically at 0.90 a year; continuing the undamped slope gives a cancer rate above 1 before age 100
F,93,other,0.002217408,"[std] the five remaining 중대한 질병, the four 중대한 수술 and 중대한 화상 및 부식 as 10.5% of the three headline rates: [S4]'s published 3대-to-17대 office premium step of 5.30% divided by the 50.6% share the CI benefit takes of the risk premium at male 40 in [S3]'s 보장위험별 연간보험료 disclosure"
F,93,ltc,0.047045391,"[std] 장기요양 1·2등급 inception, 0.12% at 65 growing 14% a year, a placeholder for the construction LTC_KR_S owns; scaled so the 65+ mean is of the order of the 0.5% a year implied by [REG-R42]'s 154,688 1·2등급 인정자 against the 65+ population at an assumed three-year mean duration. Nil below 65: the 노인성 질병 route under 65 [REG-R55] is not modelled"
F,94,cancer,0.009291713,[std] extrapolation above [S3]'s age-60 anchor with the 40-to-60 log-slope decaying geometrically at 0.90 a year; continuing the undamped slope gives a cancer rate above 1 before age 100
F,94,ami,0.005429807,[std] extrapolation above [S3]'s age-60 anchor with the 40-to-60 log-slope decaying geometrically at 0.90 a year; continuing the undamped slope gives a cancer rate above 1 before age 100
F,94,stroke,0.006445729,[std] extrapolation above [S3]'s age-60 anchor with the 40-to-60 log-slope decaying geometrically at 0.90 a year; continuing the undamped slope gives a cancer rate above 1 before age 100
F,94,other,0.002222561,"[std] the five remaining 중대한 질병, the four 중대한 수술 and 중대한 화상 및 부식 as 10.5% of the three headline rates: [S4]'s published 3대-to-17대 office premium step of 5.30% divided by the 50.6% share the CI benefit takes of the risk premium at male 40 in [S3]'s 보장위험별 연간보험료 disclosure"
F,94,ltc,0.053631746,"[std] 장기요양 1·2등급 inception, 0.12% at 65 growing 14% a year, a placeholder for the construction LTC_KR_S owns; scaled so the 65+ mean is of the order of the 0.5% a year implied by [REG-R42]'s 154,688 1·2등급 인정자 against the 65+ population at an assumed three-year mean duration. Nil below 65: the 노인성 질병 route under 65 [REG-R55] is not modelled"
F,95,cancer,0.009303302,[std] extrapolation above [S3]'s age-60 anchor with the 40-to-60 log-slope decaying geometrically at 0.90 a year; continuing the undamped slope gives a cancer rate above 1 before age 100
F,95,ami,0.005446865,[std] extrapolation above [S3]'s age-60 anchor with the 40-to-60 log-slope decaying geometrically at 0.90 a year; continuing the undamped slope gives a cancer rate above 1 before age 100
F,95,stroke,0.006461362,[std] extrapolation above [S3]'s age-60 anchor with the 40-to-60 log-slope decaying geometrically at 0.90 a year; continuing the undamped slope gives a cancer rate above 1 before age 100
F,95,other,0.002227211,"[std] the five remaining 중대한 질병, the four 중대한 수술 and 중대한 화상 및 부식 as 10.5% of the three headline rates: [S4]'s published 3대-to-17대 office premium step of 5.30% divided by the 50.6% share the CI benefit takes of the risk premium at male 40 in [S3]'s 보장위험별 연간보험료 disclosure"
F,95,ltc,0.06114019,"[std] 장기요양 1·2등급 inception, 0.12% at 65 growing 14% a year, a placeholder for the construction LTC_KR_S owns; scaled so the 65+ mean is of the order of the 0.5% a year implied by [REG-R42]'s 154,688 1·2등급 인정자 against the 65+ population at an assumed three-year mean duration. Nil below 65: the 노인성 질병 route under 65 [REG-R55] is not modelled"
F,96,cancer,0.009313745,[std] extrapolation above [S3]'s age-60 anchor with the 40-to-60 log-slope decaying geometrically at 0.90 a year; continuing the undamped slope gives a cancer rate above 1 before age 100
F,96,ami,0.005462263,[std] extrapolation above [S3]'s age-60 anchor with the 40-to-60 log-slope decaying geometrically at 0.90 a year; continuing the undamped slope gives a cancer rate above 1 before age 100
F,96,stroke,0.006475464,[std] extrapolation above [S3]'s age-60 anchor with the 40-to-60 log-slope decaying geometrically at 0.90 a year; continuing the undamped slope gives a cancer rate above 1 before age 100
F,96,other,0.002231405,"[std] the five remaining 중대한 질병, the four 중대한 수술 and 중대한 화상 및 부식 as 10.5% of the three headline rates: [S4]'s published 3대-to-17대 office premium step of 5.30% divided by the 50.6% share the CI benefit takes of the risk premium at male 40 in [S3]'s 보장위험별 연간보험료 disclosure"
F,96,ltc,0.069699817,"[std] 장기요양 1·2등급 inception, 0.12% at 65 growing 14% a year, a placeholder for the construction LTC_KR_S owns; scaled so the 65+ mean is of the order of the 0.5% a year implied by [REG-R42]'s 154,688 1·2등급 인정자 against the 65+ population at an assumed three-year mean duration. Nil below 65: the 노인성 질병 route under 65 [REG-R55] is not modelled"
F,97,cancer,0.009323153,[std] extrapolation above [S3]'s age-60 anchor with the 40-to-60 log-slope decaying geometrically at 0.90 a year; continuing the undamped slope gives a cancer rate above 1 before age 100
F,97,ami,0.005476158,[std] extrapolation above [S3]'s age-60 anchor with the 40-to-60 log-slope decaying geometrically at 0.90 a year; continuing the undamped slope gives a cancer rate above 1 before age 100
F,97,stroke,0.006488182,[std] extrapolation above [S3]'s age-60 anchor with the 40-to-60 log-slope decaying geometrically at 0.90 a year; continuing the undamped slope gives a cancer rate above 1 before age 100
F,97,other,0.002235187,"[std] the five remaining 중대한 질병, the four 중대한 수술 and 중대한 화상 및 부식 as 10.5% of the three headline rates: [S4]'s published 3대-to-17대 office premium step of 5.30% divided by the 50.6% share the CI benefit takes of the risk premium at male 40 in [S3]'s 보장위험별 연간보험료 disclosure"
F,97,ltc,0.079457791,"[std] 장기요양 1·2등급 inception, 0.12% at 65 growing 14% a year, a placeholder for the construction LTC_KR_S owns; scaled so the 65+ mean is of the order of the 0.5% a year implied by [REG-R42]'s 154,688 1·2등급 인정자 against the 65+ population at an assumed three-year mean duration. Nil below 65: the 노인성 질병 route under 65 [REG-R55] is not modelled"
F,98,cancer,0.009331629,[std] extrapolation above [S3]'s age-60 anchor with the 40-to-60 log-slope decaying geometrically at 0.90 a year; continuing the undamped slope gives a cancer rate above 1 before age 100
F,98,ami,0.005488694,[std] extrapolation above [S3]'s age-60 anchor with the 40-to-60 log-slope decaying geometrically at 0.90 a year; continuing the undamped slope gives a cancer rate above 1 before age 100
F,98,stroke,0.00649965,[std] extrapolation above [S3]'s age-60 anchor with the 40-to-60 log-slope decaying geometrically at 0.90 a year; continuing the undamped slope gives a cancer rate above 1 before age 100
F,98,other,0.002238597,"[std] the five remaining 중대한 질병, the four 중대한 수술 and 중대한 화상 및 부식 as 10.5% of the three headline rates: [S4]'s published 3대-to-17대 office premium step of 5.30% divided by the 50.6% share the CI benefit takes of the risk premium at male 40 in [S3]'s 보장위험별 연간보험료 disclosure"
F,98,ltc,0.090581882,"[std] 장기요양 1·2등급 inception, 0.12% at 65 growing 14% a year, a placeholder for the construction LTC_KR_S owns; scaled so the 65+ mean is of the order of the 0.5% a year implied by [REG-R42]'s 154,688 1·2등급 인정자 against the 65+ population at an assumed three-year mean duration. Nil below 65: the 노인성 질병 route under 65 [REG-R55] is not modelled"
F,99,cancer,0.009339263,[std] extrapolation above [S3]'s age-60 anchor with the 40-to-60 log-slope decaying geometrically at 0.90 a year; continuing the undamped slope gives a cancer rate above 1 before age 100
F,99,ami,0.0055,[std] extrapolation above [S3]'s age-60 anchor with the 40-to-60 log-slope decaying geometrically at 0.90 a year; continuing the undamped slope gives a cancer rate above 1 before age 100
F,99,stroke,0.006509988,[std] extrapolation above [S3]'s age-60 anchor with the 40-to-60 log-slope decaying geometrically at 0.90 a year; continuing the undamped slope gives a cancer rate above 1 before age 100
F,99,other,0.002241671,"[std] the five remaining 중대한 질병, the four 중대한 수술 and 중대한 화상 및 부식 as 10.5% of the three headline rates: [S4]'s published 3대-to-17대 office premium step of 5.30% divided by the 50.6% share the CI benefit takes of the risk premium at male 40 in [S3]'s 보장위험별 연간보험료 disclosure"
F,99,ltc,0.103263346,"[std] 장기요양 1·2등급 inception, 0.12% at 65 growing 14% a year, a placeholder for the construction LTC_KR_S owns; scaled so the 65+ mean is of the order of the 0.5% a year implied by [REG-R42]'s 154,688 1·2등급 인정자 against the 65+ population at an assumed three-year mean duration. Nil below 65: the 노인성 질병 route under 65 [REG-R55] is not modelled"
F,100,cancer,0.00934614,[std] extrapolation above [S3]'s age-60 anchor with the 40-to-60 log-slope decaying geometrically at 0.90 a year; continuing the undamped slope gives a cancer rate above 1 before age 100
F,100,ami,0.005510196,[std] extrapolation above [S3]'s age-60 anchor with the 40-to-60 log-slope decaying geometrically at 0.90 a year; continuing the undamped slope gives a cancer rate above 1 before age 100
F,100,stroke,0.006519307,[std] extrapolation above [S3]'s age-60 anchor with the 40-to-60 log-slope decaying geometrically at 0.90 a year; continuing the undamped slope gives a cancer rate above 1 before age 100
F,100,other,0.002244443,"[std] the five remaining 중대한 질병, the four 중대한 수술 and 중대한 화상 및 부식 as 10.5% of the three headline rates: [S4]'s published 3대-to-17대 office premium step of 5.30% divided by the 50.6% share the CI benefit takes of the risk premium at male 40 in [S3]'s 보장위험별 연간보험료 disclosure"
F,100,ltc,0.117720214,"[std] 장기요양 1·2등급 inception, 0.12% at 65 growing 14% a year, a placeholder for the construction LTC_KR_S owns; scaled so the 65+ mean is of the order of the 0.5% a year implied by [REG-R42]'s 154,688 1·2등급 인정자 against the 65+ population at an assumed three-year mean duration. Nil below 65: the 노인성 질병 route under 65 [REG-R55] is not modelled"
