table,sex,age,mort_rate,provenance
annuitant_issue,M,0,0.00055800,"[std] annuitant-basis Makeham construction q(x) = 1 - exp(-(A + B c^x)), A/B/c in mort_anchor_table.csv, fitted jointly to the published 연금사망률 / 개인연금사망률 anchors [S1] [S7] and to the annuity factors implied by the published illustration [S2]; the 경험생명표 itself is not published [REG-R33]"
annuitant_issue,M,1,0.00055826,"[std] annuitant-basis Makeham construction q(x) = 1 - exp(-(A + B c^x)), A/B/c in mort_anchor_table.csv, fitted jointly to the published 연금사망률 / 개인연금사망률 anchors [S1] [S7] and to the annuity factors implied by the published illustration [S2]; the 경험생명표 itself is not published [REG-R33]"
annuitant_issue,M,2,0.00055854,"[std] annuitant-basis Makeham construction q(x) = 1 - exp(-(A + B c^x)), A/B/c in mort_anchor_table.csv, fitted jointly to the published 연금사망률 / 개인연금사망률 anchors [S1] [S7] and to the annuity factors implied by the published illustration [S2]; the 경험생명표 itself is not published [REG-R33]"
annuitant_issue,M,3,0.00055885,"[std] annuitant-basis Makeham construction q(x) = 1 - exp(-(A + B c^x)), A/B/c in mort_anchor_table.csv, fitted jointly to the published 연금사망률 / 개인연금사망률 anchors [S1] [S7] and to the annuity factors implied by the published illustration [S2]; the 경험생명표 itself is not published [REG-R33]"
annuitant_issue,M,4,0.00055919,"[std] annuitant-basis Makeham construction q(x) = 1 - exp(-(A + B c^x)), A/B/c in mort_anchor_table.csv, fitted jointly to the published 연금사망률 / 개인연금사망률 anchors [S1] [S7] and to the annuity factors implied by the published illustration [S2]; the 경험생명표 itself is not published [REG-R33]"
annuitant_issue,M,5,0.00055958,"[std] annuitant-basis Makeham construction q(x) = 1 - exp(-(A + B c^x)), A/B/c in mort_anchor_table.csv, fitted jointly to the published 연금사망률 / 개인연금사망률 anchors [S1] [S7] and to the annuity factors implied by the published illustration [S2]; the 경험생명표 itself is not published [REG-R33]"
annuitant_issue,M,6,0.00056000,"[std] annuitant-basis Makeham construction q(x) = 1 - exp(-(A + B c^x)), A/B/c in mort_anchor_table.csv, fitted jointly to the published 연금사망률 / 개인연금사망률 anchors [S1] [S7] and to the annuity factors implied by the published illustration [S2]; the 경험생명표 itself is not published [REG-R33]"
annuitant_issue,M,7,0.00056047,"[std] annuitant-basis Makeham construction q(x) = 1 - exp(-(A + B c^x)), A/B/c in mort_anchor_table.csv, fitted jointly to the published 연금사망률 / 개인연금사망률 anchors [S1] [S7] and to the annuity factors implied by the published illustration [S2]; the 경험생명표 itself is not published [REG-R33]"
annuitant_issue,M,8,0.00056100,"[std] annuitant-basis Makeham construction q(x) = 1 - exp(-(A + B c^x)), A/B/c in mort_anchor_table.csv, fitted jointly to the published 연금사망률 / 개인연금사망률 anchors [S1] [S7] and to the annuity factors implied by the published illustration [S2]; the 경험생명표 itself is not published [REG-R33]"
annuitant_issue,M,9,0.00056158,"[std] annuitant-basis Makeham construction q(x) = 1 - exp(-(A + B c^x)), A/B/c in mort_anchor_table.csv, fitted jointly to the published 연금사망률 / 개인연금사망률 anchors [S1] [S7] and to the annuity factors implied by the published illustration [S2]; the 경험생명표 itself is not published [REG-R33]"
annuitant_issue,M,10,0.00056222,"[std] annuitant-basis Makeham construction q(x) = 1 - exp(-(A + B c^x)), A/B/c in mort_anchor_table.csv, fitted jointly to the published 연금사망률 / 개인연금사망률 anchors [S1] [S7] and to the annuity factors implied by the published illustration [S2]; the 경험생명표 itself is not published [REG-R33]"
annuitant_issue,M,11,0.00056293,"[std] annuitant-basis Makeham construction q(x) = 1 - exp(-(A + B c^x)), A/B/c in mort_anchor_table.csv, fitted jointly to the published 연금사망률 / 개인연금사망률 anchors [S1] [S7] and to the annuity factors implied by the published illustration [S2]; the 경험생명표 itself is not published [REG-R33]"
annuitant_issue,M,12,0.00056372,"[std] annuitant-basis Makeham construction q(x) = 1 - exp(-(A + B c^x)), A/B/c in mort_anchor_table.csv, fitted jointly to the published 연금사망률 / 개인연금사망률 anchors [S1] [S7] and to the annuity factors implied by the published illustration [S2]; the 경험생명표 itself is not published [REG-R33]"
annuitant_issue,M,13,0.00056460,"[std] annuitant-basis Makeham construction q(x) = 1 - exp(-(A + B c^x)), A/B/c in mort_anchor_table.csv, fitted jointly to the published 연금사망률 / 개인연금사망률 anchors [S1] [S7] and to the annuity factors implied by the published illustration [S2]; the 경험생명표 itself is not published [REG-R33]"
annuitant_issue,M,14,0.00056557,"[std] annuitant-basis Makeham construction q(x) = 1 - exp(-(A + B c^x)), A/B/c in mort_anchor_table.csv, fitted jointly to the published 연금사망률 / 개인연금사망률 anchors [S1] [S7] and to the annuity factors implied by the published illustration [S2]; the 경험생명표 itself is not published [REG-R33]"
annuitant_issue,M,15,0.00056665,"[std] annuitant-basis Makeham construction q(x) = 1 - exp(-(A + B c^x)), A/B/c in mort_anchor_table.csv, fitted jointly to the published 연금사망률 / 개인연금사망률 anchors [S1] [S7] and to the annuity factors implied by the published illustration [S2]; the 경험생명표 itself is not published [REG-R33]"
annuitant_issue,M,16,0.00056785,"[std] annuitant-basis Makeham construction q(x) = 1 - exp(-(A + B c^x)), A/B/c in mort_anchor_table.csv, fitted jointly to the published 연금사망률 / 개인연금사망률 anchors [S1] [S7] and to the annuity factors implied by the published illustration [S2]; the 경험생명표 itself is not published [REG-R33]"
annuitant_issue,M,17,0.00056917,"[std] annuitant-basis Makeham construction q(x) = 1 - exp(-(A + B c^x)), A/B/c in mort_anchor_table.csv, fitted jointly to the published 연금사망률 / 개인연금사망률 anchors [S1] [S7] and to the annuity factors implied by the published illustration [S2]; the 경험생명표 itself is not published [REG-R33]"
annuitant_issue,M,18,0.00057065,"[std] annuitant-basis Makeham construction q(x) = 1 - exp(-(A + B c^x)), A/B/c in mort_anchor_table.csv, fitted jointly to the published 연금사망률 / 개인연금사망률 anchors [S1] [S7] and to the annuity factors implied by the published illustration [S2]; the 경험생명표 itself is not published [REG-R33]"
annuitant_issue,M,19,0.00057228,"[std] annuitant-basis Makeham construction q(x) = 1 - exp(-(A + B c^x)), A/B/c in mort_anchor_table.csv, fitted jointly to the published 연금사망률 / 개인연금사망률 anchors [S1] [S7] and to the annuity factors implied by the published illustration [S2]; the 경험생명표 itself is not published [REG-R33]"
annuitant_issue,M,20,0.00057409,"[std] annuitant-basis Makeham construction q(x) = 1 - exp(-(A + B c^x)), A/B/c in mort_anchor_table.csv, fitted jointly to the published 연금사망률 / 개인연금사망률 anchors [S1] [S7] and to the annuity factors implied by the published illustration [S2]; the 경험생명표 itself is not published [REG-R33]"
annuitant_issue,M,21,0.00057609,"[std] annuitant-basis Makeham construction q(x) = 1 - exp(-(A + B c^x)), A/B/c in mort_anchor_table.csv, fitted jointly to the published 연금사망률 / 개인연금사망률 anchors [S1] [S7] and to the annuity factors implied by the published illustration [S2]; the 경험생명표 itself is not published [REG-R33]"
annuitant_issue,M,22,0.00057832,"[std] annuitant-basis Makeham construction q(x) = 1 - exp(-(A + B c^x)), A/B/c in mort_anchor_table.csv, fitted jointly to the published 연금사망률 / 개인연금사망률 anchors [S1] [S7] and to the annuity factors implied by the published illustration [S2]; the 경험생명표 itself is not published [REG-R33]"
annuitant_issue,M,23,0.00058078,"[std] annuitant-basis Makeham construction q(x) = 1 - exp(-(A + B c^x)), A/B/c in mort_anchor_table.csv, fitted jointly to the published 연금사망률 / 개인연금사망률 anchors [S1] [S7] and to the annuity factors implied by the published illustration [S2]; the 경험생명표 itself is not published [REG-R33]"
annuitant_issue,M,24,0.00058352,"[std] annuitant-basis Makeham construction q(x) = 1 - exp(-(A + B c^x)), A/B/c in mort_anchor_table.csv, fitted jointly to the published 연금사망률 / 개인연금사망률 anchors [S1] [S7] and to the annuity factors implied by the published illustration [S2]; the 경험생명표 itself is not published [REG-R33]"
annuitant_issue,M,25,0.00058655,"[std] annuitant-basis Makeham construction q(x) = 1 - exp(-(A + B c^x)), A/B/c in mort_anchor_table.csv, fitted jointly to the published 연금사망률 / 개인연금사망률 anchors [S1] [S7] and to the annuity factors implied by the published illustration [S2]; the 경험생명표 itself is not published [REG-R33]"
annuitant_issue,M,26,0.00058991,"[std] annuitant-basis Makeham construction q(x) = 1 - exp(-(A + B c^x)), A/B/c in mort_anchor_table.csv, fitted jointly to the published 연금사망률 / 개인연금사망률 anchors [S1] [S7] and to the annuity factors implied by the published illustration [S2]; the 경험생명표 itself is not published [REG-R33]"
annuitant_issue,M,27,0.00059365,"[std] annuitant-basis Makeham construction q(x) = 1 - exp(-(A + B c^x)), A/B/c in mort_anchor_table.csv, fitted jointly to the published 연금사망률 / 개인연금사망률 anchors [S1] [S7] and to the annuity factors implied by the published illustration [S2]; the 경험생명표 itself is not published [REG-R33]"
annuitant_issue,M,28,0.00059778,"[std] annuitant-basis Makeham construction q(x) = 1 - exp(-(A + B c^x)), A/B/c in mort_anchor_table.csv, fitted jointly to the published 연금사망률 / 개인연금사망률 anchors [S1] [S7] and to the annuity factors implied by the published illustration [S2]; the 경험생명표 itself is not published [REG-R33]"
annuitant_issue,M,29,0.00060237,"[std] annuitant-basis Makeham construction q(x) = 1 - exp(-(A + B c^x)), A/B/c in mort_anchor_table.csv, fitted jointly to the published 연금사망률 / 개인연금사망률 anchors [S1] [S7] and to the annuity factors implied by the published illustration [S2]; the 경험생명표 itself is not published [REG-R33]"
annuitant_issue,M,30,0.00060746,"[std] annuitant-basis Makeham construction q(x) = 1 - exp(-(A + B c^x)), A/B/c in mort_anchor_table.csv, fitted jointly to the published 연금사망률 / 개인연금사망률 anchors [S1] [S7] and to the annuity factors implied by the published illustration [S2]; the 경험생명표 itself is not published [REG-R33]"
annuitant_issue,M,31,0.00061310,"[std] annuitant-basis Makeham construction q(x) = 1 - exp(-(A + B c^x)), A/B/c in mort_anchor_table.csv, fitted jointly to the published 연금사망률 / 개인연금사망률 anchors [S1] [S7] and to the annuity factors implied by the published illustration [S2]; the 경험생명표 itself is not published [REG-R33]"
annuitant_issue,M,32,0.00061936,"[std] annuitant-basis Makeham construction q(x) = 1 - exp(-(A + B c^x)), A/B/c in mort_anchor_table.csv, fitted jointly to the published 연금사망률 / 개인연금사망률 anchors [S1] [S7] and to the annuity factors implied by the published illustration [S2]; the 경험생명표 itself is not published [REG-R33]"
annuitant_issue,M,33,0.00062629,"[std] annuitant-basis Makeham construction q(x) = 1 - exp(-(A + B c^x)), A/B/c in mort_anchor_table.csv, fitted jointly to the published 연금사망률 / 개인연금사망률 anchors [S1] [S7] and to the annuity factors implied by the published illustration [S2]; the 경험생명표 itself is not published [REG-R33]"
annuitant_issue,M,34,0.00063399,"[std] annuitant-basis Makeham construction q(x) = 1 - exp(-(A + B c^x)), A/B/c in mort_anchor_table.csv, fitted jointly to the published 연금사망률 / 개인연금사망률 anchors [S1] [S7] and to the annuity factors implied by the published illustration [S2]; the 경험생명표 itself is not published [REG-R33]"
annuitant_issue,M,35,0.00064252,"[std] annuitant-basis Makeham construction q(x) = 1 - exp(-(A + B c^x)), A/B/c in mort_anchor_table.csv, fitted jointly to the published 연금사망률 / 개인연금사망률 anchors [S1] [S7] and to the annuity factors implied by the published illustration [S2]; the 경험생명표 itself is not published [REG-R33]"
annuitant_issue,M,36,0.00065198,"[std] annuitant-basis Makeham construction q(x) = 1 - exp(-(A + B c^x)), A/B/c in mort_anchor_table.csv, fitted jointly to the published 연금사망률 / 개인연금사망률 anchors [S1] [S7] and to the annuity factors implied by the published illustration [S2]; the 경험생명표 itself is not published [REG-R33]"
annuitant_issue,M,37,0.00066247,"[std] annuitant-basis Makeham construction q(x) = 1 - exp(-(A + B c^x)), A/B/c in mort_anchor_table.csv, fitted jointly to the published 연금사망률 / 개인연금사망률 anchors [S1] [S7] and to the annuity factors implied by the published illustration [S2]; the 경험생명표 itself is not published [REG-R33]"
annuitant_issue,M,38,0.00067411,"[std] annuitant-basis Makeham construction q(x) = 1 - exp(-(A + B c^x)), A/B/c in mort_anchor_table.csv, fitted jointly to the published 연금사망률 / 개인연금사망률 anchors [S1] [S7] and to the annuity factors implied by the published illustration [S2]; the 경험생명표 itself is not published [REG-R33]"
annuitant_issue,M,39,0.00068701,"[std] annuitant-basis Makeham construction q(x) = 1 - exp(-(A + B c^x)), A/B/c in mort_anchor_table.csv, fitted jointly to the published 연금사망률 / 개인연금사망률 anchors [S1] [S7] and to the annuity factors implied by the published illustration [S2]; the 경험생명표 itself is not published [REG-R33]"
annuitant_issue,M,40,0.00070132,"[std] annuitant-basis Makeham construction q(x) = 1 - exp(-(A + B c^x)), A/B/c in mort_anchor_table.csv, fitted jointly to the published 연금사망률 / 개인연금사망률 anchors [S1] [S7] and to the annuity factors implied by the published illustration [S2]; the 경험생명표 itself is not published [REG-R33]"
annuitant_issue,M,41,0.00071719,"[std] annuitant-basis Makeham construction q(x) = 1 - exp(-(A + B c^x)), A/B/c in mort_anchor_table.csv, fitted jointly to the published 연금사망률 / 개인연금사망률 anchors [S1] [S7] and to the annuity factors implied by the published illustration [S2]; the 경험생명표 itself is not published [REG-R33]"
annuitant_issue,M,42,0.00073479,"[std] annuitant-basis Makeham construction q(x) = 1 - exp(-(A + B c^x)), A/B/c in mort_anchor_table.csv, fitted jointly to the published 연금사망률 / 개인연금사망률 anchors [S1] [S7] and to the annuity factors implied by the published illustration [S2]; the 경험생명표 itself is not published [REG-R33]"
annuitant_issue,M,43,0.00075430,"[std] annuitant-basis Makeham construction q(x) = 1 - exp(-(A + B c^x)), A/B/c in mort_anchor_table.csv, fitted jointly to the published 연금사망률 / 개인연금사망률 anchors [S1] [S7] and to the annuity factors implied by the published illustration [S2]; the 경험생명표 itself is not published [REG-R33]"
annuitant_issue,M,44,0.00077594,"[std] annuitant-basis Makeham construction q(x) = 1 - exp(-(A + B c^x)), A/B/c in mort_anchor_table.csv, fitted jointly to the published 연금사망률 / 개인연금사망률 anchors [S1] [S7] and to the annuity factors implied by the published illustration [S2]; the 경험생명표 itself is not published [REG-R33]"
annuitant_issue,M,45,0.00079993,"[std] annuitant-basis Makeham construction q(x) = 1 - exp(-(A + B c^x)), A/B/c in mort_anchor_table.csv, fitted jointly to the published 연금사망률 / 개인연금사망률 anchors [S1] [S7] and to the annuity factors implied by the published illustration [S2]; the 경험생명표 itself is not published [REG-R33]"
annuitant_issue,M,46,0.00082654,"[std] annuitant-basis Makeham construction q(x) = 1 - exp(-(A + B c^x)), A/B/c in mort_anchor_table.csv, fitted jointly to the published 연금사망률 / 개인연금사망률 anchors [S1] [S7] and to the annuity factors implied by the published illustration [S2]; the 경험생명표 itself is not published [REG-R33]"
annuitant_issue,M,47,0.00085605,"[std] annuitant-basis Makeham construction q(x) = 1 - exp(-(A + B c^x)), A/B/c in mort_anchor_table.csv, fitted jointly to the published 연금사망률 / 개인연금사망률 anchors [S1] [S7] and to the annuity factors implied by the published illustration [S2]; the 경험생명표 itself is not published [REG-R33]"
annuitant_issue,M,48,0.00088878,"[std] annuitant-basis Makeham construction q(x) = 1 - exp(-(A + B c^x)), A/B/c in mort_anchor_table.csv, fitted jointly to the published 연금사망률 / 개인연금사망률 anchors [S1] [S7] and to the annuity factors implied by the published illustration [S2]; the 경험생명표 itself is not published [REG-R33]"
annuitant_issue,M,49,0.00092506,"[std] annuitant-basis Makeham construction q(x) = 1 - exp(-(A + B c^x)), A/B/c in mort_anchor_table.csv, fitted jointly to the published 연금사망률 / 개인연금사망률 anchors [S1] [S7] and to the annuity factors implied by the published illustration [S2]; the 경험생명표 itself is not published [REG-R33]"
annuitant_issue,M,50,0.00096530,"[std] annuitant-basis Makeham construction q(x) = 1 - exp(-(A + B c^x)), A/B/c in mort_anchor_table.csv, fitted jointly to the published 연금사망률 / 개인연금사망률 anchors [S1] [S7] and to the annuity factors implied by the published illustration [S2]; the 경험생명표 itself is not published [REG-R33]"
annuitant_issue,M,51,0.00100992,"[std] annuitant-basis Makeham construction q(x) = 1 - exp(-(A + B c^x)), A/B/c in mort_anchor_table.csv, fitted jointly to the published 연금사망률 / 개인연금사망률 anchors [S1] [S7] and to the annuity factors implied by the published illustration [S2]; the 경험생명표 itself is not published [REG-R33]"
annuitant_issue,M,52,0.00105940,"[std] annuitant-basis Makeham construction q(x) = 1 - exp(-(A + B c^x)), A/B/c in mort_anchor_table.csv, fitted jointly to the published 연금사망률 / 개인연금사망률 anchors [S1] [S7] and to the annuity factors implied by the published illustration [S2]; the 경험생명표 itself is not published [REG-R33]"
annuitant_issue,M,53,0.00111427,"[std] annuitant-basis Makeham construction q(x) = 1 - exp(-(A + B c^x)), A/B/c in mort_anchor_table.csv, fitted jointly to the published 연금사망률 / 개인연금사망률 anchors [S1] [S7] and to the annuity factors implied by the published illustration [S2]; the 경험생명표 itself is not published [REG-R33]"
annuitant_issue,M,54,0.00117511,"[std] annuitant-basis Makeham construction q(x) = 1 - exp(-(A + B c^x)), A/B/c in mort_anchor_table.csv, fitted jointly to the published 연금사망률 / 개인연금사망률 anchors [S1] [S7] and to the annuity factors implied by the published illustration [S2]; the 경험생명표 itself is not published [REG-R33]"
annuitant_issue,M,55,0.00124258,"[std] annuitant-basis Makeham construction q(x) = 1 - exp(-(A + B c^x)), A/B/c in mort_anchor_table.csv, fitted jointly to the published 연금사망률 / 개인연금사망률 anchors [S1] [S7] and to the annuity factors implied by the published illustration [S2]; the 경험생명표 itself is not published [REG-R33]"
annuitant_issue,M,56,0.00131740,"[std] annuitant-basis Makeham construction q(x) = 1 - exp(-(A + B c^x)), A/B/c in mort_anchor_table.csv, fitted jointly to the published 연금사망률 / 개인연금사망률 anchors [S1] [S7] and to the annuity factors implied by the published illustration [S2]; the 경험생명표 itself is not published [REG-R33]"
annuitant_issue,M,57,0.00140036,"[std] annuitant-basis Makeham construction q(x) = 1 - exp(-(A + B c^x)), A/B/c in mort_anchor_table.csv, fitted jointly to the published 연금사망률 / 개인연금사망률 anchors [S1] [S7] and to the annuity factors implied by the published illustration [S2]; the 경험생명표 itself is not published [REG-R33]"
annuitant_issue,M,58,0.00149235,"[std] annuitant-basis Makeham construction q(x) = 1 - exp(-(A + B c^x)), A/B/c in mort_anchor_table.csv, fitted jointly to the published 연금사망률 / 개인연금사망률 anchors [S1] [S7] and to the annuity factors implied by the published illustration [S2]; the 경험생명표 itself is not published [REG-R33]"
annuitant_issue,M,59,0.00159435,"[std] annuitant-basis Makeham construction q(x) = 1 - exp(-(A + B c^x)), A/B/c in mort_anchor_table.csv, fitted jointly to the published 연금사망률 / 개인연금사망률 anchors [S1] [S7] and to the annuity factors implied by the published illustration [S2]; the 경험생명표 itself is not published [REG-R33]"
annuitant_issue,M,60,0.00170745,"[std] annuitant-basis Makeham construction q(x) = 1 - exp(-(A + B c^x)), A/B/c in mort_anchor_table.csv, fitted jointly to the published 연금사망률 / 개인연금사망률 anchors [S1] [S7] and to the annuity factors implied by the published illustration [S2]; the 경험생명표 itself is not published [REG-R33]"
annuitant_issue,M,61,0.00183287,"[std] annuitant-basis Makeham construction q(x) = 1 - exp(-(A + B c^x)), A/B/c in mort_anchor_table.csv, fitted jointly to the published 연금사망률 / 개인연금사망률 anchors [S1] [S7] and to the annuity factors implied by the published illustration [S2]; the 경험생명표 itself is not published [REG-R33]"
annuitant_issue,M,62,0.00197193,"[std] annuitant-basis Makeham construction q(x) = 1 - exp(-(A + B c^x)), A/B/c in mort_anchor_table.csv, fitted jointly to the published 연금사망률 / 개인연금사망률 anchors [S1] [S7] and to the annuity factors implied by the published illustration [S2]; the 경험생명표 itself is not published [REG-R33]"
annuitant_issue,M,63,0.00212611,"[std] annuitant-basis Makeham construction q(x) = 1 - exp(-(A + B c^x)), A/B/c in mort_anchor_table.csv, fitted jointly to the published 연금사망률 / 개인연금사망률 anchors [S1] [S7] and to the annuity factors implied by the published illustration [S2]; the 경험생명표 itself is not published [REG-R33]"
annuitant_issue,M,64,0.00229707,"[std] annuitant-basis Makeham construction q(x) = 1 - exp(-(A + B c^x)), A/B/c in mort_anchor_table.csv, fitted jointly to the published 연금사망률 / 개인연금사망률 anchors [S1] [S7] and to the annuity factors implied by the published illustration [S2]; the 경험생명표 itself is not published [REG-R33]"
annuitant_issue,M,65,0.00248662,"[std] annuitant-basis Makeham construction q(x) = 1 - exp(-(A + B c^x)), A/B/c in mort_anchor_table.csv, fitted jointly to the published 연금사망률 / 개인연금사망률 anchors [S1] [S7] and to the annuity factors implied by the published illustration [S2]; the 경험생명표 itself is not published [REG-R33]"
annuitant_issue,M,66,0.00269679,"[std] annuitant-basis Makeham construction q(x) = 1 - exp(-(A + B c^x)), A/B/c in mort_anchor_table.csv, fitted jointly to the published 연금사망률 / 개인연금사망률 anchors [S1] [S7] and to the annuity factors implied by the published illustration [S2]; the 경험생명표 itself is not published [REG-R33]"
annuitant_issue,M,67,0.00292980,"[std] annuitant-basis Makeham construction q(x) = 1 - exp(-(A + B c^x)), A/B/c in mort_anchor_table.csv, fitted jointly to the published 연금사망률 / 개인연금사망률 anchors [S1] [S7] and to the annuity factors implied by the published illustration [S2]; the 경험생명표 itself is not published [REG-R33]"
annuitant_issue,M,68,0.00318813,"[std] annuitant-basis Makeham construction q(x) = 1 - exp(-(A + B c^x)), A/B/c in mort_anchor_table.csv, fitted jointly to the published 연금사망률 / 개인연금사망률 anchors [S1] [S7] and to the annuity factors implied by the published illustration [S2]; the 경험생명표 itself is not published [REG-R33]"
annuitant_issue,M,69,0.00347453,"[std] annuitant-basis Makeham construction q(x) = 1 - exp(-(A + B c^x)), A/B/c in mort_anchor_table.csv, fitted jointly to the published 연금사망률 / 개인연금사망률 anchors [S1] [S7] and to the annuity factors implied by the published illustration [S2]; the 경험생명표 itself is not published [REG-R33]"
annuitant_issue,M,70,0.00379205,"[std] annuitant-basis Makeham construction q(x) = 1 - exp(-(A + B c^x)), A/B/c in mort_anchor_table.csv, fitted jointly to the published 연금사망률 / 개인연금사망률 anchors [S1] [S7] and to the annuity factors implied by the published illustration [S2]; the 경험생명표 itself is not published [REG-R33]"
annuitant_issue,M,71,0.00414403,"[std] annuitant-basis Makeham construction q(x) = 1 - exp(-(A + B c^x)), A/B/c in mort_anchor_table.csv, fitted jointly to the published 연금사망률 / 개인연금사망률 anchors [S1] [S7] and to the annuity factors implied by the published illustration [S2]; the 경험생명표 itself is not published [REG-R33]"
annuitant_issue,M,72,0.00453423,"[std] annuitant-basis Makeham construction q(x) = 1 - exp(-(A + B c^x)), A/B/c in mort_anchor_table.csv, fitted jointly to the published 연금사망률 / 개인연금사망률 anchors [S1] [S7] and to the annuity factors implied by the published illustration [S2]; the 경험생명표 itself is not published [REG-R33]"
annuitant_issue,M,73,0.00496676,"[std] annuitant-basis Makeham construction q(x) = 1 - exp(-(A + B c^x)), A/B/c in mort_anchor_table.csv, fitted jointly to the published 연금사망률 / 개인연금사망률 anchors [S1] [S7] and to the annuity factors implied by the published illustration [S2]; the 경험생명표 itself is not published [REG-R33]"
annuitant_issue,M,74,0.00544619,"[std] annuitant-basis Makeham construction q(x) = 1 - exp(-(A + B c^x)), A/B/c in mort_anchor_table.csv, fitted jointly to the published 연금사망률 / 개인연금사망률 anchors [S1] [S7] and to the annuity factors implied by the published illustration [S2]; the 경험생명표 itself is not published [REG-R33]"
annuitant_issue,M,75,0.00597760,"[std] annuitant-basis Makeham construction q(x) = 1 - exp(-(A + B c^x)), A/B/c in mort_anchor_table.csv, fitted jointly to the published 연금사망률 / 개인연금사망률 anchors [S1] [S7] and to the annuity factors implied by the published illustration [S2]; the 경험생명표 itself is not published [REG-R33]"
annuitant_issue,M,76,0.00656657,"[std] annuitant-basis Makeham construction q(x) = 1 - exp(-(A + B c^x)), A/B/c in mort_anchor_table.csv, fitted jointly to the published 연금사망률 / 개인연금사망률 anchors [S1] [S7] and to the annuity factors implied by the published illustration [S2]; the 경험생명표 itself is not published [REG-R33]"
annuitant_issue,M,77,0.00721930,"[std] annuitant-basis Makeham construction q(x) = 1 - exp(-(A + B c^x)), A/B/c in mort_anchor_table.csv, fitted jointly to the published 연금사망률 / 개인연금사망률 anchors [S1] [S7] and to the annuity factors implied by the published illustration [S2]; the 경험생명표 itself is not published [REG-R33]"
annuitant_issue,M,78,0.00794265,"[std] annuitant-basis Makeham construction q(x) = 1 - exp(-(A + B c^x)), A/B/c in mort_anchor_table.csv, fitted jointly to the published 연금사망률 / 개인연금사망률 anchors [S1] [S7] and to the annuity factors implied by the published illustration [S2]; the 경험생명표 itself is not published [REG-R33]"
annuitant_issue,M,79,0.00874420,"[std] annuitant-basis Makeham construction q(x) = 1 - exp(-(A + B c^x)), A/B/c in mort_anchor_table.csv, fitted jointly to the published 연금사망률 / 개인연금사망률 anchors [S1] [S7] and to the annuity factors implied by the published illustration [S2]; the 경험생명표 itself is not published [REG-R33]"
annuitant_issue,M,80,0.00963233,"[std] annuitant-basis Makeham construction q(x) = 1 - exp(-(A + B c^x)), A/B/c in mort_anchor_table.csv, fitted jointly to the published 연금사망률 / 개인연금사망률 anchors [S1] [S7] and to the annuity factors implied by the published illustration [S2]; the 경험생명표 itself is not published [REG-R33]"
annuitant_issue,M,81,0.01061629,"[std] annuitant-basis Makeham construction q(x) = 1 - exp(-(A + B c^x)), A/B/c in mort_anchor_table.csv, fitted jointly to the published 연금사망률 / 개인연금사망률 anchors [S1] [S7] and to the annuity factors implied by the published illustration [S2]; the 경험생명표 itself is not published [REG-R33]"
annuitant_issue,M,82,0.01170632,"[std] annuitant-basis Makeham construction q(x) = 1 - exp(-(A + B c^x)), A/B/c in mort_anchor_table.csv, fitted jointly to the published 연금사망률 / 개인연금사망률 anchors [S1] [S7] and to the annuity factors implied by the published illustration [S2]; the 경험생명표 itself is not published [REG-R33]"
annuitant_issue,M,83,0.01291371,"[std] annuitant-basis Makeham construction q(x) = 1 - exp(-(A + B c^x)), A/B/c in mort_anchor_table.csv, fitted jointly to the published 연금사망률 / 개인연금사망률 anchors [S1] [S7] and to the annuity factors implied by the published illustration [S2]; the 경험생명표 itself is not published [REG-R33]"
annuitant_issue,M,84,0.01425093,"[std] annuitant-basis Makeham construction q(x) = 1 - exp(-(A + B c^x)), A/B/c in mort_anchor_table.csv, fitted jointly to the published 연금사망률 / 개인연금사망률 anchors [S1] [S7] and to the annuity factors implied by the published illustration [S2]; the 경험생명표 itself is not published [REG-R33]"
annuitant_issue,M,85,0.01573172,"[std] annuitant-basis Makeham construction q(x) = 1 - exp(-(A + B c^x)), A/B/c in mort_anchor_table.csv, fitted jointly to the published 연금사망률 / 개인연금사망률 anchors [S1] [S7] and to the annuity factors implied by the published illustration [S2]; the 경험생명표 itself is not published [REG-R33]"
annuitant_issue,M,86,0.01737126,"[std] annuitant-basis Makeham construction q(x) = 1 - exp(-(A + B c^x)), A/B/c in mort_anchor_table.csv, fitted jointly to the published 연금사망률 / 개인연금사망률 anchors [S1] [S7] and to the annuity factors implied by the published illustration [S2]; the 경험생명표 itself is not published [REG-R33]"
annuitant_issue,M,87,0.01918624,"[std] annuitant-basis Makeham construction q(x) = 1 - exp(-(A + B c^x)), A/B/c in mort_anchor_table.csv, fitted jointly to the published 연금사망률 / 개인연금사망률 anchors [S1] [S7] and to the annuity factors implied by the published illustration [S2]; the 경험생명표 itself is not published [REG-R33]"
annuitant_issue,M,88,0.02119505,"[std] annuitant-basis Makeham construction q(x) = 1 - exp(-(A + B c^x)), A/B/c in mort_anchor_table.csv, fitted jointly to the published 연금사망률 / 개인연금사망률 anchors [S1] [S7] and to the annuity factors implied by the published illustration [S2]; the 경험생명표 itself is not published [REG-R33]"
annuitant_issue,M,89,0.02341793,"[std] annuitant-basis Makeham construction q(x) = 1 - exp(-(A + B c^x)), A/B/c in mort_anchor_table.csv, fitted jointly to the published 연금사망률 / 개인연금사망률 anchors [S1] [S7] and to the annuity factors implied by the published illustration [S2]; the 경험생명표 itself is not published [REG-R33]"
annuitant_issue,M,90,0.02587710,"[std] annuitant-basis Makeham construction q(x) = 1 - exp(-(A + B c^x)), A/B/c in mort_anchor_table.csv, fitted jointly to the published 연금사망률 / 개인연금사망률 anchors [S1] [S7] and to the annuity factors implied by the published illustration [S2]; the 경험생명표 itself is not published [REG-R33]"
annuitant_issue,M,91,0.02859697,"[std] annuitant-basis Makeham construction q(x) = 1 - exp(-(A + B c^x)), A/B/c in mort_anchor_table.csv, fitted jointly to the published 연금사망률 / 개인연금사망률 anchors [S1] [S7] and to the annuity factors implied by the published illustration [S2]; the 경험생명표 itself is not published [REG-R33]"
annuitant_issue,M,92,0.03160430,"[std] annuitant-basis Makeham construction q(x) = 1 - exp(-(A + B c^x)), A/B/c in mort_anchor_table.csv, fitted jointly to the published 연금사망률 / 개인연금사망률 anchors [S1] [S7] and to the annuity factors implied by the published illustration [S2]; the 경험생명표 itself is not published [REG-R33]"
annuitant_issue,M,93,0.03492842,"[std] annuitant-basis Makeham construction q(x) = 1 - exp(-(A + B c^x)), A/B/c in mort_anchor_table.csv, fitted jointly to the published 연금사망률 / 개인연금사망률 anchors [S1] [S7] and to the annuity factors implied by the published illustration [S2]; the 경험생명표 itself is not published [REG-R33]"
annuitant_issue,M,94,0.03860137,"[std] annuitant-basis Makeham construction q(x) = 1 - exp(-(A + B c^x)), A/B/c in mort_anchor_table.csv, fitted jointly to the published 연금사망률 / 개인연금사망률 anchors [S1] [S7] and to the annuity factors implied by the published illustration [S2]; the 경험생명표 itself is not published [REG-R33]"
annuitant_issue,M,95,0.04265818,"[std] annuitant-basis Makeham construction q(x) = 1 - exp(-(A + B c^x)), A/B/c in mort_anchor_table.csv, fitted jointly to the published 연금사망률 / 개인연금사망률 anchors [S1] [S7] and to the annuity factors implied by the published illustration [S2]; the 경험생명표 itself is not published [REG-R33]"
annuitant_issue,M,96,0.04713698,"[std] annuitant-basis Makeham construction q(x) = 1 - exp(-(A + B c^x)), A/B/c in mort_anchor_table.csv, fitted jointly to the published 연금사망률 / 개인연금사망률 anchors [S1] [S7] and to the annuity factors implied by the published illustration [S2]; the 경험생명표 itself is not published [REG-R33]"
annuitant_issue,M,97,0.05207927,"[std] annuitant-basis Makeham construction q(x) = 1 - exp(-(A + B c^x)), A/B/c in mort_anchor_table.csv, fitted jointly to the published 연금사망률 / 개인연금사망률 anchors [S1] [S7] and to the annuity factors implied by the published illustration [S2]; the 경험생명표 itself is not published [REG-R33]"
annuitant_issue,M,98,0.05753009,"[std] annuitant-basis Makeham construction q(x) = 1 - exp(-(A + B c^x)), A/B/c in mort_anchor_table.csv, fitted jointly to the published 연금사망률 / 개인연금사망률 anchors [S1] [S7] and to the annuity factors implied by the published illustration [S2]; the 경험생명표 itself is not published [REG-R33]"
annuitant_issue,M,99,0.06353817,"[std] annuitant-basis Makeham construction q(x) = 1 - exp(-(A + B c^x)), A/B/c in mort_anchor_table.csv, fitted jointly to the published 연금사망률 / 개인연금사망률 anchors [S1] [S7] and to the annuity factors implied by the published illustration [S2]; the 경험생명표 itself is not published [REG-R33]"
annuitant_issue,M,100,0.07015608,"[std] annuitant-basis Makeham construction q(x) = 1 - exp(-(A + B c^x)), A/B/c in mort_anchor_table.csv, fitted jointly to the published 연금사망률 / 개인연금사망률 anchors [S1] [S7] and to the annuity factors implied by the published illustration [S2]; the 경험생명표 itself is not published [REG-R33]"
annuitant_issue,M,101,0.07744037,"[std] annuitant-basis Makeham construction q(x) = 1 - exp(-(A + B c^x)), A/B/c in mort_anchor_table.csv, fitted jointly to the published 연금사망률 / 개인연금사망률 anchors [S1] [S7] and to the annuity factors implied by the published illustration [S2]; the 경험생명표 itself is not published [REG-R33]"
annuitant_issue,M,102,0.08545163,"[std] annuitant-basis Makeham construction q(x) = 1 - exp(-(A + B c^x)), A/B/c in mort_anchor_table.csv, fitted jointly to the published 연금사망률 / 개인연금사망률 anchors [S1] [S7] and to the annuity factors implied by the published illustration [S2]; the 경험생명표 itself is not published [REG-R33]"
annuitant_issue,M,103,0.09425443,"[std] annuitant-basis Makeham construction q(x) = 1 - exp(-(A + B c^x)), A/B/c in mort_anchor_table.csv, fitted jointly to the published 연금사망률 / 개인연금사망률 anchors [S1] [S7] and to the annuity factors implied by the published illustration [S2]; the 경험생명표 itself is not published [REG-R33]"
annuitant_issue,M,104,0.10391731,"[std] annuitant-basis Makeham construction q(x) = 1 - exp(-(A + B c^x)), A/B/c in mort_anchor_table.csv, fitted jointly to the published 연금사망률 / 개인연금사망률 anchors [S1] [S7] and to the annuity factors implied by the published illustration [S2]; the 경험생명표 itself is not published [REG-R33]"
annuitant_issue,M,105,0.11451252,"[std] annuitant-basis Makeham construction q(x) = 1 - exp(-(A + B c^x)), A/B/c in mort_anchor_table.csv, fitted jointly to the published 연금사망률 / 개인연금사망률 anchors [S1] [S7] and to the annuity factors implied by the published illustration [S2]; the 경험생명표 itself is not published [REG-R33]"
annuitant_issue,M,106,0.12611570,"[std] annuitant-basis Makeham construction q(x) = 1 - exp(-(A + B c^x)), A/B/c in mort_anchor_table.csv, fitted jointly to the published 연금사망률 / 개인연금사망률 anchors [S1] [S7] and to the annuity factors implied by the published illustration [S2]; the 경험생명표 itself is not published [REG-R33]"
annuitant_issue,M,107,0.13880541,"[std] annuitant-basis Makeham construction q(x) = 1 - exp(-(A + B c^x)), A/B/c in mort_anchor_table.csv, fitted jointly to the published 연금사망률 / 개인연금사망률 anchors [S1] [S7] and to the annuity factors implied by the published illustration [S2]; the 경험생명표 itself is not published [REG-R33]"
annuitant_issue,M,108,0.15266237,"[std] annuitant-basis Makeham construction q(x) = 1 - exp(-(A + B c^x)), A/B/c in mort_anchor_table.csv, fitted jointly to the published 연금사망률 / 개인연금사망률 anchors [S1] [S7] and to the annuity factors implied by the published illustration [S2]; the 경험생명표 itself is not published [REG-R33]"
annuitant_issue,M,109,0.16776856,"[std] annuitant-basis Makeham construction q(x) = 1 - exp(-(A + B c^x)), A/B/c in mort_anchor_table.csv, fitted jointly to the published 연금사망률 / 개인연금사망률 anchors [S1] [S7] and to the annuity factors implied by the published illustration [S2]; the 경험생명표 itself is not published [REG-R33]"
annuitant_issue,M,110,0.18420595,"[std] annuitant-basis Makeham construction q(x) = 1 - exp(-(A + B c^x)), A/B/c in mort_anchor_table.csv, fitted jointly to the published 연금사망률 / 개인연금사망률 anchors [S1] [S7] and to the annuity factors implied by the published illustration [S2]; the 경험생명표 itself is not published [REG-R33]"
annuitant_issue,M,111,0.20205491,"[std] annuitant-basis Makeham construction q(x) = 1 - exp(-(A + B c^x)), A/B/c in mort_anchor_table.csv, fitted jointly to the published 연금사망률 / 개인연금사망률 anchors [S1] [S7] and to the annuity factors implied by the published illustration [S2]; the 경험생명표 itself is not published [REG-R33]"
annuitant_issue,M,112,0.22139233,"[std] annuitant-basis Makeham construction q(x) = 1 - exp(-(A + B c^x)), A/B/c in mort_anchor_table.csv, fitted jointly to the published 연금사망률 / 개인연금사망률 anchors [S1] [S7] and to the annuity factors implied by the published illustration [S2]; the 경험생명표 itself is not published [REG-R33]"
annuitant_issue,M,113,0.24228917,"[std] annuitant-basis Makeham construction q(x) = 1 - exp(-(A + B c^x)), A/B/c in mort_anchor_table.csv, fitted jointly to the published 연금사망률 / 개인연금사망률 anchors [S1] [S7] and to the annuity factors implied by the published illustration [S2]; the 경험생명표 itself is not published [REG-R33]"
annuitant_issue,M,114,0.26480765,"[std] annuitant-basis Makeham construction q(x) = 1 - exp(-(A + B c^x)), A/B/c in mort_anchor_table.csv, fitted jointly to the published 연금사망률 / 개인연금사망률 anchors [S1] [S7] and to the annuity factors implied by the published illustration [S2]; the 경험생명표 itself is not published [REG-R33]"
annuitant_issue,M,115,0.28899793,"[std] annuitant-basis Makeham construction q(x) = 1 - exp(-(A + B c^x)), A/B/c in mort_anchor_table.csv, fitted jointly to the published 연금사망률 / 개인연금사망률 anchors [S1] [S7] and to the annuity factors implied by the published illustration [S2]; the 경험생명표 itself is not published [REG-R33]"
annuitant_issue,M,116,0.31489425,"[std] annuitant-basis Makeham construction q(x) = 1 - exp(-(A + B c^x)), A/B/c in mort_anchor_table.csv, fitted jointly to the published 연금사망률 / 개인연금사망률 anchors [S1] [S7] and to the annuity factors implied by the published illustration [S2]; the 경험생명표 itself is not published [REG-R33]"
annuitant_issue,M,117,0.34251066,"[std] annuitant-basis Makeham construction q(x) = 1 - exp(-(A + B c^x)), A/B/c in mort_anchor_table.csv, fitted jointly to the published 연금사망률 / 개인연금사망률 anchors [S1] [S7] and to the annuity factors implied by the published illustration [S2]; the 경험생명표 itself is not published [REG-R33]"
annuitant_issue,M,118,0.37183620,"[std] annuitant-basis Makeham construction q(x) = 1 - exp(-(A + B c^x)), A/B/c in mort_anchor_table.csv, fitted jointly to the published 연금사망률 / 개인연금사망률 anchors [S1] [S7] and to the annuity factors implied by the published illustration [S2]; the 경험생명표 itself is not published [REG-R33]"
annuitant_issue,M,119,0.40282993,"[std] annuitant-basis Makeham construction q(x) = 1 - exp(-(A + B c^x)), A/B/c in mort_anchor_table.csv, fitted jointly to the published 연금사망률 / 개인연금사망률 anchors [S1] [S7] and to the annuity factors implied by the published illustration [S2]; the 경험생명표 itself is not published [REG-R33]"
annuitant_issue,M,120,1.00000000,"[std] annuitant-basis Makeham construction q(x) = 1 - exp(-(A + B c^x)), A/B/c in mort_anchor_table.csv, fitted jointly to the published 연금사망률 / 개인연금사망률 anchors [S1] [S7] and to the annuity factors implied by the published illustration [S2]; the 경험생명표 itself is not published [REG-R33]"
annuitant_issue,F,0,0.00055800,"[std] the male Makeham construction set back 4 years, the setback that reproduces the published 65세 기대여명 gap between the sexes on the 제10회 경험생명표 [REG-R33]; not a copy of any published table"
annuitant_issue,F,1,0.00055800,"[std] the male Makeham construction set back 4 years, the setback that reproduces the published 65세 기대여명 gap between the sexes on the 제10회 경험생명표 [REG-R33]; not a copy of any published table"
annuitant_issue,F,2,0.00055800,"[std] the male Makeham construction set back 4 years, the setback that reproduces the published 65세 기대여명 gap between the sexes on the 제10회 경험생명표 [REG-R33]; not a copy of any published table"
annuitant_issue,F,3,0.00055800,"[std] the male Makeham construction set back 4 years, the setback that reproduces the published 65세 기대여명 gap between the sexes on the 제10회 경험생명표 [REG-R33]; not a copy of any published table"
annuitant_issue,F,4,0.00055800,"[std] the male Makeham construction set back 4 years, the setback that reproduces the published 65세 기대여명 gap between the sexes on the 제10회 경험생명표 [REG-R33]; not a copy of any published table"
annuitant_issue,F,5,0.00055826,"[std] the male Makeham construction set back 4 years, the setback that reproduces the published 65세 기대여명 gap between the sexes on the 제10회 경험생명표 [REG-R33]; not a copy of any published table"
annuitant_issue,F,6,0.00055854,"[std] the male Makeham construction set back 4 years, the setback that reproduces the published 65세 기대여명 gap between the sexes on the 제10회 경험생명표 [REG-R33]; not a copy of any published table"
annuitant_issue,F,7,0.00055885,"[std] the male Makeham construction set back 4 years, the setback that reproduces the published 65세 기대여명 gap between the sexes on the 제10회 경험생명표 [REG-R33]; not a copy of any published table"
annuitant_issue,F,8,0.00055919,"[std] the male Makeham construction set back 4 years, the setback that reproduces the published 65세 기대여명 gap between the sexes on the 제10회 경험생명표 [REG-R33]; not a copy of any published table"
annuitant_issue,F,9,0.00055958,"[std] the male Makeham construction set back 4 years, the setback that reproduces the published 65세 기대여명 gap between the sexes on the 제10회 경험생명표 [REG-R33]; not a copy of any published table"
annuitant_issue,F,10,0.00056000,"[std] the male Makeham construction set back 4 years, the setback that reproduces the published 65세 기대여명 gap between the sexes on the 제10회 경험생명표 [REG-R33]; not a copy of any published table"
annuitant_issue,F,11,0.00056047,"[std] the male Makeham construction set back 4 years, the setback that reproduces the published 65세 기대여명 gap between the sexes on the 제10회 경험생명표 [REG-R33]; not a copy of any published table"
annuitant_issue,F,12,0.00056100,"[std] the male Makeham construction set back 4 years, the setback that reproduces the published 65세 기대여명 gap between the sexes on the 제10회 경험생명표 [REG-R33]; not a copy of any published table"
annuitant_issue,F,13,0.00056158,"[std] the male Makeham construction set back 4 years, the setback that reproduces the published 65세 기대여명 gap between the sexes on the 제10회 경험생명표 [REG-R33]; not a copy of any published table"
annuitant_issue,F,14,0.00056222,"[std] the male Makeham construction set back 4 years, the setback that reproduces the published 65세 기대여명 gap between the sexes on the 제10회 경험생명표 [REG-R33]; not a copy of any published table"
annuitant_issue,F,15,0.00056293,"[std] the male Makeham construction set back 4 years, the setback that reproduces the published 65세 기대여명 gap between the sexes on the 제10회 경험생명표 [REG-R33]; not a copy of any published table"
annuitant_issue,F,16,0.00056372,"[std] the male Makeham construction set back 4 years, the setback that reproduces the published 65세 기대여명 gap between the sexes on the 제10회 경험생명표 [REG-R33]; not a copy of any published table"
annuitant_issue,F,17,0.00056460,"[std] the male Makeham construction set back 4 years, the setback that reproduces the published 65세 기대여명 gap between the sexes on the 제10회 경험생명표 [REG-R33]; not a copy of any published table"
annuitant_issue,F,18,0.00056557,"[std] the male Makeham construction set back 4 years, the setback that reproduces the published 65세 기대여명 gap between the sexes on the 제10회 경험생명표 [REG-R33]; not a copy of any published table"
annuitant_issue,F,19,0.00056665,"[std] the male Makeham construction set back 4 years, the setback that reproduces the published 65세 기대여명 gap between the sexes on the 제10회 경험생명표 [REG-R33]; not a copy of any published table"
annuitant_issue,F,20,0.00056785,"[std] the male Makeham construction set back 4 years, the setback that reproduces the published 65세 기대여명 gap between the sexes on the 제10회 경험생명표 [REG-R33]; not a copy of any published table"
annuitant_issue,F,21,0.00056917,"[std] the male Makeham construction set back 4 years, the setback that reproduces the published 65세 기대여명 gap between the sexes on the 제10회 경험생명표 [REG-R33]; not a copy of any published table"
annuitant_issue,F,22,0.00057065,"[std] the male Makeham construction set back 4 years, the setback that reproduces the published 65세 기대여명 gap between the sexes on the 제10회 경험생명표 [REG-R33]; not a copy of any published table"
annuitant_issue,F,23,0.00057228,"[std] the male Makeham construction set back 4 years, the setback that reproduces the published 65세 기대여명 gap between the sexes on the 제10회 경험생명표 [REG-R33]; not a copy of any published table"
annuitant_issue,F,24,0.00057409,"[std] the male Makeham construction set back 4 years, the setback that reproduces the published 65세 기대여명 gap between the sexes on the 제10회 경험생명표 [REG-R33]; not a copy of any published table"
annuitant_issue,F,25,0.00057609,"[std] the male Makeham construction set back 4 years, the setback that reproduces the published 65세 기대여명 gap between the sexes on the 제10회 경험생명표 [REG-R33]; not a copy of any published table"
annuitant_issue,F,26,0.00057832,"[std] the male Makeham construction set back 4 years, the setback that reproduces the published 65세 기대여명 gap between the sexes on the 제10회 경험생명표 [REG-R33]; not a copy of any published table"
annuitant_issue,F,27,0.00058078,"[std] the male Makeham construction set back 4 years, the setback that reproduces the published 65세 기대여명 gap between the sexes on the 제10회 경험생명표 [REG-R33]; not a copy of any published table"
annuitant_issue,F,28,0.00058352,"[std] the male Makeham construction set back 4 years, the setback that reproduces the published 65세 기대여명 gap between the sexes on the 제10회 경험생명표 [REG-R33]; not a copy of any published table"
annuitant_issue,F,29,0.00058655,"[std] the male Makeham construction set back 4 years, the setback that reproduces the published 65세 기대여명 gap between the sexes on the 제10회 경험생명표 [REG-R33]; not a copy of any published table"
annuitant_issue,F,30,0.00058991,"[std] the male Makeham construction set back 4 years, the setback that reproduces the published 65세 기대여명 gap between the sexes on the 제10회 경험생명표 [REG-R33]; not a copy of any published table"
annuitant_issue,F,31,0.00059365,"[std] the male Makeham construction set back 4 years, the setback that reproduces the published 65세 기대여명 gap between the sexes on the 제10회 경험생명표 [REG-R33]; not a copy of any published table"
annuitant_issue,F,32,0.00059778,"[std] the male Makeham construction set back 4 years, the setback that reproduces the published 65세 기대여명 gap between the sexes on the 제10회 경험생명표 [REG-R33]; not a copy of any published table"
annuitant_issue,F,33,0.00060237,"[std] the male Makeham construction set back 4 years, the setback that reproduces the published 65세 기대여명 gap between the sexes on the 제10회 경험생명표 [REG-R33]; not a copy of any published table"
annuitant_issue,F,34,0.00060746,"[std] the male Makeham construction set back 4 years, the setback that reproduces the published 65세 기대여명 gap between the sexes on the 제10회 경험생명표 [REG-R33]; not a copy of any published table"
annuitant_issue,F,35,0.00061310,"[std] the male Makeham construction set back 4 years, the setback that reproduces the published 65세 기대여명 gap between the sexes on the 제10회 경험생명표 [REG-R33]; not a copy of any published table"
annuitant_issue,F,36,0.00061936,"[std] the male Makeham construction set back 4 years, the setback that reproduces the published 65세 기대여명 gap between the sexes on the 제10회 경험생명표 [REG-R33]; not a copy of any published table"
annuitant_issue,F,37,0.00062629,"[std] the male Makeham construction set back 4 years, the setback that reproduces the published 65세 기대여명 gap between the sexes on the 제10회 경험생명표 [REG-R33]; not a copy of any published table"
annuitant_issue,F,38,0.00063399,"[std] the male Makeham construction set back 4 years, the setback that reproduces the published 65세 기대여명 gap between the sexes on the 제10회 경험생명표 [REG-R33]; not a copy of any published table"
annuitant_issue,F,39,0.00064252,"[std] the male Makeham construction set back 4 years, the setback that reproduces the published 65세 기대여명 gap between the sexes on the 제10회 경험생명표 [REG-R33]; not a copy of any published table"
annuitant_issue,F,40,0.00065198,"[std] the male Makeham construction set back 4 years, the setback that reproduces the published 65세 기대여명 gap between the sexes on the 제10회 경험생명표 [REG-R33]; not a copy of any published table"
annuitant_issue,F,41,0.00066247,"[std] the male Makeham construction set back 4 years, the setback that reproduces the published 65세 기대여명 gap between the sexes on the 제10회 경험생명표 [REG-R33]; not a copy of any published table"
annuitant_issue,F,42,0.00067411,"[std] the male Makeham construction set back 4 years, the setback that reproduces the published 65세 기대여명 gap between the sexes on the 제10회 경험생명표 [REG-R33]; not a copy of any published table"
annuitant_issue,F,43,0.00068701,"[std] the male Makeham construction set back 4 years, the setback that reproduces the published 65세 기대여명 gap between the sexes on the 제10회 경험생명표 [REG-R33]; not a copy of any published table"
annuitant_issue,F,44,0.00070132,"[std] the male Makeham construction set back 4 years, the setback that reproduces the published 65세 기대여명 gap between the sexes on the 제10회 경험생명표 [REG-R33]; not a copy of any published table"
annuitant_issue,F,45,0.00071719,"[std] the male Makeham construction set back 4 years, the setback that reproduces the published 65세 기대여명 gap between the sexes on the 제10회 경험생명표 [REG-R33]; not a copy of any published table"
annuitant_issue,F,46,0.00073479,"[std] the male Makeham construction set back 4 years, the setback that reproduces the published 65세 기대여명 gap between the sexes on the 제10회 경험생명표 [REG-R33]; not a copy of any published table"
annuitant_issue,F,47,0.00075430,"[std] the male Makeham construction set back 4 years, the setback that reproduces the published 65세 기대여명 gap between the sexes on the 제10회 경험생명표 [REG-R33]; not a copy of any published table"
annuitant_issue,F,48,0.00077594,"[std] the male Makeham construction set back 4 years, the setback that reproduces the published 65세 기대여명 gap between the sexes on the 제10회 경험생명표 [REG-R33]; not a copy of any published table"
annuitant_issue,F,49,0.00079993,"[std] the male Makeham construction set back 4 years, the setback that reproduces the published 65세 기대여명 gap between the sexes on the 제10회 경험생명표 [REG-R33]; not a copy of any published table"
annuitant_issue,F,50,0.00082654,"[std] the male Makeham construction set back 4 years, the setback that reproduces the published 65세 기대여명 gap between the sexes on the 제10회 경험생명표 [REG-R33]; not a copy of any published table"
annuitant_issue,F,51,0.00085605,"[std] the male Makeham construction set back 4 years, the setback that reproduces the published 65세 기대여명 gap between the sexes on the 제10회 경험생명표 [REG-R33]; not a copy of any published table"
annuitant_issue,F,52,0.00088878,"[std] the male Makeham construction set back 4 years, the setback that reproduces the published 65세 기대여명 gap between the sexes on the 제10회 경험생명표 [REG-R33]; not a copy of any published table"
annuitant_issue,F,53,0.00092506,"[std] the male Makeham construction set back 4 years, the setback that reproduces the published 65세 기대여명 gap between the sexes on the 제10회 경험생명표 [REG-R33]; not a copy of any published table"
annuitant_issue,F,54,0.00096530,"[std] the male Makeham construction set back 4 years, the setback that reproduces the published 65세 기대여명 gap between the sexes on the 제10회 경험생명표 [REG-R33]; not a copy of any published table"
annuitant_issue,F,55,0.00100992,"[std] the male Makeham construction set back 4 years, the setback that reproduces the published 65세 기대여명 gap between the sexes on the 제10회 경험생명표 [REG-R33]; not a copy of any published table"
annuitant_issue,F,56,0.00105940,"[std] the male Makeham construction set back 4 years, the setback that reproduces the published 65세 기대여명 gap between the sexes on the 제10회 경험생명표 [REG-R33]; not a copy of any published table"
annuitant_issue,F,57,0.00111427,"[std] the male Makeham construction set back 4 years, the setback that reproduces the published 65세 기대여명 gap between the sexes on the 제10회 경험생명표 [REG-R33]; not a copy of any published table"
annuitant_issue,F,58,0.00117511,"[std] the male Makeham construction set back 4 years, the setback that reproduces the published 65세 기대여명 gap between the sexes on the 제10회 경험생명표 [REG-R33]; not a copy of any published table"
annuitant_issue,F,59,0.00124258,"[std] the male Makeham construction set back 4 years, the setback that reproduces the published 65세 기대여명 gap between the sexes on the 제10회 경험생명표 [REG-R33]; not a copy of any published table"
annuitant_issue,F,60,0.00131740,"[std] the male Makeham construction set back 4 years, the setback that reproduces the published 65세 기대여명 gap between the sexes on the 제10회 경험생명표 [REG-R33]; not a copy of any published table"
annuitant_issue,F,61,0.00140036,"[std] the male Makeham construction set back 4 years, the setback that reproduces the published 65세 기대여명 gap between the sexes on the 제10회 경험생명표 [REG-R33]; not a copy of any published table"
annuitant_issue,F,62,0.00149235,"[std] the male Makeham construction set back 4 years, the setback that reproduces the published 65세 기대여명 gap between the sexes on the 제10회 경험생명표 [REG-R33]; not a copy of any published table"
annuitant_issue,F,63,0.00159435,"[std] the male Makeham construction set back 4 years, the setback that reproduces the published 65세 기대여명 gap between the sexes on the 제10회 경험생명표 [REG-R33]; not a copy of any published table"
annuitant_issue,F,64,0.00170745,"[std] the male Makeham construction set back 4 years, the setback that reproduces the published 65세 기대여명 gap between the sexes on the 제10회 경험생명표 [REG-R33]; not a copy of any published table"
annuitant_issue,F,65,0.00183287,"[std] the male Makeham construction set back 4 years, the setback that reproduces the published 65세 기대여명 gap between the sexes on the 제10회 경험생명표 [REG-R33]; not a copy of any published table"
annuitant_issue,F,66,0.00197193,"[std] the male Makeham construction set back 4 years, the setback that reproduces the published 65세 기대여명 gap between the sexes on the 제10회 경험생명표 [REG-R33]; not a copy of any published table"
annuitant_issue,F,67,0.00212611,"[std] the male Makeham construction set back 4 years, the setback that reproduces the published 65세 기대여명 gap between the sexes on the 제10회 경험생명표 [REG-R33]; not a copy of any published table"
annuitant_issue,F,68,0.00229707,"[std] the male Makeham construction set back 4 years, the setback that reproduces the published 65세 기대여명 gap between the sexes on the 제10회 경험생명표 [REG-R33]; not a copy of any published table"
annuitant_issue,F,69,0.00248662,"[std] the male Makeham construction set back 4 years, the setback that reproduces the published 65세 기대여명 gap between the sexes on the 제10회 경험생명표 [REG-R33]; not a copy of any published table"
annuitant_issue,F,70,0.00269679,"[std] the male Makeham construction set back 4 years, the setback that reproduces the published 65세 기대여명 gap between the sexes on the 제10회 경험생명표 [REG-R33]; not a copy of any published table"
annuitant_issue,F,71,0.00292980,"[std] the male Makeham construction set back 4 years, the setback that reproduces the published 65세 기대여명 gap between the sexes on the 제10회 경험생명표 [REG-R33]; not a copy of any published table"
annuitant_issue,F,72,0.00318813,"[std] the male Makeham construction set back 4 years, the setback that reproduces the published 65세 기대여명 gap between the sexes on the 제10회 경험생명표 [REG-R33]; not a copy of any published table"
annuitant_issue,F,73,0.00347453,"[std] the male Makeham construction set back 4 years, the setback that reproduces the published 65세 기대여명 gap between the sexes on the 제10회 경험생명표 [REG-R33]; not a copy of any published table"
annuitant_issue,F,74,0.00379205,"[std] the male Makeham construction set back 4 years, the setback that reproduces the published 65세 기대여명 gap between the sexes on the 제10회 경험생명표 [REG-R33]; not a copy of any published table"
annuitant_issue,F,75,0.00414403,"[std] the male Makeham construction set back 4 years, the setback that reproduces the published 65세 기대여명 gap between the sexes on the 제10회 경험생명표 [REG-R33]; not a copy of any published table"
annuitant_issue,F,76,0.00453423,"[std] the male Makeham construction set back 4 years, the setback that reproduces the published 65세 기대여명 gap between the sexes on the 제10회 경험생명표 [REG-R33]; not a copy of any published table"
annuitant_issue,F,77,0.00496676,"[std] the male Makeham construction set back 4 years, the setback that reproduces the published 65세 기대여명 gap between the sexes on the 제10회 경험생명표 [REG-R33]; not a copy of any published table"
annuitant_issue,F,78,0.00544619,"[std] the male Makeham construction set back 4 years, the setback that reproduces the published 65세 기대여명 gap between the sexes on the 제10회 경험생명표 [REG-R33]; not a copy of any published table"
annuitant_issue,F,79,0.00597760,"[std] the male Makeham construction set back 4 years, the setback that reproduces the published 65세 기대여명 gap between the sexes on the 제10회 경험생명표 [REG-R33]; not a copy of any published table"
annuitant_issue,F,80,0.00656657,"[std] the male Makeham construction set back 4 years, the setback that reproduces the published 65세 기대여명 gap between the sexes on the 제10회 경험생명표 [REG-R33]; not a copy of any published table"
annuitant_issue,F,81,0.00721930,"[std] the male Makeham construction set back 4 years, the setback that reproduces the published 65세 기대여명 gap between the sexes on the 제10회 경험생명표 [REG-R33]; not a copy of any published table"
annuitant_issue,F,82,0.00794265,"[std] the male Makeham construction set back 4 years, the setback that reproduces the published 65세 기대여명 gap between the sexes on the 제10회 경험생명표 [REG-R33]; not a copy of any published table"
annuitant_issue,F,83,0.00874420,"[std] the male Makeham construction set back 4 years, the setback that reproduces the published 65세 기대여명 gap between the sexes on the 제10회 경험생명표 [REG-R33]; not a copy of any published table"
annuitant_issue,F,84,0.00963233,"[std] the male Makeham construction set back 4 years, the setback that reproduces the published 65세 기대여명 gap between the sexes on the 제10회 경험생명표 [REG-R33]; not a copy of any published table"
annuitant_issue,F,85,0.01061629,"[std] the male Makeham construction set back 4 years, the setback that reproduces the published 65세 기대여명 gap between the sexes on the 제10회 경험생명표 [REG-R33]; not a copy of any published table"
annuitant_issue,F,86,0.01170632,"[std] the male Makeham construction set back 4 years, the setback that reproduces the published 65세 기대여명 gap between the sexes on the 제10회 경험생명표 [REG-R33]; not a copy of any published table"
annuitant_issue,F,87,0.01291371,"[std] the male Makeham construction set back 4 years, the setback that reproduces the published 65세 기대여명 gap between the sexes on the 제10회 경험생명표 [REG-R33]; not a copy of any published table"
annuitant_issue,F,88,0.01425093,"[std] the male Makeham construction set back 4 years, the setback that reproduces the published 65세 기대여명 gap between the sexes on the 제10회 경험생명표 [REG-R33]; not a copy of any published table"
annuitant_issue,F,89,0.01573172,"[std] the male Makeham construction set back 4 years, the setback that reproduces the published 65세 기대여명 gap between the sexes on the 제10회 경험생명표 [REG-R33]; not a copy of any published table"
annuitant_issue,F,90,0.01737126,"[std] the male Makeham construction set back 4 years, the setback that reproduces the published 65세 기대여명 gap between the sexes on the 제10회 경험생명표 [REG-R33]; not a copy of any published table"
annuitant_issue,F,91,0.01918624,"[std] the male Makeham construction set back 4 years, the setback that reproduces the published 65세 기대여명 gap between the sexes on the 제10회 경험생명표 [REG-R33]; not a copy of any published table"
annuitant_issue,F,92,0.02119505,"[std] the male Makeham construction set back 4 years, the setback that reproduces the published 65세 기대여명 gap between the sexes on the 제10회 경험생명표 [REG-R33]; not a copy of any published table"
annuitant_issue,F,93,0.02341793,"[std] the male Makeham construction set back 4 years, the setback that reproduces the published 65세 기대여명 gap between the sexes on the 제10회 경험생명표 [REG-R33]; not a copy of any published table"
annuitant_issue,F,94,0.02587710,"[std] the male Makeham construction set back 4 years, the setback that reproduces the published 65세 기대여명 gap between the sexes on the 제10회 경험생명표 [REG-R33]; not a copy of any published table"
annuitant_issue,F,95,0.02859697,"[std] the male Makeham construction set back 4 years, the setback that reproduces the published 65세 기대여명 gap between the sexes on the 제10회 경험생명표 [REG-R33]; not a copy of any published table"
annuitant_issue,F,96,0.03160430,"[std] the male Makeham construction set back 4 years, the setback that reproduces the published 65세 기대여명 gap between the sexes on the 제10회 경험생명표 [REG-R33]; not a copy of any published table"
annuitant_issue,F,97,0.03492842,"[std] the male Makeham construction set back 4 years, the setback that reproduces the published 65세 기대여명 gap between the sexes on the 제10회 경험생명표 [REG-R33]; not a copy of any published table"
annuitant_issue,F,98,0.03860137,"[std] the male Makeham construction set back 4 years, the setback that reproduces the published 65세 기대여명 gap between the sexes on the 제10회 경험생명표 [REG-R33]; not a copy of any published table"
annuitant_issue,F,99,0.04265818,"[std] the male Makeham construction set back 4 years, the setback that reproduces the published 65세 기대여명 gap between the sexes on the 제10회 경험생명표 [REG-R33]; not a copy of any published table"
annuitant_issue,F,100,0.04713698,"[std] the male Makeham construction set back 4 years, the setback that reproduces the published 65세 기대여명 gap between the sexes on the 제10회 경험생명표 [REG-R33]; not a copy of any published table"
annuitant_issue,F,101,0.05207927,"[std] the male Makeham construction set back 4 years, the setback that reproduces the published 65세 기대여명 gap between the sexes on the 제10회 경험생명표 [REG-R33]; not a copy of any published table"
annuitant_issue,F,102,0.05753009,"[std] the male Makeham construction set back 4 years, the setback that reproduces the published 65세 기대여명 gap between the sexes on the 제10회 경험생명표 [REG-R33]; not a copy of any published table"
annuitant_issue,F,103,0.06353817,"[std] the male Makeham construction set back 4 years, the setback that reproduces the published 65세 기대여명 gap between the sexes on the 제10회 경험생명표 [REG-R33]; not a copy of any published table"
annuitant_issue,F,104,0.07015608,"[std] the male Makeham construction set back 4 years, the setback that reproduces the published 65세 기대여명 gap between the sexes on the 제10회 경험생명표 [REG-R33]; not a copy of any published table"
annuitant_issue,F,105,0.07744037,"[std] the male Makeham construction set back 4 years, the setback that reproduces the published 65세 기대여명 gap between the sexes on the 제10회 경험생명표 [REG-R33]; not a copy of any published table"
annuitant_issue,F,106,0.08545163,"[std] the male Makeham construction set back 4 years, the setback that reproduces the published 65세 기대여명 gap between the sexes on the 제10회 경험생명표 [REG-R33]; not a copy of any published table"
annuitant_issue,F,107,0.09425443,"[std] the male Makeham construction set back 4 years, the setback that reproduces the published 65세 기대여명 gap between the sexes on the 제10회 경험생명표 [REG-R33]; not a copy of any published table"
annuitant_issue,F,108,0.10391731,"[std] the male Makeham construction set back 4 years, the setback that reproduces the published 65세 기대여명 gap between the sexes on the 제10회 경험생명표 [REG-R33]; not a copy of any published table"
annuitant_issue,F,109,0.11451252,"[std] the male Makeham construction set back 4 years, the setback that reproduces the published 65세 기대여명 gap between the sexes on the 제10회 경험생명표 [REG-R33]; not a copy of any published table"
annuitant_issue,F,110,0.12611570,"[std] the male Makeham construction set back 4 years, the setback that reproduces the published 65세 기대여명 gap between the sexes on the 제10회 경험생명표 [REG-R33]; not a copy of any published table"
annuitant_issue,F,111,0.13880541,"[std] the male Makeham construction set back 4 years, the setback that reproduces the published 65세 기대여명 gap between the sexes on the 제10회 경험생명표 [REG-R33]; not a copy of any published table"
annuitant_issue,F,112,0.15266237,"[std] the male Makeham construction set back 4 years, the setback that reproduces the published 65세 기대여명 gap between the sexes on the 제10회 경험생명표 [REG-R33]; not a copy of any published table"
annuitant_issue,F,113,0.16776856,"[std] the male Makeham construction set back 4 years, the setback that reproduces the published 65세 기대여명 gap between the sexes on the 제10회 경험생명표 [REG-R33]; not a copy of any published table"
annuitant_issue,F,114,0.18420595,"[std] the male Makeham construction set back 4 years, the setback that reproduces the published 65세 기대여명 gap between the sexes on the 제10회 경험생명표 [REG-R33]; not a copy of any published table"
annuitant_issue,F,115,0.20205491,"[std] the male Makeham construction set back 4 years, the setback that reproduces the published 65세 기대여명 gap between the sexes on the 제10회 경험생명표 [REG-R33]; not a copy of any published table"
annuitant_issue,F,116,0.22139233,"[std] the male Makeham construction set back 4 years, the setback that reproduces the published 65세 기대여명 gap between the sexes on the 제10회 경험생명표 [REG-R33]; not a copy of any published table"
annuitant_issue,F,117,0.24228917,"[std] the male Makeham construction set back 4 years, the setback that reproduces the published 65세 기대여명 gap between the sexes on the 제10회 경험생명표 [REG-R33]; not a copy of any published table"
annuitant_issue,F,118,0.26480765,"[std] the male Makeham construction set back 4 years, the setback that reproduces the published 65세 기대여명 gap between the sexes on the 제10회 경험생명표 [REG-R33]; not a copy of any published table"
annuitant_issue,F,119,0.28899793,"[std] the male Makeham construction set back 4 years, the setback that reproduces the published 65세 기대여명 gap between the sexes on the 제10회 경험생명표 [REG-R33]; not a copy of any published table"
annuitant_issue,F,120,1.00000000,"[std] the male Makeham construction set back 4 years, the setback that reproduces the published 65세 기대여명 gap between the sexes on the 제10회 경험생명표 [REG-R33]; not a copy of any published table"
annuitant_revised,M,0,0.00047430,"[std] revised-vintage scenario: the 가입시점 table times 0.85, a one-step lightening of the order the 제9회 -> 제10회 revision produced [R18] [R19] [REG-R33]; drives the 연금사망률 ratchet clause [S1] [S2] [S4] [S6]"
annuitant_revised,M,1,0.00047452,"[std] revised-vintage scenario: the 가입시점 table times 0.85, a one-step lightening of the order the 제9회 -> 제10회 revision produced [R18] [R19] [REG-R33]; drives the 연금사망률 ratchet clause [S1] [S2] [S4] [S6]"
annuitant_revised,M,2,0.00047476,"[std] revised-vintage scenario: the 가입시점 table times 0.85, a one-step lightening of the order the 제9회 -> 제10회 revision produced [R18] [R19] [REG-R33]; drives the 연금사망률 ratchet clause [S1] [S2] [S4] [S6]"
annuitant_revised,M,3,0.00047502,"[std] revised-vintage scenario: the 가입시점 table times 0.85, a one-step lightening of the order the 제9회 -> 제10회 revision produced [R18] [R19] [REG-R33]; drives the 연금사망률 ratchet clause [S1] [S2] [S4] [S6]"
annuitant_revised,M,4,0.00047531,"[std] revised-vintage scenario: the 가입시점 table times 0.85, a one-step lightening of the order the 제9회 -> 제10회 revision produced [R18] [R19] [REG-R33]; drives the 연금사망률 ratchet clause [S1] [S2] [S4] [S6]"
annuitant_revised,M,5,0.00047564,"[std] revised-vintage scenario: the 가입시점 table times 0.85, a one-step lightening of the order the 제9회 -> 제10회 revision produced [R18] [R19] [REG-R33]; drives the 연금사망률 ratchet clause [S1] [S2] [S4] [S6]"
annuitant_revised,M,6,0.00047600,"[std] revised-vintage scenario: the 가입시점 table times 0.85, a one-step lightening of the order the 제9회 -> 제10회 revision produced [R18] [R19] [REG-R33]; drives the 연금사망률 ratchet clause [S1] [S2] [S4] [S6]"
annuitant_revised,M,7,0.00047640,"[std] revised-vintage scenario: the 가입시점 table times 0.85, a one-step lightening of the order the 제9회 -> 제10회 revision produced [R18] [R19] [REG-R33]; drives the 연금사망률 ratchet clause [S1] [S2] [S4] [S6]"
annuitant_revised,M,8,0.00047685,"[std] revised-vintage scenario: the 가입시점 table times 0.85, a one-step lightening of the order the 제9회 -> 제10회 revision produced [R18] [R19] [REG-R33]; drives the 연금사망률 ratchet clause [S1] [S2] [S4] [S6]"
annuitant_revised,M,9,0.00047734,"[std] revised-vintage scenario: the 가입시점 table times 0.85, a one-step lightening of the order the 제9회 -> 제10회 revision produced [R18] [R19] [REG-R33]; drives the 연금사망률 ratchet clause [S1] [S2] [S4] [S6]"
annuitant_revised,M,10,0.00047789,"[std] revised-vintage scenario: the 가입시점 table times 0.85, a one-step lightening of the order the 제9회 -> 제10회 revision produced [R18] [R19] [REG-R33]; drives the 연금사망률 ratchet clause [S1] [S2] [S4] [S6]"
annuitant_revised,M,11,0.00047849,"[std] revised-vintage scenario: the 가입시점 table times 0.85, a one-step lightening of the order the 제9회 -> 제10회 revision produced [R18] [R19] [REG-R33]; drives the 연금사망률 ratchet clause [S1] [S2] [S4] [S6]"
annuitant_revised,M,12,0.00047916,"[std] revised-vintage scenario: the 가입시점 table times 0.85, a one-step lightening of the order the 제9회 -> 제10회 revision produced [R18] [R19] [REG-R33]; drives the 연금사망률 ratchet clause [S1] [S2] [S4] [S6]"
annuitant_revised,M,13,0.00047991,"[std] revised-vintage scenario: the 가입시점 table times 0.85, a one-step lightening of the order the 제9회 -> 제10회 revision produced [R18] [R19] [REG-R33]; drives the 연금사망률 ratchet clause [S1] [S2] [S4] [S6]"
annuitant_revised,M,14,0.00048073,"[std] revised-vintage scenario: the 가입시점 table times 0.85, a one-step lightening of the order the 제9회 -> 제10회 revision produced [R18] [R19] [REG-R33]; drives the 연금사망률 ratchet clause [S1] [S2] [S4] [S6]"
annuitant_revised,M,15,0.00048165,"[std] revised-vintage scenario: the 가입시점 table times 0.85, a one-step lightening of the order the 제9회 -> 제10회 revision produced [R18] [R19] [REG-R33]; drives the 연금사망률 ratchet clause [S1] [S2] [S4] [S6]"
annuitant_revised,M,16,0.00048267,"[std] revised-vintage scenario: the 가입시점 table times 0.85, a one-step lightening of the order the 제9회 -> 제10회 revision produced [R18] [R19] [REG-R33]; drives the 연금사망률 ratchet clause [S1] [S2] [S4] [S6]"
annuitant_revised,M,17,0.00048379,"[std] revised-vintage scenario: the 가입시점 table times 0.85, a one-step lightening of the order the 제9회 -> 제10회 revision produced [R18] [R19] [REG-R33]; drives the 연금사망률 ratchet clause [S1] [S2] [S4] [S6]"
annuitant_revised,M,18,0.00048505,"[std] revised-vintage scenario: the 가입시점 table times 0.85, a one-step lightening of the order the 제9회 -> 제10회 revision produced [R18] [R19] [REG-R33]; drives the 연금사망률 ratchet clause [S1] [S2] [S4] [S6]"
annuitant_revised,M,19,0.00048644,"[std] revised-vintage scenario: the 가입시점 table times 0.85, a one-step lightening of the order the 제9회 -> 제10회 revision produced [R18] [R19] [REG-R33]; drives the 연금사망률 ratchet clause [S1] [S2] [S4] [S6]"
annuitant_revised,M,20,0.00048798,"[std] revised-vintage scenario: the 가입시점 table times 0.85, a one-step lightening of the order the 제9회 -> 제10회 revision produced [R18] [R19] [REG-R33]; drives the 연금사망률 ratchet clause [S1] [S2] [S4] [S6]"
annuitant_revised,M,21,0.00048968,"[std] revised-vintage scenario: the 가입시점 table times 0.85, a one-step lightening of the order the 제9회 -> 제10회 revision produced [R18] [R19] [REG-R33]; drives the 연금사망률 ratchet clause [S1] [S2] [S4] [S6]"
annuitant_revised,M,22,0.00049157,"[std] revised-vintage scenario: the 가입시점 table times 0.85, a one-step lightening of the order the 제9회 -> 제10회 revision produced [R18] [R19] [REG-R33]; drives the 연금사망률 ratchet clause [S1] [S2] [S4] [S6]"
annuitant_revised,M,23,0.00049366,"[std] revised-vintage scenario: the 가입시점 table times 0.85, a one-step lightening of the order the 제9회 -> 제10회 revision produced [R18] [R19] [REG-R33]; drives the 연금사망률 ratchet clause [S1] [S2] [S4] [S6]"
annuitant_revised,M,24,0.00049599,"[std] revised-vintage scenario: the 가입시점 table times 0.85, a one-step lightening of the order the 제9회 -> 제10회 revision produced [R18] [R19] [REG-R33]; drives the 연금사망률 ratchet clause [S1] [S2] [S4] [S6]"
annuitant_revised,M,25,0.00049857,"[std] revised-vintage scenario: the 가입시점 table times 0.85, a one-step lightening of the order the 제9회 -> 제10회 revision produced [R18] [R19] [REG-R33]; drives the 연금사망률 ratchet clause [S1] [S2] [S4] [S6]"
annuitant_revised,M,26,0.00050142,"[std] revised-vintage scenario: the 가입시점 table times 0.85, a one-step lightening of the order the 제9회 -> 제10회 revision produced [R18] [R19] [REG-R33]; drives the 연금사망률 ratchet clause [S1] [S2] [S4] [S6]"
annuitant_revised,M,27,0.00050460,"[std] revised-vintage scenario: the 가입시점 table times 0.85, a one-step lightening of the order the 제9회 -> 제10회 revision produced [R18] [R19] [REG-R33]; drives the 연금사망률 ratchet clause [S1] [S2] [S4] [S6]"
annuitant_revised,M,28,0.00050811,"[std] revised-vintage scenario: the 가입시점 table times 0.85, a one-step lightening of the order the 제9회 -> 제10회 revision produced [R18] [R19] [REG-R33]; drives the 연금사망률 ratchet clause [S1] [S2] [S4] [S6]"
annuitant_revised,M,29,0.00051201,"[std] revised-vintage scenario: the 가입시점 table times 0.85, a one-step lightening of the order the 제9회 -> 제10회 revision produced [R18] [R19] [REG-R33]; drives the 연금사망률 ratchet clause [S1] [S2] [S4] [S6]"
annuitant_revised,M,30,0.00051634,"[std] revised-vintage scenario: the 가입시점 table times 0.85, a one-step lightening of the order the 제9회 -> 제10회 revision produced [R18] [R19] [REG-R33]; drives the 연금사망률 ratchet clause [S1] [S2] [S4] [S6]"
annuitant_revised,M,31,0.00052113,"[std] revised-vintage scenario: the 가입시점 table times 0.85, a one-step lightening of the order the 제9회 -> 제10회 revision produced [R18] [R19] [REG-R33]; drives the 연금사망률 ratchet clause [S1] [S2] [S4] [S6]"
annuitant_revised,M,32,0.00052646,"[std] revised-vintage scenario: the 가입시점 table times 0.85, a one-step lightening of the order the 제9회 -> 제10회 revision produced [R18] [R19] [REG-R33]; drives the 연금사망률 ratchet clause [S1] [S2] [S4] [S6]"
annuitant_revised,M,33,0.00053235,"[std] revised-vintage scenario: the 가입시점 table times 0.85, a one-step lightening of the order the 제9회 -> 제10회 revision produced [R18] [R19] [REG-R33]; drives the 연금사망률 ratchet clause [S1] [S2] [S4] [S6]"
annuitant_revised,M,34,0.00053889,"[std] revised-vintage scenario: the 가입시점 table times 0.85, a one-step lightening of the order the 제9회 -> 제10회 revision produced [R18] [R19] [REG-R33]; drives the 연금사망률 ratchet clause [S1] [S2] [S4] [S6]"
annuitant_revised,M,35,0.00054614,"[std] revised-vintage scenario: the 가입시점 table times 0.85, a one-step lightening of the order the 제9회 -> 제10회 revision produced [R18] [R19] [REG-R33]; drives the 연금사망률 ratchet clause [S1] [S2] [S4] [S6]"
annuitant_revised,M,36,0.00055418,"[std] revised-vintage scenario: the 가입시점 table times 0.85, a one-step lightening of the order the 제9회 -> 제10회 revision produced [R18] [R19] [REG-R33]; drives the 연금사망률 ratchet clause [S1] [S2] [S4] [S6]"
annuitant_revised,M,37,0.00056310,"[std] revised-vintage scenario: the 가입시점 table times 0.85, a one-step lightening of the order the 제9회 -> 제10회 revision produced [R18] [R19] [REG-R33]; drives the 연금사망률 ratchet clause [S1] [S2] [S4] [S6]"
annuitant_revised,M,38,0.00057299,"[std] revised-vintage scenario: the 가입시점 table times 0.85, a one-step lightening of the order the 제9회 -> 제10회 revision produced [R18] [R19] [REG-R33]; drives the 연금사망률 ratchet clause [S1] [S2] [S4] [S6]"
annuitant_revised,M,39,0.00058396,"[std] revised-vintage scenario: the 가입시점 table times 0.85, a one-step lightening of the order the 제9회 -> 제10회 revision produced [R18] [R19] [REG-R33]; drives the 연금사망률 ratchet clause [S1] [S2] [S4] [S6]"
annuitant_revised,M,40,0.00059612,"[std] revised-vintage scenario: the 가입시점 table times 0.85, a one-step lightening of the order the 제9회 -> 제10회 revision produced [R18] [R19] [REG-R33]; drives the 연금사망률 ratchet clause [S1] [S2] [S4] [S6]"
annuitant_revised,M,41,0.00060961,"[std] revised-vintage scenario: the 가입시점 table times 0.85, a one-step lightening of the order the 제9회 -> 제10회 revision produced [R18] [R19] [REG-R33]; drives the 연금사망률 ratchet clause [S1] [S2] [S4] [S6]"
annuitant_revised,M,42,0.00062457,"[std] revised-vintage scenario: the 가입시점 table times 0.85, a one-step lightening of the order the 제9회 -> 제10회 revision produced [R18] [R19] [REG-R33]; drives the 연금사망률 ratchet clause [S1] [S2] [S4] [S6]"
annuitant_revised,M,43,0.00064115,"[std] revised-vintage scenario: the 가입시점 table times 0.85, a one-step lightening of the order the 제9회 -> 제10회 revision produced [R18] [R19] [REG-R33]; drives the 연금사망률 ratchet clause [S1] [S2] [S4] [S6]"
annuitant_revised,M,44,0.00065955,"[std] revised-vintage scenario: the 가입시점 table times 0.85, a one-step lightening of the order the 제9회 -> 제10회 revision produced [R18] [R19] [REG-R33]; drives the 연금사망률 ratchet clause [S1] [S2] [S4] [S6]"
annuitant_revised,M,45,0.00067994,"[std] revised-vintage scenario: the 가입시점 table times 0.85, a one-step lightening of the order the 제9회 -> 제10회 revision produced [R18] [R19] [REG-R33]; drives the 연금사망률 ratchet clause [S1] [S2] [S4] [S6]"
annuitant_revised,M,46,0.00070256,"[std] revised-vintage scenario: the 가입시점 table times 0.85, a one-step lightening of the order the 제9회 -> 제10회 revision produced [R18] [R19] [REG-R33]; drives the 연금사망률 ratchet clause [S1] [S2] [S4] [S6]"
annuitant_revised,M,47,0.00072764,"[std] revised-vintage scenario: the 가입시점 table times 0.85, a one-step lightening of the order the 제9회 -> 제10회 revision produced [R18] [R19] [REG-R33]; drives the 연금사망률 ratchet clause [S1] [S2] [S4] [S6]"
annuitant_revised,M,48,0.00075546,"[std] revised-vintage scenario: the 가입시점 table times 0.85, a one-step lightening of the order the 제9회 -> 제10회 revision produced [R18] [R19] [REG-R33]; drives the 연금사망률 ratchet clause [S1] [S2] [S4] [S6]"
annuitant_revised,M,49,0.00078630,"[std] revised-vintage scenario: the 가입시점 table times 0.85, a one-step lightening of the order the 제9회 -> 제10회 revision produced [R18] [R19] [REG-R33]; drives the 연금사망률 ratchet clause [S1] [S2] [S4] [S6]"
annuitant_revised,M,50,0.00082051,"[std] revised-vintage scenario: the 가입시점 table times 0.85, a one-step lightening of the order the 제9회 -> 제10회 revision produced [R18] [R19] [REG-R33]; drives the 연금사망률 ratchet clause [S1] [S2] [S4] [S6]"
annuitant_revised,M,51,0.00085843,"[std] revised-vintage scenario: the 가입시점 table times 0.85, a one-step lightening of the order the 제9회 -> 제10회 revision produced [R18] [R19] [REG-R33]; drives the 연금사망률 ratchet clause [S1] [S2] [S4] [S6]"
annuitant_revised,M,52,0.00090049,"[std] revised-vintage scenario: the 가입시점 table times 0.85, a one-step lightening of the order the 제9회 -> 제10회 revision produced [R18] [R19] [REG-R33]; drives the 연금사망률 ratchet clause [S1] [S2] [S4] [S6]"
annuitant_revised,M,53,0.00094713,"[std] revised-vintage scenario: the 가입시점 table times 0.85, a one-step lightening of the order the 제9회 -> 제10회 revision produced [R18] [R19] [REG-R33]; drives the 연금사망률 ratchet clause [S1] [S2] [S4] [S6]"
annuitant_revised,M,54,0.00099884,"[std] revised-vintage scenario: the 가입시점 table times 0.85, a one-step lightening of the order the 제9회 -> 제10회 revision produced [R18] [R19] [REG-R33]; drives the 연금사망률 ratchet clause [S1] [S2] [S4] [S6]"
annuitant_revised,M,55,0.00105619,"[std] revised-vintage scenario: the 가입시점 table times 0.85, a one-step lightening of the order the 제9회 -> 제10회 revision produced [R18] [R19] [REG-R33]; drives the 연금사망률 ratchet clause [S1] [S2] [S4] [S6]"
annuitant_revised,M,56,0.00111979,"[std] revised-vintage scenario: the 가입시점 table times 0.85, a one-step lightening of the order the 제9회 -> 제10회 revision produced [R18] [R19] [REG-R33]; drives the 연금사망률 ratchet clause [S1] [S2] [S4] [S6]"
annuitant_revised,M,57,0.00119031,"[std] revised-vintage scenario: the 가입시점 table times 0.85, a one-step lightening of the order the 제9회 -> 제10회 revision produced [R18] [R19] [REG-R33]; drives the 연금사망률 ratchet clause [S1] [S2] [S4] [S6]"
annuitant_revised,M,58,0.00126850,"[std] revised-vintage scenario: the 가입시점 table times 0.85, a one-step lightening of the order the 제9회 -> 제10회 revision produced [R18] [R19] [REG-R33]; drives the 연금사망률 ratchet clause [S1] [S2] [S4] [S6]"
annuitant_revised,M,59,0.00135520,"[std] revised-vintage scenario: the 가입시점 table times 0.85, a one-step lightening of the order the 제9회 -> 제10회 revision produced [R18] [R19] [REG-R33]; drives the 연금사망률 ratchet clause [S1] [S2] [S4] [S6]"
annuitant_revised,M,60,0.00145133,"[std] revised-vintage scenario: the 가입시점 table times 0.85, a one-step lightening of the order the 제9회 -> 제10회 revision produced [R18] [R19] [REG-R33]; drives the 연금사망률 ratchet clause [S1] [S2] [S4] [S6]"
annuitant_revised,M,61,0.00155794,"[std] revised-vintage scenario: the 가입시점 table times 0.85, a one-step lightening of the order the 제9회 -> 제10회 revision produced [R18] [R19] [REG-R33]; drives the 연금사망률 ratchet clause [S1] [S2] [S4] [S6]"
annuitant_revised,M,62,0.00167614,"[std] revised-vintage scenario: the 가입시점 table times 0.85, a one-step lightening of the order the 제9회 -> 제10회 revision produced [R18] [R19] [REG-R33]; drives the 연금사망률 ratchet clause [S1] [S2] [S4] [S6]"
annuitant_revised,M,63,0.00180719,"[std] revised-vintage scenario: the 가입시점 table times 0.85, a one-step lightening of the order the 제9회 -> 제10회 revision produced [R18] [R19] [REG-R33]; drives the 연금사망률 ratchet clause [S1] [S2] [S4] [S6]"
annuitant_revised,M,64,0.00195251,"[std] revised-vintage scenario: the 가입시점 table times 0.85, a one-step lightening of the order the 제9회 -> 제10회 revision produced [R18] [R19] [REG-R33]; drives the 연금사망률 ratchet clause [S1] [S2] [S4] [S6]"
annuitant_revised,M,65,0.00211363,"[std] revised-vintage scenario: the 가입시점 table times 0.85, a one-step lightening of the order the 제9회 -> 제10회 revision produced [R18] [R19] [REG-R33]; drives the 연금사망률 ratchet clause [S1] [S2] [S4] [S6]"
annuitant_revised,M,66,0.00229227,"[std] revised-vintage scenario: the 가입시점 table times 0.85, a one-step lightening of the order the 제9회 -> 제10회 revision produced [R18] [R19] [REG-R33]; drives the 연금사망률 ratchet clause [S1] [S2] [S4] [S6]"
annuitant_revised,M,67,0.00249033,"[std] revised-vintage scenario: the 가입시점 table times 0.85, a one-step lightening of the order the 제9회 -> 제10회 revision produced [R18] [R19] [REG-R33]; drives the 연금사망률 ratchet clause [S1] [S2] [S4] [S6]"
annuitant_revised,M,68,0.00270991,"[std] revised-vintage scenario: the 가입시점 table times 0.85, a one-step lightening of the order the 제9회 -> 제10회 revision produced [R18] [R19] [REG-R33]; drives the 연금사망률 ratchet clause [S1] [S2] [S4] [S6]"
annuitant_revised,M,69,0.00295335,"[std] revised-vintage scenario: the 가입시점 table times 0.85, a one-step lightening of the order the 제9회 -> 제10회 revision produced [R18] [R19] [REG-R33]; drives the 연금사망률 ratchet clause [S1] [S2] [S4] [S6]"
annuitant_revised,M,70,0.00322324,"[std] revised-vintage scenario: the 가입시점 table times 0.85, a one-step lightening of the order the 제9회 -> 제10회 revision produced [R18] [R19] [REG-R33]; drives the 연금사망률 ratchet clause [S1] [S2] [S4] [S6]"
annuitant_revised,M,71,0.00352243,"[std] revised-vintage scenario: the 가입시점 table times 0.85, a one-step lightening of the order the 제9회 -> 제10회 revision produced [R18] [R19] [REG-R33]; drives the 연금사망률 ratchet clause [S1] [S2] [S4] [S6]"
annuitant_revised,M,72,0.00385410,"[std] revised-vintage scenario: the 가입시점 table times 0.85, a one-step lightening of the order the 제9회 -> 제10회 revision produced [R18] [R19] [REG-R33]; drives the 연금사망률 ratchet clause [S1] [S2] [S4] [S6]"
annuitant_revised,M,73,0.00422175,"[std] revised-vintage scenario: the 가입시점 table times 0.85, a one-step lightening of the order the 제9회 -> 제10회 revision produced [R18] [R19] [REG-R33]; drives the 연금사망률 ratchet clause [S1] [S2] [S4] [S6]"
annuitant_revised,M,74,0.00462926,"[std] revised-vintage scenario: the 가입시점 table times 0.85, a one-step lightening of the order the 제9회 -> 제10회 revision produced [R18] [R19] [REG-R33]; drives the 연금사망률 ratchet clause [S1] [S2] [S4] [S6]"
annuitant_revised,M,75,0.00508096,"[std] revised-vintage scenario: the 가입시점 table times 0.85, a one-step lightening of the order the 제9회 -> 제10회 revision produced [R18] [R19] [REG-R33]; drives the 연금사망률 ratchet clause [S1] [S2] [S4] [S6]"
annuitant_revised,M,76,0.00558158,"[std] revised-vintage scenario: the 가입시점 table times 0.85, a one-step lightening of the order the 제9회 -> 제10회 revision produced [R18] [R19] [REG-R33]; drives the 연금사망률 ratchet clause [S1] [S2] [S4] [S6]"
annuitant_revised,M,77,0.00613640,"[std] revised-vintage scenario: the 가입시점 table times 0.85, a one-step lightening of the order the 제9회 -> 제10회 revision produced [R18] [R19] [REG-R33]; drives the 연금사망률 ratchet clause [S1] [S2] [S4] [S6]"
annuitant_revised,M,78,0.00675125,"[std] revised-vintage scenario: the 가입시점 table times 0.85, a one-step lightening of the order the 제9회 -> 제10회 revision produced [R18] [R19] [REG-R33]; drives the 연금사망률 ratchet clause [S1] [S2] [S4] [S6]"
annuitant_revised,M,79,0.00743257,"[std] revised-vintage scenario: the 가입시점 table times 0.85, a one-step lightening of the order the 제9회 -> 제10회 revision produced [R18] [R19] [REG-R33]; drives the 연금사망률 ratchet clause [S1] [S2] [S4] [S6]"
annuitant_revised,M,80,0.00818748,"[std] revised-vintage scenario: the 가입시점 table times 0.85, a one-step lightening of the order the 제9회 -> 제10회 revision produced [R18] [R19] [REG-R33]; drives the 연금사망률 ratchet clause [S1] [S2] [S4] [S6]"
annuitant_revised,M,81,0.00902385,"[std] revised-vintage scenario: the 가입시점 table times 0.85, a one-step lightening of the order the 제9회 -> 제10회 revision produced [R18] [R19] [REG-R33]; drives the 연금사망률 ratchet clause [S1] [S2] [S4] [S6]"
annuitant_revised,M,82,0.00995037,"[std] revised-vintage scenario: the 가입시점 table times 0.85, a one-step lightening of the order the 제9회 -> 제10회 revision produced [R18] [R19] [REG-R33]; drives the 연금사망률 ratchet clause [S1] [S2] [S4] [S6]"
annuitant_revised,M,83,0.01097665,"[std] revised-vintage scenario: the 가입시점 table times 0.85, a one-step lightening of the order the 제9회 -> 제10회 revision produced [R18] [R19] [REG-R33]; drives the 연금사망률 ratchet clause [S1] [S2] [S4] [S6]"
annuitant_revised,M,84,0.01211329,"[std] revised-vintage scenario: the 가입시점 table times 0.85, a one-step lightening of the order the 제9회 -> 제10회 revision produced [R18] [R19] [REG-R33]; drives the 연금사망률 ratchet clause [S1] [S2] [S4] [S6]"
annuitant_revised,M,85,0.01337196,"[std] revised-vintage scenario: the 가입시점 table times 0.85, a one-step lightening of the order the 제9회 -> 제10회 revision produced [R18] [R19] [REG-R33]; drives the 연금사망률 ratchet clause [S1] [S2] [S4] [S6]"
annuitant_revised,M,86,0.01476557,"[std] revised-vintage scenario: the 가입시점 table times 0.85, a one-step lightening of the order the 제9회 -> 제10회 revision produced [R18] [R19] [REG-R33]; drives the 연금사망률 ratchet clause [S1] [S2] [S4] [S6]"
annuitant_revised,M,87,0.01630830,"[std] revised-vintage scenario: the 가입시점 table times 0.85, a one-step lightening of the order the 제9회 -> 제10회 revision produced [R18] [R19] [REG-R33]; drives the 연금사망률 ratchet clause [S1] [S2] [S4] [S6]"
annuitant_revised,M,88,0.01801579,"[std] revised-vintage scenario: the 가입시점 table times 0.85, a one-step lightening of the order the 제9회 -> 제10회 revision produced [R18] [R19] [REG-R33]; drives the 연금사망률 ratchet clause [S1] [S2] [S4] [S6]"
annuitant_revised,M,89,0.01990524,"[std] revised-vintage scenario: the 가입시점 table times 0.85, a one-step lightening of the order the 제9회 -> 제10회 revision produced [R18] [R19] [REG-R33]; drives the 연금사망률 ratchet clause [S1] [S2] [S4] [S6]"
annuitant_revised,M,90,0.02199554,"[std] revised-vintage scenario: the 가입시점 table times 0.85, a one-step lightening of the order the 제9회 -> 제10회 revision produced [R18] [R19] [REG-R33]; drives the 연금사망률 ratchet clause [S1] [S2] [S4] [S6]"
annuitant_revised,M,91,0.02430742,"[std] revised-vintage scenario: the 가입시점 table times 0.85, a one-step lightening of the order the 제9회 -> 제10회 revision produced [R18] [R19] [REG-R33]; drives the 연금사망률 ratchet clause [S1] [S2] [S4] [S6]"
annuitant_revised,M,92,0.02686366,"[std] revised-vintage scenario: the 가입시점 table times 0.85, a one-step lightening of the order the 제9회 -> 제10회 revision produced [R18] [R19] [REG-R33]; drives the 연금사망률 ratchet clause [S1] [S2] [S4] [S6]"
annuitant_revised,M,93,0.02968916,"[std] revised-vintage scenario: the 가입시점 table times 0.85, a one-step lightening of the order the 제9회 -> 제10회 revision produced [R18] [R19] [REG-R33]; drives the 연금사망률 ratchet clause [S1] [S2] [S4] [S6]"
annuitant_revised,M,94,0.03281116,"[std] revised-vintage scenario: the 가입시점 table times 0.85, a one-step lightening of the order the 제9회 -> 제10회 revision produced [R18] [R19] [REG-R33]; drives the 연금사망률 ratchet clause [S1] [S2] [S4] [S6]"
annuitant_revised,M,95,0.03625945,"[std] revised-vintage scenario: the 가입시점 table times 0.85, a one-step lightening of the order the 제9회 -> 제10회 revision produced [R18] [R19] [REG-R33]; drives the 연금사망률 ratchet clause [S1] [S2] [S4] [S6]"
annuitant_revised,M,96,0.04006643,"[std] revised-vintage scenario: the 가입시점 table times 0.85, a one-step lightening of the order the 제9회 -> 제10회 revision produced [R18] [R19] [REG-R33]; drives the 연금사망률 ratchet clause [S1] [S2] [S4] [S6]"
annuitant_revised,M,97,0.04426738,"[std] revised-vintage scenario: the 가입시점 table times 0.85, a one-step lightening of the order the 제9회 -> 제10회 revision produced [R18] [R19] [REG-R33]; drives the 연금사망률 ratchet clause [S1] [S2] [S4] [S6]"
annuitant_revised,M,98,0.04890058,"[std] revised-vintage scenario: the 가입시점 table times 0.85, a one-step lightening of the order the 제9회 -> 제10회 revision produced [R18] [R19] [REG-R33]; drives the 연금사망률 ratchet clause [S1] [S2] [S4] [S6]"
annuitant_revised,M,99,0.05400744,"[std] revised-vintage scenario: the 가입시점 table times 0.85, a one-step lightening of the order the 제9회 -> 제10회 revision produced [R18] [R19] [REG-R33]; drives the 연금사망률 ratchet clause [S1] [S2] [S4] [S6]"
annuitant_revised,M,100,0.05963267,"[std] revised-vintage scenario: the 가입시점 table times 0.85, a one-step lightening of the order the 제9회 -> 제10회 revision produced [R18] [R19] [REG-R33]; drives the 연금사망률 ratchet clause [S1] [S2] [S4] [S6]"
annuitant_revised,M,101,0.06582431,"[std] revised-vintage scenario: the 가입시점 table times 0.85, a one-step lightening of the order the 제9회 -> 제10회 revision produced [R18] [R19] [REG-R33]; drives the 연금사망률 ratchet clause [S1] [S2] [S4] [S6]"
annuitant_revised,M,102,0.07263389,"[std] revised-vintage scenario: the 가입시점 table times 0.85, a one-step lightening of the order the 제9회 -> 제10회 revision produced [R18] [R19] [REG-R33]; drives the 연금사망률 ratchet clause [S1] [S2] [S4] [S6]"
annuitant_revised,M,103,0.08011627,"[std] revised-vintage scenario: the 가입시점 table times 0.85, a one-step lightening of the order the 제9회 -> 제10회 revision produced [R18] [R19] [REG-R33]; drives the 연금사망률 ratchet clause [S1] [S2] [S4] [S6]"
annuitant_revised,M,104,0.08832971,"[std] revised-vintage scenario: the 가입시점 table times 0.85, a one-step lightening of the order the 제9회 -> 제10회 revision produced [R18] [R19] [REG-R33]; drives the 연금사망률 ratchet clause [S1] [S2] [S4] [S6]"
annuitant_revised,M,105,0.09733564,"[std] revised-vintage scenario: the 가입시점 table times 0.85, a one-step lightening of the order the 제9회 -> 제10회 revision produced [R18] [R19] [REG-R33]; drives the 연금사망률 ratchet clause [S1] [S2] [S4] [S6]"
annuitant_revised,M,106,0.10719835,"[std] revised-vintage scenario: the 가입시점 table times 0.85, a one-step lightening of the order the 제9회 -> 제10회 revision produced [R18] [R19] [REG-R33]; drives the 연금사망률 ratchet clause [S1] [S2] [S4] [S6]"
annuitant_revised,M,107,0.11798460,"[std] revised-vintage scenario: the 가입시점 table times 0.85, a one-step lightening of the order the 제9회 -> 제10회 revision produced [R18] [R19] [REG-R33]; drives the 연금사망률 ratchet clause [S1] [S2] [S4] [S6]"
annuitant_revised,M,108,0.12976301,"[std] revised-vintage scenario: the 가입시점 table times 0.85, a one-step lightening of the order the 제9회 -> 제10회 revision produced [R18] [R19] [REG-R33]; drives the 연금사망률 ratchet clause [S1] [S2] [S4] [S6]"
annuitant_revised,M,109,0.14260328,"[std] revised-vintage scenario: the 가입시점 table times 0.85, a one-step lightening of the order the 제9회 -> 제10회 revision produced [R18] [R19] [REG-R33]; drives the 연금사망률 ratchet clause [S1] [S2] [S4] [S6]"
annuitant_revised,M,110,0.15657506,"[std] revised-vintage scenario: the 가입시점 table times 0.85, a one-step lightening of the order the 제9회 -> 제10회 revision produced [R18] [R19] [REG-R33]; drives the 연금사망률 ratchet clause [S1] [S2] [S4] [S6]"
annuitant_revised,M,111,0.17174667,"[std] revised-vintage scenario: the 가입시점 table times 0.85, a one-step lightening of the order the 제9회 -> 제10회 revision produced [R18] [R19] [REG-R33]; drives the 연금사망률 ratchet clause [S1] [S2] [S4] [S6]"
annuitant_revised,M,112,0.18818348,"[std] revised-vintage scenario: the 가입시점 table times 0.85, a one-step lightening of the order the 제9회 -> 제10회 revision produced [R18] [R19] [REG-R33]; drives the 연금사망률 ratchet clause [S1] [S2] [S4] [S6]"
annuitant_revised,M,113,0.20594579,"[std] revised-vintage scenario: the 가입시점 table times 0.85, a one-step lightening of the order the 제9회 -> 제10회 revision produced [R18] [R19] [REG-R33]; drives the 연금사망률 ratchet clause [S1] [S2] [S4] [S6]"
annuitant_revised,M,114,0.22508650,"[std] revised-vintage scenario: the 가입시점 table times 0.85, a one-step lightening of the order the 제9회 -> 제10회 revision produced [R18] [R19] [REG-R33]; drives the 연금사망률 ratchet clause [S1] [S2] [S4] [S6]"
annuitant_revised,M,115,0.24564824,"[std] revised-vintage scenario: the 가입시점 table times 0.85, a one-step lightening of the order the 제9회 -> 제10회 revision produced [R18] [R19] [REG-R33]; drives the 연금사망률 ratchet clause [S1] [S2] [S4] [S6]"
annuitant_revised,M,116,0.26766011,"[std] revised-vintage scenario: the 가입시점 table times 0.85, a one-step lightening of the order the 제9회 -> 제10회 revision produced [R18] [R19] [REG-R33]; drives the 연금사망률 ratchet clause [S1] [S2] [S4] [S6]"
annuitant_revised,M,117,0.29113406,"[std] revised-vintage scenario: the 가입시점 table times 0.85, a one-step lightening of the order the 제9회 -> 제10회 revision produced [R18] [R19] [REG-R33]; drives the 연금사망률 ratchet clause [S1] [S2] [S4] [S6]"
annuitant_revised,M,118,0.31606077,"[std] revised-vintage scenario: the 가입시점 table times 0.85, a one-step lightening of the order the 제9회 -> 제10회 revision produced [R18] [R19] [REG-R33]; drives the 연금사망률 ratchet clause [S1] [S2] [S4] [S6]"
annuitant_revised,M,119,0.34240544,"[std] revised-vintage scenario: the 가입시점 table times 0.85, a one-step lightening of the order the 제9회 -> 제10회 revision produced [R18] [R19] [REG-R33]; drives the 연금사망률 ratchet clause [S1] [S2] [S4] [S6]"
annuitant_revised,M,120,1.00000000,"[std] revised-vintage scenario: the 가입시점 table times 0.85, a one-step lightening of the order the 제9회 -> 제10회 revision produced [R18] [R19] [REG-R33]; drives the 연금사망률 ratchet clause [S1] [S2] [S4] [S6]"
annuitant_revised,F,0,0.00047430,"[std] revised-vintage scenario: the 가입시점 table times 0.85, a one-step lightening of the order the 제9회 -> 제10회 revision produced [R18] [R19] [REG-R33]; drives the 연금사망률 ratchet clause [S1] [S2] [S4] [S6]"
annuitant_revised,F,1,0.00047430,"[std] revised-vintage scenario: the 가입시점 table times 0.85, a one-step lightening of the order the 제9회 -> 제10회 revision produced [R18] [R19] [REG-R33]; drives the 연금사망률 ratchet clause [S1] [S2] [S4] [S6]"
annuitant_revised,F,2,0.00047430,"[std] revised-vintage scenario: the 가입시점 table times 0.85, a one-step lightening of the order the 제9회 -> 제10회 revision produced [R18] [R19] [REG-R33]; drives the 연금사망률 ratchet clause [S1] [S2] [S4] [S6]"
annuitant_revised,F,3,0.00047430,"[std] revised-vintage scenario: the 가입시점 table times 0.85, a one-step lightening of the order the 제9회 -> 제10회 revision produced [R18] [R19] [REG-R33]; drives the 연금사망률 ratchet clause [S1] [S2] [S4] [S6]"
annuitant_revised,F,4,0.00047430,"[std] revised-vintage scenario: the 가입시점 table times 0.85, a one-step lightening of the order the 제9회 -> 제10회 revision produced [R18] [R19] [REG-R33]; drives the 연금사망률 ratchet clause [S1] [S2] [S4] [S6]"
annuitant_revised,F,5,0.00047452,"[std] revised-vintage scenario: the 가입시점 table times 0.85, a one-step lightening of the order the 제9회 -> 제10회 revision produced [R18] [R19] [REG-R33]; drives the 연금사망률 ratchet clause [S1] [S2] [S4] [S6]"
annuitant_revised,F,6,0.00047476,"[std] revised-vintage scenario: the 가입시점 table times 0.85, a one-step lightening of the order the 제9회 -> 제10회 revision produced [R18] [R19] [REG-R33]; drives the 연금사망률 ratchet clause [S1] [S2] [S4] [S6]"
annuitant_revised,F,7,0.00047502,"[std] revised-vintage scenario: the 가입시점 table times 0.85, a one-step lightening of the order the 제9회 -> 제10회 revision produced [R18] [R19] [REG-R33]; drives the 연금사망률 ratchet clause [S1] [S2] [S4] [S6]"
annuitant_revised,F,8,0.00047531,"[std] revised-vintage scenario: the 가입시점 table times 0.85, a one-step lightening of the order the 제9회 -> 제10회 revision produced [R18] [R19] [REG-R33]; drives the 연금사망률 ratchet clause [S1] [S2] [S4] [S6]"
annuitant_revised,F,9,0.00047564,"[std] revised-vintage scenario: the 가입시점 table times 0.85, a one-step lightening of the order the 제9회 -> 제10회 revision produced [R18] [R19] [REG-R33]; drives the 연금사망률 ratchet clause [S1] [S2] [S4] [S6]"
annuitant_revised,F,10,0.00047600,"[std] revised-vintage scenario: the 가입시점 table times 0.85, a one-step lightening of the order the 제9회 -> 제10회 revision produced [R18] [R19] [REG-R33]; drives the 연금사망률 ratchet clause [S1] [S2] [S4] [S6]"
annuitant_revised,F,11,0.00047640,"[std] revised-vintage scenario: the 가입시점 table times 0.85, a one-step lightening of the order the 제9회 -> 제10회 revision produced [R18] [R19] [REG-R33]; drives the 연금사망률 ratchet clause [S1] [S2] [S4] [S6]"
annuitant_revised,F,12,0.00047685,"[std] revised-vintage scenario: the 가입시점 table times 0.85, a one-step lightening of the order the 제9회 -> 제10회 revision produced [R18] [R19] [REG-R33]; drives the 연금사망률 ratchet clause [S1] [S2] [S4] [S6]"
annuitant_revised,F,13,0.00047734,"[std] revised-vintage scenario: the 가입시점 table times 0.85, a one-step lightening of the order the 제9회 -> 제10회 revision produced [R18] [R19] [REG-R33]; drives the 연금사망률 ratchet clause [S1] [S2] [S4] [S6]"
annuitant_revised,F,14,0.00047789,"[std] revised-vintage scenario: the 가입시점 table times 0.85, a one-step lightening of the order the 제9회 -> 제10회 revision produced [R18] [R19] [REG-R33]; drives the 연금사망률 ratchet clause [S1] [S2] [S4] [S6]"
annuitant_revised,F,15,0.00047849,"[std] revised-vintage scenario: the 가입시점 table times 0.85, a one-step lightening of the order the 제9회 -> 제10회 revision produced [R18] [R19] [REG-R33]; drives the 연금사망률 ratchet clause [S1] [S2] [S4] [S6]"
annuitant_revised,F,16,0.00047916,"[std] revised-vintage scenario: the 가입시점 table times 0.85, a one-step lightening of the order the 제9회 -> 제10회 revision produced [R18] [R19] [REG-R33]; drives the 연금사망률 ratchet clause [S1] [S2] [S4] [S6]"
annuitant_revised,F,17,0.00047991,"[std] revised-vintage scenario: the 가입시점 table times 0.85, a one-step lightening of the order the 제9회 -> 제10회 revision produced [R18] [R19] [REG-R33]; drives the 연금사망률 ratchet clause [S1] [S2] [S4] [S6]"
annuitant_revised,F,18,0.00048073,"[std] revised-vintage scenario: the 가입시점 table times 0.85, a one-step lightening of the order the 제9회 -> 제10회 revision produced [R18] [R19] [REG-R33]; drives the 연금사망률 ratchet clause [S1] [S2] [S4] [S6]"
annuitant_revised,F,19,0.00048165,"[std] revised-vintage scenario: the 가입시점 table times 0.85, a one-step lightening of the order the 제9회 -> 제10회 revision produced [R18] [R19] [REG-R33]; drives the 연금사망률 ratchet clause [S1] [S2] [S4] [S6]"
annuitant_revised,F,20,0.00048267,"[std] revised-vintage scenario: the 가입시점 table times 0.85, a one-step lightening of the order the 제9회 -> 제10회 revision produced [R18] [R19] [REG-R33]; drives the 연금사망률 ratchet clause [S1] [S2] [S4] [S6]"
annuitant_revised,F,21,0.00048379,"[std] revised-vintage scenario: the 가입시점 table times 0.85, a one-step lightening of the order the 제9회 -> 제10회 revision produced [R18] [R19] [REG-R33]; drives the 연금사망률 ratchet clause [S1] [S2] [S4] [S6]"
annuitant_revised,F,22,0.00048505,"[std] revised-vintage scenario: the 가입시점 table times 0.85, a one-step lightening of the order the 제9회 -> 제10회 revision produced [R18] [R19] [REG-R33]; drives the 연금사망률 ratchet clause [S1] [S2] [S4] [S6]"
annuitant_revised,F,23,0.00048644,"[std] revised-vintage scenario: the 가입시점 table times 0.85, a one-step lightening of the order the 제9회 -> 제10회 revision produced [R18] [R19] [REG-R33]; drives the 연금사망률 ratchet clause [S1] [S2] [S4] [S6]"
annuitant_revised,F,24,0.00048798,"[std] revised-vintage scenario: the 가입시점 table times 0.85, a one-step lightening of the order the 제9회 -> 제10회 revision produced [R18] [R19] [REG-R33]; drives the 연금사망률 ratchet clause [S1] [S2] [S4] [S6]"
annuitant_revised,F,25,0.00048968,"[std] revised-vintage scenario: the 가입시점 table times 0.85, a one-step lightening of the order the 제9회 -> 제10회 revision produced [R18] [R19] [REG-R33]; drives the 연금사망률 ratchet clause [S1] [S2] [S4] [S6]"
annuitant_revised,F,26,0.00049157,"[std] revised-vintage scenario: the 가입시점 table times 0.85, a one-step lightening of the order the 제9회 -> 제10회 revision produced [R18] [R19] [REG-R33]; drives the 연금사망률 ratchet clause [S1] [S2] [S4] [S6]"
annuitant_revised,F,27,0.00049366,"[std] revised-vintage scenario: the 가입시점 table times 0.85, a one-step lightening of the order the 제9회 -> 제10회 revision produced [R18] [R19] [REG-R33]; drives the 연금사망률 ratchet clause [S1] [S2] [S4] [S6]"
annuitant_revised,F,28,0.00049599,"[std] revised-vintage scenario: the 가입시점 table times 0.85, a one-step lightening of the order the 제9회 -> 제10회 revision produced [R18] [R19] [REG-R33]; drives the 연금사망률 ratchet clause [S1] [S2] [S4] [S6]"
annuitant_revised,F,29,0.00049857,"[std] revised-vintage scenario: the 가입시점 table times 0.85, a one-step lightening of the order the 제9회 -> 제10회 revision produced [R18] [R19] [REG-R33]; drives the 연금사망률 ratchet clause [S1] [S2] [S4] [S6]"
annuitant_revised,F,30,0.00050142,"[std] revised-vintage scenario: the 가입시점 table times 0.85, a one-step lightening of the order the 제9회 -> 제10회 revision produced [R18] [R19] [REG-R33]; drives the 연금사망률 ratchet clause [S1] [S2] [S4] [S6]"
annuitant_revised,F,31,0.00050460,"[std] revised-vintage scenario: the 가입시점 table times 0.85, a one-step lightening of the order the 제9회 -> 제10회 revision produced [R18] [R19] [REG-R33]; drives the 연금사망률 ratchet clause [S1] [S2] [S4] [S6]"
annuitant_revised,F,32,0.00050811,"[std] revised-vintage scenario: the 가입시점 table times 0.85, a one-step lightening of the order the 제9회 -> 제10회 revision produced [R18] [R19] [REG-R33]; drives the 연금사망률 ratchet clause [S1] [S2] [S4] [S6]"
annuitant_revised,F,33,0.00051201,"[std] revised-vintage scenario: the 가입시점 table times 0.85, a one-step lightening of the order the 제9회 -> 제10회 revision produced [R18] [R19] [REG-R33]; drives the 연금사망률 ratchet clause [S1] [S2] [S4] [S6]"
annuitant_revised,F,34,0.00051634,"[std] revised-vintage scenario: the 가입시점 table times 0.85, a one-step lightening of the order the 제9회 -> 제10회 revision produced [R18] [R19] [REG-R33]; drives the 연금사망률 ratchet clause [S1] [S2] [S4] [S6]"
annuitant_revised,F,35,0.00052113,"[std] revised-vintage scenario: the 가입시점 table times 0.85, a one-step lightening of the order the 제9회 -> 제10회 revision produced [R18] [R19] [REG-R33]; drives the 연금사망률 ratchet clause [S1] [S2] [S4] [S6]"
annuitant_revised,F,36,0.00052646,"[std] revised-vintage scenario: the 가입시점 table times 0.85, a one-step lightening of the order the 제9회 -> 제10회 revision produced [R18] [R19] [REG-R33]; drives the 연금사망률 ratchet clause [S1] [S2] [S4] [S6]"
annuitant_revised,F,37,0.00053235,"[std] revised-vintage scenario: the 가입시점 table times 0.85, a one-step lightening of the order the 제9회 -> 제10회 revision produced [R18] [R19] [REG-R33]; drives the 연금사망률 ratchet clause [S1] [S2] [S4] [S6]"
annuitant_revised,F,38,0.00053889,"[std] revised-vintage scenario: the 가입시점 table times 0.85, a one-step lightening of the order the 제9회 -> 제10회 revision produced [R18] [R19] [REG-R33]; drives the 연금사망률 ratchet clause [S1] [S2] [S4] [S6]"
annuitant_revised,F,39,0.00054614,"[std] revised-vintage scenario: the 가입시점 table times 0.85, a one-step lightening of the order the 제9회 -> 제10회 revision produced [R18] [R19] [REG-R33]; drives the 연금사망률 ratchet clause [S1] [S2] [S4] [S6]"
annuitant_revised,F,40,0.00055418,"[std] revised-vintage scenario: the 가입시점 table times 0.85, a one-step lightening of the order the 제9회 -> 제10회 revision produced [R18] [R19] [REG-R33]; drives the 연금사망률 ratchet clause [S1] [S2] [S4] [S6]"
annuitant_revised,F,41,0.00056310,"[std] revised-vintage scenario: the 가입시점 table times 0.85, a one-step lightening of the order the 제9회 -> 제10회 revision produced [R18] [R19] [REG-R33]; drives the 연금사망률 ratchet clause [S1] [S2] [S4] [S6]"
annuitant_revised,F,42,0.00057299,"[std] revised-vintage scenario: the 가입시점 table times 0.85, a one-step lightening of the order the 제9회 -> 제10회 revision produced [R18] [R19] [REG-R33]; drives the 연금사망률 ratchet clause [S1] [S2] [S4] [S6]"
annuitant_revised,F,43,0.00058396,"[std] revised-vintage scenario: the 가입시점 table times 0.85, a one-step lightening of the order the 제9회 -> 제10회 revision produced [R18] [R19] [REG-R33]; drives the 연금사망률 ratchet clause [S1] [S2] [S4] [S6]"
annuitant_revised,F,44,0.00059612,"[std] revised-vintage scenario: the 가입시점 table times 0.85, a one-step lightening of the order the 제9회 -> 제10회 revision produced [R18] [R19] [REG-R33]; drives the 연금사망률 ratchet clause [S1] [S2] [S4] [S6]"
annuitant_revised,F,45,0.00060961,"[std] revised-vintage scenario: the 가입시점 table times 0.85, a one-step lightening of the order the 제9회 -> 제10회 revision produced [R18] [R19] [REG-R33]; drives the 연금사망률 ratchet clause [S1] [S2] [S4] [S6]"
annuitant_revised,F,46,0.00062457,"[std] revised-vintage scenario: the 가입시점 table times 0.85, a one-step lightening of the order the 제9회 -> 제10회 revision produced [R18] [R19] [REG-R33]; drives the 연금사망률 ratchet clause [S1] [S2] [S4] [S6]"
annuitant_revised,F,47,0.00064115,"[std] revised-vintage scenario: the 가입시점 table times 0.85, a one-step lightening of the order the 제9회 -> 제10회 revision produced [R18] [R19] [REG-R33]; drives the 연금사망률 ratchet clause [S1] [S2] [S4] [S6]"
annuitant_revised,F,48,0.00065955,"[std] revised-vintage scenario: the 가입시점 table times 0.85, a one-step lightening of the order the 제9회 -> 제10회 revision produced [R18] [R19] [REG-R33]; drives the 연금사망률 ratchet clause [S1] [S2] [S4] [S6]"
annuitant_revised,F,49,0.00067994,"[std] revised-vintage scenario: the 가입시점 table times 0.85, a one-step lightening of the order the 제9회 -> 제10회 revision produced [R18] [R19] [REG-R33]; drives the 연금사망률 ratchet clause [S1] [S2] [S4] [S6]"
annuitant_revised,F,50,0.00070256,"[std] revised-vintage scenario: the 가입시점 table times 0.85, a one-step lightening of the order the 제9회 -> 제10회 revision produced [R18] [R19] [REG-R33]; drives the 연금사망률 ratchet clause [S1] [S2] [S4] [S6]"
annuitant_revised,F,51,0.00072764,"[std] revised-vintage scenario: the 가입시점 table times 0.85, a one-step lightening of the order the 제9회 -> 제10회 revision produced [R18] [R19] [REG-R33]; drives the 연금사망률 ratchet clause [S1] [S2] [S4] [S6]"
annuitant_revised,F,52,0.00075546,"[std] revised-vintage scenario: the 가입시점 table times 0.85, a one-step lightening of the order the 제9회 -> 제10회 revision produced [R18] [R19] [REG-R33]; drives the 연금사망률 ratchet clause [S1] [S2] [S4] [S6]"
annuitant_revised,F,53,0.00078630,"[std] revised-vintage scenario: the 가입시점 table times 0.85, a one-step lightening of the order the 제9회 -> 제10회 revision produced [R18] [R19] [REG-R33]; drives the 연금사망률 ratchet clause [S1] [S2] [S4] [S6]"
annuitant_revised,F,54,0.00082051,"[std] revised-vintage scenario: the 가입시점 table times 0.85, a one-step lightening of the order the 제9회 -> 제10회 revision produced [R18] [R19] [REG-R33]; drives the 연금사망률 ratchet clause [S1] [S2] [S4] [S6]"
annuitant_revised,F,55,0.00085843,"[std] revised-vintage scenario: the 가입시점 table times 0.85, a one-step lightening of the order the 제9회 -> 제10회 revision produced [R18] [R19] [REG-R33]; drives the 연금사망률 ratchet clause [S1] [S2] [S4] [S6]"
annuitant_revised,F,56,0.00090049,"[std] revised-vintage scenario: the 가입시점 table times 0.85, a one-step lightening of the order the 제9회 -> 제10회 revision produced [R18] [R19] [REG-R33]; drives the 연금사망률 ratchet clause [S1] [S2] [S4] [S6]"
annuitant_revised,F,57,0.00094713,"[std] revised-vintage scenario: the 가입시점 table times 0.85, a one-step lightening of the order the 제9회 -> 제10회 revision produced [R18] [R19] [REG-R33]; drives the 연금사망률 ratchet clause [S1] [S2] [S4] [S6]"
annuitant_revised,F,58,0.00099884,"[std] revised-vintage scenario: the 가입시점 table times 0.85, a one-step lightening of the order the 제9회 -> 제10회 revision produced [R18] [R19] [REG-R33]; drives the 연금사망률 ratchet clause [S1] [S2] [S4] [S6]"
annuitant_revised,F,59,0.00105619,"[std] revised-vintage scenario: the 가입시점 table times 0.85, a one-step lightening of the order the 제9회 -> 제10회 revision produced [R18] [R19] [REG-R33]; drives the 연금사망률 ratchet clause [S1] [S2] [S4] [S6]"
annuitant_revised,F,60,0.00111979,"[std] revised-vintage scenario: the 가입시점 table times 0.85, a one-step lightening of the order the 제9회 -> 제10회 revision produced [R18] [R19] [REG-R33]; drives the 연금사망률 ratchet clause [S1] [S2] [S4] [S6]"
annuitant_revised,F,61,0.00119031,"[std] revised-vintage scenario: the 가입시점 table times 0.85, a one-step lightening of the order the 제9회 -> 제10회 revision produced [R18] [R19] [REG-R33]; drives the 연금사망률 ratchet clause [S1] [S2] [S4] [S6]"
annuitant_revised,F,62,0.00126850,"[std] revised-vintage scenario: the 가입시점 table times 0.85, a one-step lightening of the order the 제9회 -> 제10회 revision produced [R18] [R19] [REG-R33]; drives the 연금사망률 ratchet clause [S1] [S2] [S4] [S6]"
annuitant_revised,F,63,0.00135520,"[std] revised-vintage scenario: the 가입시점 table times 0.85, a one-step lightening of the order the 제9회 -> 제10회 revision produced [R18] [R19] [REG-R33]; drives the 연금사망률 ratchet clause [S1] [S2] [S4] [S6]"
annuitant_revised,F,64,0.00145133,"[std] revised-vintage scenario: the 가입시점 table times 0.85, a one-step lightening of the order the 제9회 -> 제10회 revision produced [R18] [R19] [REG-R33]; drives the 연금사망률 ratchet clause [S1] [S2] [S4] [S6]"
annuitant_revised,F,65,0.00155794,"[std] revised-vintage scenario: the 가입시점 table times 0.85, a one-step lightening of the order the 제9회 -> 제10회 revision produced [R18] [R19] [REG-R33]; drives the 연금사망률 ratchet clause [S1] [S2] [S4] [S6]"
annuitant_revised,F,66,0.00167614,"[std] revised-vintage scenario: the 가입시점 table times 0.85, a one-step lightening of the order the 제9회 -> 제10회 revision produced [R18] [R19] [REG-R33]; drives the 연금사망률 ratchet clause [S1] [S2] [S4] [S6]"
annuitant_revised,F,67,0.00180719,"[std] revised-vintage scenario: the 가입시점 table times 0.85, a one-step lightening of the order the 제9회 -> 제10회 revision produced [R18] [R19] [REG-R33]; drives the 연금사망률 ratchet clause [S1] [S2] [S4] [S6]"
annuitant_revised,F,68,0.00195251,"[std] revised-vintage scenario: the 가입시점 table times 0.85, a one-step lightening of the order the 제9회 -> 제10회 revision produced [R18] [R19] [REG-R33]; drives the 연금사망률 ratchet clause [S1] [S2] [S4] [S6]"
annuitant_revised,F,69,0.00211363,"[std] revised-vintage scenario: the 가입시점 table times 0.85, a one-step lightening of the order the 제9회 -> 제10회 revision produced [R18] [R19] [REG-R33]; drives the 연금사망률 ratchet clause [S1] [S2] [S4] [S6]"
annuitant_revised,F,70,0.00229227,"[std] revised-vintage scenario: the 가입시점 table times 0.85, a one-step lightening of the order the 제9회 -> 제10회 revision produced [R18] [R19] [REG-R33]; drives the 연금사망률 ratchet clause [S1] [S2] [S4] [S6]"
annuitant_revised,F,71,0.00249033,"[std] revised-vintage scenario: the 가입시점 table times 0.85, a one-step lightening of the order the 제9회 -> 제10회 revision produced [R18] [R19] [REG-R33]; drives the 연금사망률 ratchet clause [S1] [S2] [S4] [S6]"
annuitant_revised,F,72,0.00270991,"[std] revised-vintage scenario: the 가입시점 table times 0.85, a one-step lightening of the order the 제9회 -> 제10회 revision produced [R18] [R19] [REG-R33]; drives the 연금사망률 ratchet clause [S1] [S2] [S4] [S6]"
annuitant_revised,F,73,0.00295335,"[std] revised-vintage scenario: the 가입시점 table times 0.85, a one-step lightening of the order the 제9회 -> 제10회 revision produced [R18] [R19] [REG-R33]; drives the 연금사망률 ratchet clause [S1] [S2] [S4] [S6]"
annuitant_revised,F,74,0.00322324,"[std] revised-vintage scenario: the 가입시점 table times 0.85, a one-step lightening of the order the 제9회 -> 제10회 revision produced [R18] [R19] [REG-R33]; drives the 연금사망률 ratchet clause [S1] [S2] [S4] [S6]"
annuitant_revised,F,75,0.00352243,"[std] revised-vintage scenario: the 가입시점 table times 0.85, a one-step lightening of the order the 제9회 -> 제10회 revision produced [R18] [R19] [REG-R33]; drives the 연금사망률 ratchet clause [S1] [S2] [S4] [S6]"
annuitant_revised,F,76,0.00385410,"[std] revised-vintage scenario: the 가입시점 table times 0.85, a one-step lightening of the order the 제9회 -> 제10회 revision produced [R18] [R19] [REG-R33]; drives the 연금사망률 ratchet clause [S1] [S2] [S4] [S6]"
annuitant_revised,F,77,0.00422175,"[std] revised-vintage scenario: the 가입시점 table times 0.85, a one-step lightening of the order the 제9회 -> 제10회 revision produced [R18] [R19] [REG-R33]; drives the 연금사망률 ratchet clause [S1] [S2] [S4] [S6]"
annuitant_revised,F,78,0.00462926,"[std] revised-vintage scenario: the 가입시점 table times 0.85, a one-step lightening of the order the 제9회 -> 제10회 revision produced [R18] [R19] [REG-R33]; drives the 연금사망률 ratchet clause [S1] [S2] [S4] [S6]"
annuitant_revised,F,79,0.00508096,"[std] revised-vintage scenario: the 가입시점 table times 0.85, a one-step lightening of the order the 제9회 -> 제10회 revision produced [R18] [R19] [REG-R33]; drives the 연금사망률 ratchet clause [S1] [S2] [S4] [S6]"
annuitant_revised,F,80,0.00558158,"[std] revised-vintage scenario: the 가입시점 table times 0.85, a one-step lightening of the order the 제9회 -> 제10회 revision produced [R18] [R19] [REG-R33]; drives the 연금사망률 ratchet clause [S1] [S2] [S4] [S6]"
annuitant_revised,F,81,0.00613640,"[std] revised-vintage scenario: the 가입시점 table times 0.85, a one-step lightening of the order the 제9회 -> 제10회 revision produced [R18] [R19] [REG-R33]; drives the 연금사망률 ratchet clause [S1] [S2] [S4] [S6]"
annuitant_revised,F,82,0.00675125,"[std] revised-vintage scenario: the 가입시점 table times 0.85, a one-step lightening of the order the 제9회 -> 제10회 revision produced [R18] [R19] [REG-R33]; drives the 연금사망률 ratchet clause [S1] [S2] [S4] [S6]"
annuitant_revised,F,83,0.00743257,"[std] revised-vintage scenario: the 가입시점 table times 0.85, a one-step lightening of the order the 제9회 -> 제10회 revision produced [R18] [R19] [REG-R33]; drives the 연금사망률 ratchet clause [S1] [S2] [S4] [S6]"
annuitant_revised,F,84,0.00818748,"[std] revised-vintage scenario: the 가입시점 table times 0.85, a one-step lightening of the order the 제9회 -> 제10회 revision produced [R18] [R19] [REG-R33]; drives the 연금사망률 ratchet clause [S1] [S2] [S4] [S6]"
annuitant_revised,F,85,0.00902385,"[std] revised-vintage scenario: the 가입시점 table times 0.85, a one-step lightening of the order the 제9회 -> 제10회 revision produced [R18] [R19] [REG-R33]; drives the 연금사망률 ratchet clause [S1] [S2] [S4] [S6]"
annuitant_revised,F,86,0.00995037,"[std] revised-vintage scenario: the 가입시점 table times 0.85, a one-step lightening of the order the 제9회 -> 제10회 revision produced [R18] [R19] [REG-R33]; drives the 연금사망률 ratchet clause [S1] [S2] [S4] [S6]"
annuitant_revised,F,87,0.01097665,"[std] revised-vintage scenario: the 가입시점 table times 0.85, a one-step lightening of the order the 제9회 -> 제10회 revision produced [R18] [R19] [REG-R33]; drives the 연금사망률 ratchet clause [S1] [S2] [S4] [S6]"
annuitant_revised,F,88,0.01211329,"[std] revised-vintage scenario: the 가입시점 table times 0.85, a one-step lightening of the order the 제9회 -> 제10회 revision produced [R18] [R19] [REG-R33]; drives the 연금사망률 ratchet clause [S1] [S2] [S4] [S6]"
annuitant_revised,F,89,0.01337196,"[std] revised-vintage scenario: the 가입시점 table times 0.85, a one-step lightening of the order the 제9회 -> 제10회 revision produced [R18] [R19] [REG-R33]; drives the 연금사망률 ratchet clause [S1] [S2] [S4] [S6]"
annuitant_revised,F,90,0.01476557,"[std] revised-vintage scenario: the 가입시점 table times 0.85, a one-step lightening of the order the 제9회 -> 제10회 revision produced [R18] [R19] [REG-R33]; drives the 연금사망률 ratchet clause [S1] [S2] [S4] [S6]"
annuitant_revised,F,91,0.01630830,"[std] revised-vintage scenario: the 가입시점 table times 0.85, a one-step lightening of the order the 제9회 -> 제10회 revision produced [R18] [R19] [REG-R33]; drives the 연금사망률 ratchet clause [S1] [S2] [S4] [S6]"
annuitant_revised,F,92,0.01801579,"[std] revised-vintage scenario: the 가입시점 table times 0.85, a one-step lightening of the order the 제9회 -> 제10회 revision produced [R18] [R19] [REG-R33]; drives the 연금사망률 ratchet clause [S1] [S2] [S4] [S6]"
annuitant_revised,F,93,0.01990524,"[std] revised-vintage scenario: the 가입시점 table times 0.85, a one-step lightening of the order the 제9회 -> 제10회 revision produced [R18] [R19] [REG-R33]; drives the 연금사망률 ratchet clause [S1] [S2] [S4] [S6]"
annuitant_revised,F,94,0.02199554,"[std] revised-vintage scenario: the 가입시점 table times 0.85, a one-step lightening of the order the 제9회 -> 제10회 revision produced [R18] [R19] [REG-R33]; drives the 연금사망률 ratchet clause [S1] [S2] [S4] [S6]"
annuitant_revised,F,95,0.02430742,"[std] revised-vintage scenario: the 가입시점 table times 0.85, a one-step lightening of the order the 제9회 -> 제10회 revision produced [R18] [R19] [REG-R33]; drives the 연금사망률 ratchet clause [S1] [S2] [S4] [S6]"
annuitant_revised,F,96,0.02686366,"[std] revised-vintage scenario: the 가입시점 table times 0.85, a one-step lightening of the order the 제9회 -> 제10회 revision produced [R18] [R19] [REG-R33]; drives the 연금사망률 ratchet clause [S1] [S2] [S4] [S6]"
annuitant_revised,F,97,0.02968916,"[std] revised-vintage scenario: the 가입시점 table times 0.85, a one-step lightening of the order the 제9회 -> 제10회 revision produced [R18] [R19] [REG-R33]; drives the 연금사망률 ratchet clause [S1] [S2] [S4] [S6]"
annuitant_revised,F,98,0.03281116,"[std] revised-vintage scenario: the 가입시점 table times 0.85, a one-step lightening of the order the 제9회 -> 제10회 revision produced [R18] [R19] [REG-R33]; drives the 연금사망률 ratchet clause [S1] [S2] [S4] [S6]"
annuitant_revised,F,99,0.03625945,"[std] revised-vintage scenario: the 가입시점 table times 0.85, a one-step lightening of the order the 제9회 -> 제10회 revision produced [R18] [R19] [REG-R33]; drives the 연금사망률 ratchet clause [S1] [S2] [S4] [S6]"
annuitant_revised,F,100,0.04006643,"[std] revised-vintage scenario: the 가입시점 table times 0.85, a one-step lightening of the order the 제9회 -> 제10회 revision produced [R18] [R19] [REG-R33]; drives the 연금사망률 ratchet clause [S1] [S2] [S4] [S6]"
annuitant_revised,F,101,0.04426738,"[std] revised-vintage scenario: the 가입시점 table times 0.85, a one-step lightening of the order the 제9회 -> 제10회 revision produced [R18] [R19] [REG-R33]; drives the 연금사망률 ratchet clause [S1] [S2] [S4] [S6]"
annuitant_revised,F,102,0.04890058,"[std] revised-vintage scenario: the 가입시점 table times 0.85, a one-step lightening of the order the 제9회 -> 제10회 revision produced [R18] [R19] [REG-R33]; drives the 연금사망률 ratchet clause [S1] [S2] [S4] [S6]"
annuitant_revised,F,103,0.05400744,"[std] revised-vintage scenario: the 가입시점 table times 0.85, a one-step lightening of the order the 제9회 -> 제10회 revision produced [R18] [R19] [REG-R33]; drives the 연금사망률 ratchet clause [S1] [S2] [S4] [S6]"
annuitant_revised,F,104,0.05963267,"[std] revised-vintage scenario: the 가입시점 table times 0.85, a one-step lightening of the order the 제9회 -> 제10회 revision produced [R18] [R19] [REG-R33]; drives the 연금사망률 ratchet clause [S1] [S2] [S4] [S6]"
annuitant_revised,F,105,0.06582431,"[std] revised-vintage scenario: the 가입시점 table times 0.85, a one-step lightening of the order the 제9회 -> 제10회 revision produced [R18] [R19] [REG-R33]; drives the 연금사망률 ratchet clause [S1] [S2] [S4] [S6]"
annuitant_revised,F,106,0.07263389,"[std] revised-vintage scenario: the 가입시점 table times 0.85, a one-step lightening of the order the 제9회 -> 제10회 revision produced [R18] [R19] [REG-R33]; drives the 연금사망률 ratchet clause [S1] [S2] [S4] [S6]"
annuitant_revised,F,107,0.08011627,"[std] revised-vintage scenario: the 가입시점 table times 0.85, a one-step lightening of the order the 제9회 -> 제10회 revision produced [R18] [R19] [REG-R33]; drives the 연금사망률 ratchet clause [S1] [S2] [S4] [S6]"
annuitant_revised,F,108,0.08832971,"[std] revised-vintage scenario: the 가입시점 table times 0.85, a one-step lightening of the order the 제9회 -> 제10회 revision produced [R18] [R19] [REG-R33]; drives the 연금사망률 ratchet clause [S1] [S2] [S4] [S6]"
annuitant_revised,F,109,0.09733564,"[std] revised-vintage scenario: the 가입시점 table times 0.85, a one-step lightening of the order the 제9회 -> 제10회 revision produced [R18] [R19] [REG-R33]; drives the 연금사망률 ratchet clause [S1] [S2] [S4] [S6]"
annuitant_revised,F,110,0.10719835,"[std] revised-vintage scenario: the 가입시점 table times 0.85, a one-step lightening of the order the 제9회 -> 제10회 revision produced [R18] [R19] [REG-R33]; drives the 연금사망률 ratchet clause [S1] [S2] [S4] [S6]"
annuitant_revised,F,111,0.11798460,"[std] revised-vintage scenario: the 가입시점 table times 0.85, a one-step lightening of the order the 제9회 -> 제10회 revision produced [R18] [R19] [REG-R33]; drives the 연금사망률 ratchet clause [S1] [S2] [S4] [S6]"
annuitant_revised,F,112,0.12976301,"[std] revised-vintage scenario: the 가입시점 table times 0.85, a one-step lightening of the order the 제9회 -> 제10회 revision produced [R18] [R19] [REG-R33]; drives the 연금사망률 ratchet clause [S1] [S2] [S4] [S6]"
annuitant_revised,F,113,0.14260328,"[std] revised-vintage scenario: the 가입시점 table times 0.85, a one-step lightening of the order the 제9회 -> 제10회 revision produced [R18] [R19] [REG-R33]; drives the 연금사망률 ratchet clause [S1] [S2] [S4] [S6]"
annuitant_revised,F,114,0.15657506,"[std] revised-vintage scenario: the 가입시점 table times 0.85, a one-step lightening of the order the 제9회 -> 제10회 revision produced [R18] [R19] [REG-R33]; drives the 연금사망률 ratchet clause [S1] [S2] [S4] [S6]"
annuitant_revised,F,115,0.17174667,"[std] revised-vintage scenario: the 가입시점 table times 0.85, a one-step lightening of the order the 제9회 -> 제10회 revision produced [R18] [R19] [REG-R33]; drives the 연금사망률 ratchet clause [S1] [S2] [S4] [S6]"
annuitant_revised,F,116,0.18818348,"[std] revised-vintage scenario: the 가입시점 table times 0.85, a one-step lightening of the order the 제9회 -> 제10회 revision produced [R18] [R19] [REG-R33]; drives the 연금사망률 ratchet clause [S1] [S2] [S4] [S6]"
annuitant_revised,F,117,0.20594579,"[std] revised-vintage scenario: the 가입시점 table times 0.85, a one-step lightening of the order the 제9회 -> 제10회 revision produced [R18] [R19] [REG-R33]; drives the 연금사망률 ratchet clause [S1] [S2] [S4] [S6]"
annuitant_revised,F,118,0.22508650,"[std] revised-vintage scenario: the 가입시점 table times 0.85, a one-step lightening of the order the 제9회 -> 제10회 revision produced [R18] [R19] [REG-R33]; drives the 연금사망률 ratchet clause [S1] [S2] [S4] [S6]"
annuitant_revised,F,119,0.24564824,"[std] revised-vintage scenario: the 가입시점 table times 0.85, a one-step lightening of the order the 제9회 -> 제10회 revision produced [R18] [R19] [REG-R33]; drives the 연금사망률 ratchet clause [S1] [S2] [S4] [S6]"
annuitant_revised,F,120,1.00000000,"[std] revised-vintage scenario: the 가입시점 table times 0.85, a one-step lightening of the order the 제9회 -> 제10회 revision produced [R18] [R19] [REG-R33]; drives the 연금사망률 ratchet clause [S1] [S2] [S4] [S6]"
